facility_id,facility_type,month,electricity_cost,water_cost,hvac_cost,maintenance_cost,security_cost,cleaning_cost,staffing_cost,vendor_cost,occupancy_rate,energy_consumption_kwh,maintenance_events,equipment_downtime_hours,security_incidents,water_consumption_liters,budget_allocated,total_operational_cost,cost_variance,cost_per_occupant,vendor_count,potential_savings,recommended_action,priority,roi_percentage
FAC-007,University,2026-03,172165.85,2001188.4,63765.47,46336.85,94202.23,1589407.27,4626650.6,195943.92,52.43,23709.81,4,7.01,2,28983995.63,9086783.77,8725895.12,360888.64,1589.13,5,203127.58,Energy optimization; Space/resource optimization,Low,179.58
FAC-018,Hospital,2026-02,202697.79,1489115.1,82008.38,56216.25,161698.46,1933125.92,5635892.25,160345.94,72.07,26850.33,11,7.43,1,32109924.18,8907151.77,9639091.71,-731939.94,1233.72,11,31445.92,Energy optimization; Predictive maintenance,Low,387.98
FAC-019,University,2025-03,279555.14,1198737.85,87511.69,156998.22,78935.77,1279352.63,4146585.81,113809.26,70.96,25824.54,13,21.89,4,24556045.51,7266542.6,7253974.69,12567.91,1171.51,5,40437.35,Energy optimization; Predictive maintenance,Low,248.13
FAC-013,IT Park,2025-04,261470.34,740870.11,83881.44,200906.21,97077.87,758871.67,2478823.56,200925.47,72.1,34980.6,12,24.33,1,13786806.03,4660622.96,4738945.24,-78322.27,1370.83,7,25364.75,Energy optimization; Predictive maintenance,Low,152.95
FAC-020,IT Park,2026-05,68431.21,294314.94,22955.62,53418.84,153090.39,527819.66,1219922.88,93525.77,67.74,8262.86,3,1.16,2,4241914.47,2653772.85,2410523.69,243249.15,1515.1,3,86178.06,Routine monitoring,Low,218.38
FAC-004,Corporate Office,2025-03,268609.96,833768.28,91877.0,108332.65,205004.14,1299017.75,2705814.42,172527.86,73.99,26752.37,9,10.98,5,15624503.72,5293188.92,5593075.06,-299886.14,1741.85,10,37050.98,Energy optimization; Vendor consolidation,Low,155.07
FAC-022,IT Park,2025-09,173373.02,2235046.99,60093.25,67713.6,68369.37,1334816.87,5520455.52,286502.64,57.48,17471.22,6,2.55,3,31345097.4,11311622.68,9686278.01,1625344.67,1614.65,7,9215.21,Energy optimization,Low,154.15
FAC-003,Hospital,2026-08,105081.73,382452.38,42884.15,63828.17,110001.11,418257.01,628220.28,272366.61,59.47,12110.25,4,2.88,2,4855395.99,2156427.16,1980207.28,176219.88,1547.04,9,46332.66,Energy optimization; Vendor consolidation,Low,95.5
FAC-023,Corporate Office,2025-02,271209.62,546975.62,105728.92,70791.44,119310.97,827330.26,4140667.43,244587.66,98.0,28079.16,6,1.08,5,11764452.95,5817327.05,6220873.0,-403545.95,1399.21,9,55108.75,Energy optimization; Vendor consolidation,Low,329.45
FAC-025,University,2026-09,494560.48,665403.8,136978.36,35446.78,148054.2,958520.79,2485753.35,198061.87,97.88,48084.78,2,6.58,0,9837214.04,5410214.37,4985801.28,424413.09,1368.6,7,16405.2,Energy optimization,Low,202.01
FAC-026,Hospital,2025-01,603003.54,3661725.44,232856.68,186943.6,88826.08,1863215.33,7469809.11,134481.57,81.62,53604.45,12,35.08,3,51971698.14,15964468.8,14008004.68,1956464.13,1423.58,9,55504.89,Energy optimization; Predictive maintenance,Low,314.32
FAC-021,IT Park,2025-11,133527.69,2978419.75,55866.1,234117.19,173258.37,2491133.61,6007099.63,150446.09,79.38,17122.28,14,24.07,0,38543925.22,12946301.74,12168002.32,778299.42,1551.45,7,39852.09,Energy optimization; Predictive maintenance,Low,111.21
FAC-007,Corporate Office,2025-10,650458.55,1012732.01,246820.92,32893.8,188061.86,1839915.1,5858630.92,338167.02,38.74,75818.82,6,19.73,2,19967244.7,10097723.31,9920859.27,176864.04,1450.21,9,297473.32,Energy optimization; Space/resource optimization,Low,186.96
FAC-026,IT Park,2025-03,194756.52,1940671.91,71237.4,135861.48,87511.86,2115109.63,4030638.84,194036.64,88.21,18632.75,8,1.36,3,25955753.94,8638135.44,8698586.88,-60451.44,1723.17,5,18799.61,Energy optimization,Low,95.47
FAC-012,Corporate Office,2026-09,195081.11,2261812.84,81476.76,164926.45,211565.42,1839245.36,4463699.27,186139.22,65.79,20265.11,12,4.03,5,26934105.39,10964849.91,9322469.66,1642380.25,967.36,3,40825.8,Energy optimization; Predictive maintenance,Low,104.0
FAC-017,Hospital,2025-02,228620.92,4353886.85,78742.39,173796.89,80925.95,2744474.38,7527105.08,215356.89,66.48,21450.53,10,10.75,3,51303394.26,16333169.46,15324166.96,1009002.5,1702.31,4,36590.37,Energy optimization; Predictive maintenance,Low,305.01
FAC-015,IT Park,2025-05,779719.33,1478420.84,206992.37,102269.43,83867.46,1272121.62,2678550.86,174699.64,71.27,80082.96,12,22.98,5,22002725.03,7042921.37,6569649.18,473272.19,1360.18,5,60072.06,Energy optimization; Predictive maintenance,Low,125.34
FAC-025,Hospital,2025-03,441397.15,961496.77,112735.83,62381.03,116925.23,1358956.0,2371857.92,127647.91,69.06,41259.56,10,14.35,1,16322902.13,6063876.36,5440662.02,623214.34,1212.27,3,23368.2,Energy optimization; Predictive maintenance,Low,203.34
FAC-022,Corporate Office,2026-11,170110.15,140007.73,52769.01,76290.16,148858.21,179881.21,410832.35,215106.97,73.6,16398.89,7,4.14,4,1756935.55,1357964.55,1341086.77,16877.78,2019.71,6,16850.44,Energy optimization,Low,142.71
FAC-001,Corporate Office,2026-09,111358.58,476984.73,29358.55,91326.18,73441.03,474861.89,1410879.41,168672.4,58.89,13444.35,13,9.96,2,5898121.6,2852444.4,2807524.22,44920.18,1473.77,6,16458.31,Energy optimization; Predictive maintenance,Low,155.02
FAC-002,IT Park,2025-02,65338.69,372432.64,26659.49,394854.71,145051.29,627307.88,853653.12,347088.73,83.49,7162.69,23,43.22,0,6317264.76,3183194.15,2805727.07,377467.08,1708.73,11,56108.94,Predictive maintenance; Vendor consolidation,Low,137.07
FAC-030,IT Park,2026-01,605975.67,2626825.22,188101.89,89505.75,175663.93,3542513.33,4919303.13,190153.74,75.74,64267.12,8,11.04,6,38573368.59,12764666.66,12149940.76,614725.89,1238.53,6,49718.65,Energy optimization; Security process optimization,Low,191.43
FAC-013,University,2026-07,427973.91,292703.39,140606.97,127546.32,156040.35,382262.84,575212.59,116111.73,57.17,38597.84,10,3.78,2,4795738.78,1967941.55,2077851.13,-109909.57,1901.05,12,64402.72,Energy optimization; Predictive maintenance,Low,253.9
FAC-026,Hospital,2026-10,342082.42,888158.77,97475.89,226204.93,184675.07,1010699.65,1689904.12,245351.76,50.71,35137.54,14,6.14,4,11878546.68,4912543.43,4587076.71,325466.72,1446.11,7,154607.66,Energy optimization; Predictive maintenance,Low,281.22
FAC-020,IT Park,2026-08,305078.69,2295321.2,86908.91,31858.2,93865.12,3595629.09,5623570.6,332036.57,98.0,29405.68,3,5.85,3,28364552.73,13851254.83,12277359.47,1573895.37,1389.94,12,77864.19,Energy optimization; Vendor consolidation,Low,98.63
FAC-008,Corporate Office,2026-11,458085.55,1425501.13,133458.31,93032.44,75737.1,1971438.98,6539471.76,239486.92,69.38,46097.32,11,11.18,1,29105131.93,10898601.45,10802753.89,95847.56,1224.94,4,30245.23,Energy optimization; Predictive maintenance,Low,145.94
FAC-012,Hospital,2025-05,313771.93,1557128.51,104301.65,157020.86,84829.55,2626312.5,4247922.23,266347.13,63.03,27441.64,14,18.82,1,29781960.15,10529439.56,9253332.71,1276106.85,1253.33,11,65472.6,Energy optimization; Predictive maintenance,Low,208.78
FAC-022,University,2026-07,54500.33,1585882.94,18872.85,87901.65,62376.83,1730734.73,4598424.94,174442.64,59.44,6336.86,7,2.22,1,27878818.74,7798424.57,8294264.06,-495839.49,1432.52,12,10507.37,Vendor consolidation,Low,85.63
FAC-006,IT Park,2026-07,150924.8,1529833.05,57205.95,88341.24,186025.47,1288774.18,2662216.41,197572.84,71.05,13342.28,17,61.07,1,21681929.5,5798340.76,6103687.98,-305347.21,1390.36,7,20426.77,Energy optimization; Predictive maintenance,Low,117.03
FAC-020,Hospital,2026-06,196740.89,185935.81,60552.66,75873.81,72761.03,169185.66,811038.66,245177.41,69.35,26084.13,5,3.91,3,2552255.96,2071978.08,1756713.28,315264.8,1922.01,4,10732.18,Energy optimization,Low,113.44
FAC-029,Corporate Office,2025-12,336605.71,93180.77,104443.96,22339.28,121205.16,134528.29,526099.92,230886.16,61.76,32619.61,3,0.83,6,1885526.51,1435510.52,1464845.29,-29334.77,2565.4,8,18285.14,Energy optimization; Security process optimization,Low,277.0
FAC-003,Hospital,2025-05,763963.66,302992.91,242452.38,164488.17,87315.1,419999.62,903971.47,308564.94,51.1,68364.34,14,10.16,3,5831742.59,3279348.02,2951295.87,328052.15,2876.51,11,111541.8,Energy optimization; Predictive maintenance,Low,360.67
FAC-018,Corporate Office,2026-04,139944.15,1905555.45,43260.6,191794.24,186524.15,1440951.03,4546765.59,229280.18,76.86,15273.34,12,15.94,9,24434195.66,9089632.62,8640814.79,448817.84,1561.69,4,29990.61,Energy optimization; Predictive maintenance,Low,84.02
FAC-017,Corporate Office,2025-02,177083.46,464475.62,54562.65,145571.14,134418.24,508643.67,1224325.04,217764.42,72.28,16987.03,17,21.59,2,5561271.57,2928978.1,2872281.59,56696.51,2197.61,6,25363.41,Energy optimization; Predictive maintenance,Low,202.9
FAC-019,Corporate Office,2026-11,593653.14,2261139.81,201601.1,178406.07,114622.49,3519152.03,8183924.54,115061.79,73.72,52772.14,11,6.88,6,28561143.98,15202674.2,14965959.87,236714.33,1504.87,5,80042.33,Energy optimization; Predictive maintenance,Low,277.45
FAC-017,Corporate Office,2025-08,521304.07,539645.01,211933.11,155911.37,157187.83,1137631.4,1792701.79,178965.56,78.24,53096.81,14,9.13,1,11655136.23,5260857.88,4483347.04,777510.84,1139.93,4,60020.42,Energy optimization; Predictive maintenance,Low,115.07
FAC-028,University,2025-08,143321.49,1165221.02,47985.61,64327.15,62916.63,1403305.61,3453891.59,101763.74,93.21,17717.63,13,7.08,0,22982743.88,7465247.03,6394747.21,1070499.82,1574.29,4,14527.38,Energy optimization; Predictive maintenance,Low,144.99
FAC-009,Corporate Office,2025-09,536429.84,2737327.33,208413.86,93747.88,106545.65,1816795.38,4284258.79,179951.72,68.53,52522.21,7,3.29,5,46729607.95,11411493.92,9755056.6,1656437.32,1059.53,3,39250.99,Energy optimization; Security process optimization,Low,138.06
FAC-028,IT Park,2026-08,363586.78,323376.85,128365.07,134784.03,109607.3,573258.42,1003377.75,279557.85,60.59,37691.98,9,22.35,3,5316896.12,2633587.05,2787548.98,-153961.93,1385.46,10,66380.41,Energy optimization; Predictive maintenance,Low,99.88
FAC-005,IT Park,2025-08,335610.66,1060536.8,113557.75,111274.11,90029.39,2263672.82,6760545.55,86378.64,66.22,41627.54,7,13.77,3,20477511.62,12451398.53,10708047.97,1743350.57,1454.5,3,17495.69,Energy optimization,Low,164.88
FAC-014,University,2026-08,324552.17,1013614.5,129024.45,113539.44,161000.91,820574.07,1204386.05,355501.78,85.12,46217.82,7,9.54,4,14364308.24,4297282.61,3993168.93,304113.68,1542.36,10,81836.36,Energy optimization; Vendor consolidation,Low,130.71
FAC-009,Corporate Office,2025-02,696106.24,352940.42,241126.17,251444.44,108347.09,240421.18,697219.17,276516.27,58.89,78824.54,17,40.89,4,4625971.32,2716239.81,2622994.81,93244.99,3001.14,11,70180.17,Energy optimization; Predictive maintenance,Low,135.35
FAC-002,IT Park,2025-03,569799.83,1044728.59,179277.97,153134.7,64349.98,1636052.19,4011387.21,149758.05,50.81,62230.23,9,16.78,1,17812960.65,8442372.27,7629210.55,813161.73,1126.75,5,274644.57,Energy optimization; Space/resource optimization,Low,104.87
FAC-030,Corporate Office,2025-12,160979.33,1945529.92,65360.49,76077.71,97365.65,2614885.37,6437316.58,189749.39,71.94,19328.15,5,6.68,4,37121960.01,12469043.91,11521903.95,947139.96,1567.18,9,32435.97,Energy optimization; Vendor consolidation,Low,286.39
FAC-003,Hospital,2025-01,75146.06,2731142.66,21749.6,61293.78,92628.43,2427367.48,4436568.22,203929.2,98.0,7599.05,11,18.2,1,40843854.89,9408162.42,10028075.83,-619913.41,1095.61,3,6988.52,Predictive maintenance,Low,239.1
FAC-008,University,2026-10,487837.07,445399.38,152059.07,183007.45,121127.32,801957.72,1749365.85,158217.04,90.8,62093.74,14,7.99,4,7406158.43,4649642.54,3946911.82,702730.72,1446.82,9,88138.31,Energy optimization; Predictive maintenance,Low,161.55
FAC-006,Corporate Office,2025-08,243856.62,291437.33,73530.53,67254.04,204238.38,489929.79,1108659.97,215708.1,70.26,23182.21,6,8.82,5,6274700.09,2426999.21,2621084.22,-194085.01,1997.78,6,16765.91,Energy optimization; Security process optimization,Low,86.89
FAC-018,University,2025-02,498040.14,1917219.67,151394.41,134871.92,167452.05,839973.29,3425069.94,107190.22,98.0,65304.82,9,2.34,3,24525250.49,7961850.66,7089817.23,872033.43,1555.13,9,38026.01,Energy optimization; Vendor consolidation,Low,82.41
FAC-029,University,2026-03,138033.77,900970.01,36879.56,58075.3,81054.91,1502565.55,4645349.4,237756.66,68.51,18066.96,5,1.37,2,15770245.84,7447556.47,7563805.6,-116249.13,1406.43,7,5433.87,Energy optimization,Low,188.6
FAC-006,Corporate Office,2025-10,285886.6,2319653.32,102056.03,16182.52,161729.15,2789852.74,7093359.2,228958.94,80.77,29216.02,2,9.66,0,29597934.64,15070053.57,12895622.47,2174431.1,1555.0,6,11241.1,Energy optimization,Low,324.17
FAC-024,IT Park,2025-01,141743.09,263127.55,54259.11,137583.75,72183.99,294544.79,741277.86,138118.89,49.69,17166.09,13,3.67,3,4773519.41,1988457.61,1788579.92,199877.69,2053.48,5,43743.86,Energy optimization; Predictive maintenance,Low,112.26
FAC-007,University,2026-07,262892.18,1437366.96,69395.43,73664.6,198820.91,2318568.8,8708022.57,268062.74,64.14,25182.02,12,3.74,3,31357678.85,14002408.9,13267398.77,735010.14,1432.15,8,24068.97,Energy optimization; Predictive maintenance,Low,364.45
FAC-017,Hospital,2026-11,225680.14,1183659.96,66924.21,127821.23,75172.8,2194894.02,3557105.81,112791.82,89.02,23817.44,16,6.26,5,22962575.42,7057557.57,7477125.78,-419568.22,1228.98,4,36833.98,Energy optimization; Predictive maintenance,Low,212.66
FAC-022,IT Park,2025-01,283883.86,3397805.87,101678.55,58035.85,169119.31,1632383.5,7479441.39,196402.37,83.9,29749.11,8,7.66,3,42508218.25,14735473.53,13217072.14,1518401.38,1467.59,8,23592.83,Energy optimization,Low,128.61
FAC-016,Corporate Office,2026-11,618485.95,2248170.68,247798.43,51798.36,135597.11,2415179.57,5771889.15,180851.25,56.09,71440.21,9,2.49,2,30428862.14,10576318.17,11421972.07,-845653.9,1487.62,4,32499.93,Energy optimization,Low,136.53
FAC-019,Corporate Office,2026-01,465990.18,284994.65,146082.63,25627.46,155482.67,302198.8,689614.28,215798.56,85.68,58657.25,3,8.53,2,4330444.91,2170050.23,2139706.59,30343.64,2544.24,12,38404.47,Energy optimization; Vendor consolidation,Low,379.69
FAC-030,IT Park,2025-06,110317.58,1776695.12,43946.57,186528.69,159976.05,3475759.6,4111288.86,185716.02,77.78,9820.8,13,14.27,2,28570535.73,9848327.65,10006281.93,-157954.29,1179.15,12,40482.52,Energy optimization; Predictive maintenance,Low,114.69
FAC-010,Hospital,2025-06,81238.78,1543573.04,27662.74,124232.58,126835.15,2333799.38,4259326.75,116572.89,92.81,11156.2,7,1.86,1,30523604.74,9505970.54,8585578.57,920391.97,1520.38,11,11867.0,Vendor consolidation,Low,332.72
FAC-022,IT Park,2026-05,354729.59,176646.55,121459.94,79931.5,90625.59,226067.41,722343.66,89862.37,60.59,34598.77,7,11.96,3,2409471.46,1899441.89,1740206.66,159235.24,1995.65,8,14655.08,Energy optimization,Low,245.52
FAC-029,IT Park,2026-05,248458.74,869389.82,83141.28,106902.89,154258.78,617783.02,2120036.77,203930.56,96.8,27340.14,7,10.11,2,13064087.32,4544719.81,4320760.58,223959.22,1790.62,5,17856.2,Energy optimization,Low,372.4
FAC-008,Hospital,2026-04,75529.29,2056296.93,29200.58,148666.35,168677.82,2820332.72,7329825.22,309321.28,87.16,7731.65,9,21.62,1,25608749.64,13417365.96,12908649.62,508716.34,1417.91,11,46598.89,Predictive maintenance; Vendor consolidation,Low,104.13
FAC-028,IT Park,2026-04,530382.92,1105492.72,163967.9,189600.66,81854.18,1669198.15,5124660.63,268819.28,98.0,71164.94,12,16.42,3,21813677.2,10091226.51,8970008.55,1121217.96,1359.3,6,55015.34,Energy optimization; Predictive maintenance,Low,93.23
FAC-027,Corporate Office,2025-02,223041.5,1800932.67,92797.77,58713.94,101923.53,1733203.18,6205524.82,277471.64,64.38,20480.31,4,4.0,2,29907865.2,9829795.94,10400811.28,-571015.33,1485.62,10,27460.39,Energy optimization; Vendor consolidation,Low,174.67
FAC-025,Hospital,2026-09,460406.94,127631.53,161532.7,123678.92,99733.61,115806.74,293978.76,227647.81,78.51,41616.72,10,18.36,5,1779774.61,1594579.93,1448884.3,145695.63,4261.42,10,60957.92,Energy optimization; Predictive maintenance,Low,213.2
FAC-020,IT Park,2025-08,559475.02,2725455.82,152394.22,69521.08,122156.82,2666502.63,5953522.02,57322.11,58.91,53032.77,9,10.88,3,37823580.79,11297679.62,12153955.51,-856275.89,1466.81,3,21014.89,Energy optimization,Low,213.87
FAC-021,IT Park,2025-10,135518.12,1486622.85,41832.81,90683.75,116323.27,1315451.32,3271840.89,351281.94,61.43,18333.28,15,18.65,2,30000338.59,7420497.28,6767722.13,652775.15,1013.74,11,38849.35,Energy optimization; Predictive maintenance,Low,136.61
FAC-022,Corporate Office,2025-07,310628.89,262789.62,99943.55,69243.27,162316.45,716466.55,1660415.17,209275.88,59.39,33035.6,5,9.89,2,5779627.18,3633166.87,3391135.82,242031.04,1758.89,11,42525.23,Energy optimization; Vendor consolidation,Low,123.74
FAC-001,IT Park,2025-02,443339.99,2562457.34,122476.29,38034.06,144744.21,2412365.33,3772755.61,232260.18,86.02,58016.09,3,1.15,2,43553209.05,8934874.63,9605956.72,-671082.1,1180.82,5,14260.88,Energy optimization,Low,197.8
FAC-010,IT Park,2025-06,440982.4,1755983.31,181907.98,157542.74,74148.93,1722047.6,3843093.42,182006.18,56.72,53120.16,10,32.25,1,35370400.99,8760995.57,8175804.58,585190.99,1244.79,9,80123.75,Energy optimization; Predictive maintenance,Low,266.89
FAC-029,Hospital,2026-06,668221.59,1883659.31,171537.91,193894.7,157867.78,2945027.75,6772967.3,219680.24,98.0,68234.81,12,17.5,2,30978431.32,13336410.73,12841318.67,495092.06,1319.9,4,62158.99,Energy optimization; Predictive maintenance,Low,145.7
FAC-007,Hospital,2026-04,216532.68,911081.35,56432.27,142186.03,116613.12,534049.82,1201227.42,389241.21,67.59,24123.05,13,22.73,3,11286429.94,3413219.83,3510931.64,-97711.81,1623.18,11,53403.14,Energy optimization; Predictive maintenance,Low,364.13
FAC-004,Hospital,2025-01,232749.89,1586743.87,91658.45,26955.66,154111.75,895206.61,4207401.29,125388.09,70.73,22251.1,5,4.96,0,20976290.3,7591158.29,7228557.17,362601.12,1593.6,8,19927.13,Energy optimization,Low,123.47
FAC-028,Corporate Office,2026-01,597266.29,506380.01,176342.01,28143.51,116624.84,899865.58,1455983.9,244519.45,57.57,67825.87,4,4.09,7,9910911.34,3699613.5,3848783.59,-149170.09,1348.09,9,96989.76,Energy optimization; Vendor consolidation,Low,238.94
FAC-017,IT Park,2026-05,257274.19,455288.02,64485.62,100705.39,143457.39,575832.32,1616244.68,205026.86,48.64,25269.05,6,8.1,1,5794419.1,3307211.17,3353828.85,-46617.69,1590.25,10,80814.09,Energy optimization; Space/resource optimization,Low,307.56
FAC-004,University,2025-09,456079.24,1388246.5,143879.51,209246.9,147065.82,2885251.75,6050772.0,194543.7,70.71,39667.35,13,32.73,1,21376439.19,12215216.17,11331205.89,884010.28,1526.71,8,36430.71,Energy optimization; Predictive maintenance,Low,133.6
FAC-018,University,2025-06,311264.12,2415619.5,93024.28,30894.87,62889.57,3878402.72,6691446.72,246215.32,76.83,30487.9,5,1.39,3,29967267.66,13493351.9,13636732.82,-143380.92,1445.95,8,14127.15,Energy optimization,Low,306.45
FAC-012,Corporate Office,2026-09,61340.68,457010.61,23397.43,14455.6,96326.39,915783.91,2546949.05,264824.28,52.13,7485.02,3,6.3,5,8055556.51,5129804.04,4356690.52,773113.52,1409.02,9,103324.43,Space/resource optimization; Vendor consolidation,Low,134.96
FAC-028,University,2026-05,287827.11,2392679.57,85473.24,259347.54,152121.22,3210227.89,5560604.88,177260.41,68.71,26089.4,15,22.79,2,41535334.7,14075597.19,12040068.62,2035528.57,1512.76,11,58056.51,Energy optimization; Predictive maintenance,Low,128.38
FAC-005,University,2026-10,446048.09,1792149.57,177024.65,82527.47,46915.66,2366534.81,4174894.07,215614.78,53.56,57102.3,12,11.41,0,26575964.17,10713292.53,9124684.45,1588608.07,1371.51,3,273674.63,Energy optimization; Predictive maintenance,Low,121.53
FAC-015,Corporate Office,2025-11,518144.65,743668.86,130332.31,48798.28,162484.69,1087711.59,3281234.57,101426.49,47.15,49477.54,8,8.83,3,16350075.17,5893796.38,5943469.13,-49672.76,1498.23,5,200440.47,Energy optimization; Space/resource optimization,Low,198.32
FAC-021,IT Park,2025-04,751247.44,637528.88,295066.52,96839.06,119812.74,942572.58,1600808.84,274140.64,61.19,68618.98,8,6.78,2,13829029.75,4695277.86,4422950.18,272327.68,1797.22,6,33289.47,Energy optimization,Low,245.59
FAC-016,IT Park,2025-07,353185.5,1239492.73,136982.77,179568.64,77214.13,876613.6,3205837.79,222671.88,47.54,31440.29,11,19.53,2,20194912.98,5983152.42,6154584.27,-171431.85,1263.78,8,106969.2,Energy optimization; Predictive maintenance,Low,96.48
FAC-022,University,2025-12,259423.84,719635.43,96284.02,50032.38,67625.49,1148280.18,2117911.04,209228.35,84.7,29142.75,9,25.14,4,12404982.53,5134465.1,4572136.72,562328.38,1291.56,11,56910.76,Energy optimization; Predictive maintenance,Low,180.05
FAC-002,University,2025-07,332331.45,2951969.62,98566.91,108791.84,88168.52,1400704.52,6146179.41,131627.39,43.92,32820.66,9,13.68,5,37146815.49,12312203.01,11159772.75,1152430.26,1455.94,4,182432.02,Energy optimization; Space/resource optimization,Low,358.54
FAC-001,IT Park,2026-04,402161.53,339248.31,109545.4,137296.79,147340.42,404932.18,771367.46,191877.58,78.91,37939.71,9,16.11,4,5574044.45,2410631.86,2394224.27,16407.6,1843.13,7,32691.28,Energy optimization,Low,192.75
FAC-022,Corporate Office,2025-01,551411.63,59336.19,172904.26,234203.0,82303.08,144935.69,168829.19,314922.72,62.51,54679.14,16,6.43,0,1255435.68,1477302.52,1555941.5,-78638.98,4458.29,12,102195.89,Energy optimization; Predictive maintenance,Medium,187.39
FAC-027,IT Park,2025-07,495131.42,1610882.33,205306.91,62935.51,183538.68,2238633.11,5254482.99,153805.2,75.29,60320.08,5,5.27,2,22602453.26,10753302.23,9999409.24,753893.0,1528.73,8,44872.12,Energy optimization,Low,88.2
FAC-026,IT Park,2026-09,323074.27,2451938.02,83541.55,142973.0,180397.49,3382588.93,7970851.97,198952.18,70.6,30841.37,10,17.99,5,40905044.36,13513202.91,14650775.85,-1137572.94,1618.69,6,49450.1,Energy optimization; Predictive maintenance,Low,251.24
FAC-020,Corporate Office,2025-07,217961.73,1353031.03,55076.37,66973.58,97042.79,2160145.49,7219278.48,212921.89,68.94,19632.93,6,11.25,2,22840268.24,12006614.6,11327354.98,679259.63,1310.73,3,10640.84,Energy optimization,Low,203.99
FAC-022,Hospital,2026-06,197421.07,868129.65,63706.24,66778.75,80703.48,700634.48,1931365.49,262763.8,63.34,20071.05,6,6.85,4,11856708.97,4661884.7,4107796.72,554087.98,1154.52,7,12088.9,Energy optimization,Low,107.45
FAC-001,IT Park,2026-12,482828.1,1907100.81,147526.31,163130.56,64443.77,762880.98,3421206.18,228777.82,41.12,57581.8,12,45.52,1,22945988.82,7457505.97,7030368.22,427137.75,1663.21,8,135084.83,Energy optimization; Predictive maintenance,Low,96.63
FAC-026,IT Park,2026-07,48120.1,1537528.3,13826.07,222428.84,129888.31,2432990.43,3803325.4,202313.56,52.17,6628.3,16,4.13,4,28279952.96,8155666.85,8376594.94,-220928.09,1120.17,9,375676.27,Predictive maintenance; Space/resource optimization,Low,164.74
FAC-021,University,2026-05,461192.73,1582153.39,169966.5,140115.54,120446.39,734888.0,2361763.93,119705.87,41.68,45144.66,12,10.32,3,21307699.53,5637545.47,5520265.85,117279.62,1380.07,4,93531.76,Energy optimization; Predictive maintenance,Low,134.24
FAC-013,IT Park,2026-01,580482.5,2114977.59,166841.66,32002.12,180110.02,3161042.54,6013063.21,57763.6,64.15,50532.45,7,12.2,4,36561902.66,13419440.39,12139441.57,1279998.81,1431.37,3,33124.31,Energy optimization,Low,131.55
FAC-028,IT Park,2026-05,366546.39,2629191.34,117494.65,178492.99,140775.74,2634768.57,6735819.94,300215.1,52.07,38839.73,11,16.18,4,45903747.61,14095542.51,12985810.07,1109732.44,1397.07,11,253968.28,Energy optimization; Predictive maintenance,Low,261.6
FAC-004,Hospital,2025-10,573675.08,4087875.51,218870.03,131954.12,144920.75,1918176.82,7800006.42,134935.41,50.8,63201.98,8,1.8,6,53458409.74,13973256.12,14791544.11,-818287.99,1562.6,3,225291.12,Energy optimization; Space/resource optimization,Low,107.33
FAC-010,Corporate Office,2025-03,582783.73,2833588.26,185920.84,22814.16,104354.08,1316693.4,5150302.86,181472.82,64.37,51458.94,2,2.35,1,35883122.25,10408079.12,10192009.31,216069.81,1522.1,5,26820.45,Energy optimization,Low,144.56
FAC-024,IT Park,2025-02,478189.93,1382975.51,172347.55,204700.15,152332.1,969088.96,1696528.54,236041.13,83.59,60131.81,15,16.0,2,16416169.09,5261139.48,5119856.32,141283.16,1773.42,5,32281.58,Energy optimization; Predictive maintenance,Low,148.2
FAC-017,Hospital,2026-02,372378.09,1802679.81,143915.89,123595.04,65040.44,967227.89,3638281.97,167392.24,58.86,38217.56,15,6.56,3,22956412.37,7672995.33,7136595.48,536399.86,1477.86,6,42490.59,Energy optimization; Predictive maintenance,Low,127.68
FAC-027,University,2026-12,192253.16,1391981.96,67772.45,167373.18,123413.11,2408600.13,2890344.87,261733.35,63.62,24328.18,17,14.52,5,19160512.42,7161810.77,7435699.76,-273888.99,1253.91,7,19442.19,Energy optimization; Predictive maintenance,Low,266.91
FAC-008,Corporate Office,2026-12,163974.07,210662.35,46861.52,96848.1,142075.78,281929.14,466088.22,283178.49,55.91,19069.11,8,8.76,3,4434754.59,1819015.57,1644756.16,174259.41,1733.15,9,35448.16,Energy optimization; Vendor consolidation,Low,274.88
FAC-025,IT Park,2026-07,410119.92,2796048.95,171514.9,132275.3,123622.94,1861348.76,6149777.46,324550.9,56.12,48751.6,12,38.11,6,35571185.35,12089404.72,11797744.23,291660.49,1407.85,11,107190.41,Energy optimization; Predictive maintenance,Low,306.37
FAC-024,Corporate Office,2025-03,259235.29,3300987.27,89984.27,44674.81,177844.05,2380354.96,5941781.88,185195.41,66.95,31287.13,6,9.62,2,39392637.81,11944370.89,12290073.68,-345702.79,1706.72,8,13111.2,Energy optimization,Low,253.38
FAC-027,Corporate Office,2026-02,357912.76,157283.55,135755.55,102433.95,135451.08,234181.62,325628.63,186377.68,54.31,32279.42,8,5.58,3,2470992.36,1510306.64,1499269.27,11037.37,2441.81,5,52224.79,Energy optimization; Space/resource optimization,Low,92.22
FAC-008,Corporate Office,2025-12,310462.27,1111346.57,88740.32,90910.51,94257.3,684425.16,2769076.1,152815.33,52.46,42823.19,16,37.03,1,15639413.94,5196976.58,5213293.24,-16316.67,1446.93,3,101652.13,Energy optimization; Predictive maintenance,Low,209.94
FAC-017,Corporate Office,2026-01,224798.43,3067643.96,68118.31,73714.52,165541.07,3191061.48,6901403.43,391208.0,56.54,22086.47,7,3.08,3,36258700.9,14579093.03,14015370.9,563722.13,1743.86,12,53586.39,Energy optimization; Vendor consolidation,Low,121.73
FAC-023,Hospital,2026-08,121928.9,1013357.51,42997.68,294501.97,107282.94,482875.31,1414154.52,316327.11,72.18,13577.43,17,7.99,2,12266939.04,4250941.9,3750428.26,500513.64,1482.38,9,89966.66,Energy optimization; Predictive maintenance,Low,194.26
FAC-025,Hospital,2025-08,181354.7,823688.77,48180.24,211730.6,170879.15,1066302.75,2523002.07,274434.41,67.47,24361.49,13,27.84,5,13852435.75,5140565.09,5251392.45,-110827.37,1057.04,11,68593.93,Energy optimization; Predictive maintenance,Low,104.82
FAC-017,Corporate Office,2025-03,111676.11,1109284.07,36779.17,173699.89,162127.97,2420916.46,3489628.89,147637.02,72.45,13174.31,13,0.88,4,22924997.06,8867234.24,7614970.41,1252263.83,1065.78,5,17953.37,Energy optimization; Predictive maintenance,Low,183.0
FAC-007,Corporate Office,2025-01,177464.45,1237402.69,50911.45,35155.51,122625.3,1329820.37,3079854.7,146006.56,58.78,18894.32,4,17.13,3,22047664.39,6882424.25,6128329.59,754094.66,1179.66,12,25512.6,Energy optimization; Vendor consolidation,Low,95.02
FAC-023,Hospital,2025-06,201452.54,632344.13,65218.44,104477.43,113915.66,820823.49,1067672.75,125176.7,70.25,26916.81,10,15.32,1,9725514.56,2978500.43,3065862.69,-87362.27,1566.61,3,21462.21,Energy optimization; Predictive maintenance,Low,188.23
FAC-020,IT Park,2025-02,222714.11,2006949.33,70561.99,51021.78,50317.9,2116184.58,3582276.74,391462.96,62.88,21398.82,3,4.2,0,41495811.34,8434095.16,8420927.41,13167.75,1091.5,12,61346.55,Energy optimization; Vendor consolidation,Low,205.4
FAC-004,Hospital,2025-02,580729.43,1291002.68,195845.85,17141.61,129571.7,1290560.03,3216747.55,158051.99,60.9,60826.42,3,2.12,0,25676974.92,6917389.45,6683804.98,233584.47,1279.93,9,46735.06,Energy optimization; Vendor consolidation,Low,159.42
FAC-019,Corporate Office,2026-09,99343.6,1112146.44,30933.88,82959.07,84342.26,2499512.5,5197496.4,80458.79,55.99,12914.26,5,1.75,1,19957057.56,9986368.47,9156259.06,830109.41,1385.63,6,238562.39,Routine monitoring,Low,337.24
FAC-004,Corporate Office,2025-02,325436.32,474964.72,116650.48,202672.75,102999.09,310172.74,734666.69,202642.26,78.86,37915.84,18,70.22,0,7275440.14,2189832.15,2353554.58,-163722.43,1601.06,9,78391.4,Energy optimization; Predictive maintenance,Low,265.48
FAC-010,University,2025-10,237669.39,2286504.04,64875.1,43059.6,96765.96,1994133.84,9126978.71,263041.69,54.65,28651.29,4,2.41,5,27365936.07,13385929.88,14048153.22,-662223.34,1459.85,12,275308.78,Energy optimization; Space/resource optimization,Low,171.04
FAC-002,IT Park,2025-04,575934.4,373197.67,200465.38,168831.19,130010.32,676872.33,1445977.38,201968.4,63.18,50770.57,10,12.89,2,4629361.14,3826855.8,3572791.69,254064.11,2090.57,3,48714.29,Energy optimization; Predictive maintenance,Low,337.48
FAC-005,University,2025-08,312274.08,2245023.06,122515.96,32788.42,65232.63,2320978.13,5068264.68,152290.91,56.83,43424.99,7,3.36,1,27679352.94,10836265.16,10196851.9,639413.26,1733.86,7,17674.26,Energy optimization,Low,142.43
FAC-028,Corporate Office,2025-08,496733.15,1494256.98,129740.74,209352.15,138982.12,3004004.77,5339551.15,217167.06,53.12,43590.0,13,1.99,4,30805615.34,10556983.47,10900047.37,-343063.9,1353.37,5,315507.57,Energy optimization; Predictive maintenance,Low,140.39
FAC-022,Corporate Office,2025-08,284357.08,1620451.27,108384.71,127197.14,83480.55,2572039.13,4286196.1,245510.79,64.4,34383.42,11,11.66,2,28877942.3,10870461.7,9219232.06,1651229.65,1113.84,10,61644.33,Energy optimization; Predictive maintenance,Low,88.84
FAC-005,Corporate Office,2026-12,318498.12,648544.16,113633.86,140684.23,76108.63,663229.95,1113009.05,131850.54,65.7,29629.33,16,30.94,3,7751965.39,3554634.71,3091924.67,462710.04,1397.8,6,31285.98,Energy optimization; Predictive maintenance,Low,132.08
FAC-022,University,2025-06,404732.14,1889571.1,134031.4,73655.13,125938.42,2592465.84,4918348.77,292299.19,38.5,40801.9,11,6.23,1,37008838.62,9685500.73,10297010.59,-611509.87,1546.1,10,297109.51,Energy optimization; Predictive maintenance,Low,299.66
FAC-015,Hospital,2025-04,385406.76,1347749.84,101605.46,171351.53,186819.95,1472525.99,2314636.45,207609.18,62.94,37065.11,10,15.17,3,17248427.87,6202024.56,6086099.7,115924.86,1551.78,7,31873.73,Energy optimization; Predictive maintenance,Low,93.86
FAC-012,University,2025-01,90642.85,982046.16,26022.62,65708.54,155647.29,1836064.17,2943618.12,247706.57,32.55,11067.34,14,14.44,0,20577460.63,6843494.3,6321433.71,522060.59,1270.64,12,154667.75,Predictive maintenance; Space/resource optimization,Low,250.32
FAC-003,Corporate Office,2026-03,560075.03,159427.6,185191.01,7984.4,124501.26,285413.42,601299.61,65242.37,69.7,51027.05,1,6.46,4,3021378.25,1719168.34,1803943.69,-84775.35,2031.47,3,21635.62,Energy optimization,Low,162.13
FAC-009,Corporate Office,2026-11,51806.16,1591855.79,18873.31,55602.58,128366.43,3191852.1,5032463.84,188188.95,68.12,4635.39,5,8.06,0,28206378.75,11667368.22,10240135.86,1427232.36,1029.99,4,202218.97,Routine monitoring,Low,126.99
FAC-014,Hospital,2025-12,733429.74,681179.33,284409.09,42391.12,156006.68,1408927.37,2547346.46,182714.46,68.8,75183.15,8,17.62,2,12903337.85,6292665.16,5751995.17,540669.99,1160.14,11,65448.8,Energy optimization; Vendor consolidation,Low,207.47
FAC-011,IT Park,2026-03,429381.73,519941.19,161527.45,37787.75,88988.95,669978.21,1327901.11,127038.11,89.5,45242.73,6,10.7,2,9735944.64,3032053.76,3201017.03,-168963.28,1429.03,8,16746.64,Energy optimization,Low,149.47
FAC-001,Corporate Office,2026-06,237337.05,2309347.08,70451.42,93473.41,160910.63,3449108.85,8159289.08,170073.39,88.53,31376.4,9,14.4,1,32671675.51,14930634.3,14579539.49,351094.81,1494.42,11,31048.29,Energy optimization; Vendor consolidation,Low,134.04
FAC-009,IT Park,2025-04,481387.17,2330761.58,174606.17,104703.05,92128.49,3128973.09,5234785.67,325217.81,60.05,43811.18,14,19.86,2,34487075.19,13206716.77,11697956.86,1508759.91,1354.87,10,58213.46,Energy optimization; Predictive maintenance,Low,96.0
FAC-025,Corporate Office,2026-08,65983.07,1135706.25,22154.31,62711.83,117050.62,1171407.03,2974207.77,188531.23,64.82,6417.4,9,13.52,2,21318722.66,6634742.25,5715597.81,919144.44,1169.31,6,206558.6,Routine monitoring,Low,110.62
FAC-004,Corporate Office,2026-12,543720.57,1299520.02,157307.92,23042.73,171697.24,2218473.15,4018587.86,255367.53,71.74,64142.8,3,2.84,6,18105650.56,9731196.28,8530409.1,1200787.18,1281.23,9,62574.06,Energy optimization; Vendor consolidation,Low,155.03
FAC-018,IT Park,2025-05,632155.97,2468341.49,234274.54,57067.85,71508.25,1900383.93,5738007.41,142054.43,66.47,69666.41,7,8.26,3,31571530.92,11452920.25,11009519.32,443400.93,1799.53,11,30691.56,Energy optimization; Vendor consolidation,Low,189.39
FAC-014,Hospital,2026-10,624049.81,1166634.78,224837.04,45030.65,176892.95,1341560.91,2412815.54,103772.56,70.62,59248.3,10,8.43,4,14993352.96,6536779.53,5870757.21,666022.32,1239.86,6,53087.99,Energy optimization; Predictive maintenance,Low,116.32
FAC-028,Hospital,2026-04,317162.56,1838299.65,97689.73,63958.98,103495.83,2372506.87,3898210.08,258918.46,49.13,44201.93,11,14.47,1,23844271.41,10334143.8,8852552.44,1481591.36,1404.94,10,208311.86,Energy optimization; Predictive maintenance,Low,351.47
FAC-028,IT Park,2026-10,146852.24,593435.74,38216.62,33306.38,144095.87,999959.84,2237078.44,388855.64,68.25,17305.85,6,9.4,4,7138122.14,4895897.35,4543584.15,352313.2,1837.28,11,67072.55,Energy optimization; Vendor consolidation,Low,87.48
FAC-014,IT Park,2025-07,277355.8,95672.11,104205.28,35262.18,84326.06,122647.61,156700.46,277118.28,61.45,33032.75,7,6.64,3,1244796.69,1134333.84,1049082.5,85251.33,3485.32,9,47473.75,Energy optimization; Vendor consolidation,Low,113.32
FAC-003,Corporate Office,2025-02,644300.5,1058418.67,168636.82,92244.13,167810.85,624879.72,2700497.53,192320.71,57.61,58606.82,7,4.82,4,13686909.33,6025297.85,5480472.11,544825.74,1809.93,11,46196.77,Energy optimization; Vendor consolidation,Low,141.88
FAC-011,Corporate Office,2025-09,72267.87,148326.51,18141.26,99815.29,123681.35,230539.45,584875.38,237659.86,58.06,8664.28,11,4.84,4,1821453.38,1620386.32,1497165.7,123220.62,2328.41,11,32052.43,Predictive maintenance; Vendor consolidation,Low,91.93
FAC-019,IT Park,2025-01,174776.79,1264461.29,67283.64,83072.91,141825.65,1463504.52,2939822.75,278341.75,47.32,19524.59,16,24.16,3,21240664.33,5882470.41,6345805.66,-463335.26,1560.32,12,193589.71,Energy optimization; Predictive maintenance,Low,141.19
FAC-012,IT Park,2025-12,52857.99,619749.69,13222.97,74457.9,128270.51,1280809.04,2562045.15,247664.24,73.31,5866.42,5,8.83,5,11640852.49,4835840.18,4965854.52,-130014.33,1253.69,9,39160.06,Vendor consolidation; Security process optimization,Low,208.04
FAC-005,Corporate Office,2025-03,610798.32,140917.66,206494.49,129257.56,124690.76,170412.19,705518.68,132212.48,89.39,81050.95,16,19.74,1,2495931.36,1944116.53,2013807.65,-69691.11,2414.64,5,64233.73,Energy optimization; Predictive maintenance,Low,94.39
FAC-018,University,2025-02,382124.04,1271343.88,97139.76,107583.54,165609.64,1370001.18,4467914.7,140075.53,71.37,48821.07,7,16.61,0,19714278.78,7963495.39,7904652.5,58842.89,1437.21,8,36086.84,Energy optimization,Low,389.71
FAC-017,University,2025-06,281989.79,1777581.46,91070.13,36860.72,52120.43,1746499.51,3962074.52,264218.07,68.31,28881.04,3,14.86,0,27627969.72,7683980.13,8121344.5,-437364.37,968.67,10,48370.14,Energy optimization; Vendor consolidation,Low,99.49
FAC-029,IT Park,2026-02,629831.55,488367.66,263808.15,192497.98,71039.16,683243.18,1233692.27,228424.8,68.4,57353.16,14,17.41,1,7983820.96,3746008.81,3527096.6,218912.21,1448.5,4,46138.6,Energy optimization; Predictive maintenance,Low,100.72
FAC-027,Corporate Office,2025-12,184461.29,1089834.79,58473.37,141049.16,95681.35,1490128.82,3973833.39,115788.75,42.44,16965.07,12,22.58,1,23993521.03,7918110.22,7090777.56,827332.66,1400.51,5,188284.56,Energy optimization; Predictive maintenance,Low,367.03
FAC-029,IT Park,2026-01,108002.43,205789.04,41120.89,62796.55,188819.19,339715.6,1046928.71,388127.81,76.83,13600.71,4,9.91,4,3872480.97,2172709.73,2340179.33,-167469.6,1789.13,10,40352.71,Energy optimization; Vendor consolidation,Low,194.38
FAC-022,Corporate Office,2025-12,127644.78,894539.49,45557.49,69301.65,93849.53,1453893.03,2181575.76,317834.47,69.12,14973.59,11,19.09,2,16395343.89,4930283.14,5138638.72,-208355.58,1199.22,10,49640.64,Energy optimization; Predictive maintenance,Low,124.53
FAC-009,IT Park,2026-11,134594.58,1515135.0,40758.15,99585.73,104996.96,1856608.53,3773952.64,111247.73,46.1,12711.66,15,25.72,1,20198236.79,8401302.91,7596121.17,805181.74,1560.74,4,114794.79,Energy optimization; Predictive maintenance,Low,341.78
FAC-027,Hospital,2025-05,270195.78,1134310.85,100146.48,30188.31,114580.61,944284.0,1547804.56,155707.61,73.31,34612.8,6,2.98,1,17887327.81,4526422.37,4197071.72,329350.65,1256.98,6,18857.03,Energy optimization,Low,109.56
FAC-004,IT Park,2025-10,246285.22,971132.72,63685.97,211072.81,65559.33,898246.59,3826935.86,385584.02,81.75,21883.9,15,13.19,4,11808528.4,6651501.74,6604816.54,46685.19,1527.13,10,70356.26,Energy optimization; Predictive maintenance,Low,106.72
FAC-019,University,2026-10,200057.36,1132320.28,74948.94,119714.53,93784.09,1361161.87,2777265.29,210132.6,68.64,24518.8,12,19.71,3,15571741.1,6728380.47,5894436.02,833944.46,1501.77,11,55025.04,Energy optimization; Predictive maintenance,Low,375.89
FAC-009,University,2026-12,344408.32,152416.34,101374.65,97306.35,116944.77,278651.81,410694.31,219769.41,42.21,42665.43,6,12.13,2,2338386.99,1637192.8,1620191.31,17001.49,2256.53,5,72790.52,Energy optimization; Space/resource optimization,Low,181.53
FAC-012,Corporate Office,2026-02,127806.9,1234538.94,36128.95,125479.26,169899.01,1210104.18,2693508.96,121914.48,66.15,15178.34,10,7.43,2,21347967.55,5943106.84,5683251.74,259855.1,1090.63,12,33279.39,Energy optimization; Predictive maintenance,Low,332.25
FAC-024,Corporate Office,2025-06,530452.42,151509.49,159962.23,57350.81,132005.48,147124.83,479117.18,79298.55,52.01,48566.73,10,11.44,0,2413500.52,1585750.06,1576858.77,8891.29,2527.02,4,60752.09,Energy optimization; Predictive maintenance,Low,106.58
FAC-003,Hospital,2025-12,506245.28,305154.95,175467.48,77994.16,92757.02,389252.28,690233.88,121602.59,77.54,45534.08,7,2.91,1,4064834.44,2181214.57,2183240.18,-2025.61,1634.16,3,37197.61,Energy optimization,Low,227.19
FAC-022,University,2026-03,529981.48,1102864.62,140177.78,134317.85,136271.74,1033092.89,3831367.13,172696.48,90.32,49854.89,13,14.53,3,14148385.64,7545861.33,6940592.19,605269.14,1640.03,7,42677.11,Energy optimization; Predictive maintenance,Low,261.07
FAC-007,Corporate Office,2026-09,359639.49,605340.85,106729.06,38661.6,152396.84,940925.78,2635475.61,307793.57,70.04,35270.59,8,13.37,6,8132277.61,4915703.24,5040233.73,-124530.49,1800.08,11,42143.87,Energy optimization; Vendor consolidation,Low,104.6
FAC-009,IT Park,2025-06,364198.67,823194.05,113046.64,113899.82,133840.14,1372392.01,2350698.3,282107.77,71.67,32013.08,13,2.1,1,12839397.59,6047335.0,5440330.76,607004.24,1561.07,9,56715.91,Energy optimization; Predictive maintenance,Low,89.33
FAC-008,Corporate Office,2026-09,140296.61,2070680.19,48107.85,49741.12,130150.71,2319812.4,5608894.23,299909.47,75.73,12994.3,4,8.88,1,35278163.26,10488916.13,10619484.74,-130568.6,1182.97,10,51899.33,Energy optimization; Vendor consolidation,Low,127.05
FAC-010,Corporate Office,2025-04,613805.03,106526.03,189273.63,49456.61,123258.6,233425.38,545941.03,211722.45,52.65,62704.41,10,22.78,5,1626018.6,2049828.34,1884135.14,165693.2,3237.35,6,66148.25,Energy optimization; Predictive maintenance,Low,115.43
FAC-019,Hospital,2025-05,602990.72,1582596.23,213655.38,45158.56,113050.84,1913187.12,4674560.59,179247.89,44.69,76473.12,5,4.49,2,29734155.13,10327834.55,9110791.95,1217042.6,1695.66,6,254164.7,Energy optimization; Space/resource optimization,Low,157.7
FAC-021,Corporate Office,2025-12,460733.41,550380.69,169366.62,77283.61,190813.24,763678.35,1011369.19,252193.55,81.62,42875.83,13,13.41,5,10677746.59,3099778.94,3306452.04,-206673.09,1756.88,12,76550.77,Energy optimization; Predictive maintenance,Low,244.82
FAC-024,University,2026-03,261164.65,1656006.24,65603.85,46180.6,75157.75,1788565.88,3261687.52,107719.56,65.65,27181.48,6,7.7,3,31788776.19,6793892.46,7196482.21,-402589.75,1228.07,5,15137.17,Energy optimization,Low,188.5
FAC-004,IT Park,2026-01,518364.25,1292560.68,135158.88,160682.67,130715.51,1502637.19,3689600.12,198947.39,85.68,64021.77,13,26.05,0,20094099.18,8071400.76,7493507.82,577892.95,1310.28,3,53152.22,Energy optimization; Predictive maintenance,Low,299.19
FAC-008,Corporate Office,2025-12,177142.61,3627162.64,50078.02,193370.55,189025.48,3394944.72,5238093.01,222273.25,39.79,18077.78,14,9.3,6,43510269.01,14812912.68,13042012.25,1770900.43,1597.11,10,526299.16,Energy optimization; Predictive maintenance,Low,169.71
FAC-018,Corporate Office,2026-04,254677.18,1047670.19,94785.47,78185.51,111458.11,1079471.39,2206179.93,116404.87,39.76,22891.5,10,0.33,5,16617762.3,5098413.56,4894047.19,204366.38,1493.91,7,191769.84,Energy optimization; Predictive maintenance,Low,199.65
FAC-010,Hospital,2025-06,587392.37,2314256.97,218501.41,77860.45,157804.14,2123120.87,5236541.83,104358.46,55.07,75436.96,14,18.13,2,42216962.14,12303027.32,10601335.1,1701692.22,1152.95,8,37375.36,Energy optimization; Predictive maintenance,Low,124.29
FAC-019,IT Park,2026-11,471335.19,291420.46,168561.0,238447.64,62760.68,761960.21,1369340.76,246091.64,72.1,45587.64,15,16.12,1,5844280.99,3345814.01,3441356.57,-95542.56,1560.0,5,72897.32,Energy optimization; Predictive maintenance,Low,232.0
FAC-011,Corporate Office,2026-05,242284.84,586532.66,61148.45,74868.74,148940.64,1562906.34,2976989.57,308215.42,94.22,21400.13,16,34.05,2,11563564.81,6747993.27,5900738.21,847255.05,1372.9,11,40250.9,Energy optimization; Predictive maintenance,Low,135.25
FAC-030,Corporate Office,2026-10,501365.93,3378337.67,182384.48,175017.71,66664.8,3991022.86,8761938.59,102460.82,76.63,48640.33,10,12.68,3,51314998.65,17031384.57,16976808.39,54576.18,1746.59,6,64615.87,Energy optimization; Predictive maintenance,Low,198.7
FAC-004,IT Park,2026-11,357568.71,1402463.27,118238.15,136930.35,175347.32,2734269.71,5283011.89,206720.4,66.27,37184.98,8,3.83,7,26628955.35,10949563.37,10296311.65,653251.72,1082.11,9,54966.55,Energy optimization; Vendor consolidation,Low,201.14
FAC-017,Corporate Office,2025-06,46671.3,1677679.24,14355.37,112065.28,104872.27,1199660.37,3074859.92,136161.82,57.65,6577.89,7,12.21,2,22064680.9,6048089.54,6351970.2,-303880.66,1113.99,10,16111.7,Vendor consolidation,Low,118.74
FAC-027,Hospital,2026-06,126916.96,2028955.5,36089.31,57059.65,177568.22,1856311.42,5956495.63,344527.16,67.81,17698.1,8,15.91,3,30684693.53,10165061.05,10547834.53,-382773.47,1665.54,10,45821.54,Energy optimization; Vendor consolidation,Low,138.79
FAC-003,Corporate Office,2025-12,296276.66,1812483.02,92821.17,26179.38,113471.25,2172016.84,4789971.43,65719.47,58.52,38494.8,5,7.48,4,32978775.41,8750660.78,9276118.04,-525457.27,984.1,3,14214.79,Energy optimization,Low,330.33
FAC-024,University,2025-02,422684.1,482126.26,128345.53,88729.24,160078.21,380230.42,1170918.14,186986.36,68.75,40437.57,15,31.8,2,7492525.2,2751666.69,2891752.73,-140086.04,2110.77,9,71731.74,Energy optimization; Predictive maintenance,Low,148.45
FAC-028,Corporate Office,2025-12,199416.6,1578645.35,57348.66,84379.41,120173.22,1576905.31,3888889.34,262224.37,61.98,22769.34,12,5.78,0,29441070.62,8335900.24,7710633.6,625266.64,1217.15,12,47903.24,Energy optimization; Predictive maintenance,Low,312.94
FAC-030,IT Park,2025-05,917919.57,1961955.23,300130.54,279217.49,118681.58,1202633.62,4218831.49,186960.53,62.6,81709.35,22,44.18,4,27410432.99,9075058.06,8886199.51,188858.55,1511.77,12,139024.31,Energy optimization; Predictive maintenance,Low,96.68
FAC-028,University,2026-02,288859.36,1022534.09,90033.76,91195.16,63342.61,1898694.4,3418989.43,122223.91,68.67,30262.21,10,9.84,1,22453268.36,6700515.95,6905838.97,-205323.02,1272.5,6,36176.89,Energy optimization; Predictive maintenance,Low,175.22
FAC-025,Corporate Office,2025-11,80977.97,910393.79,24185.49,91966.22,128931.27,1854619.9,3587043.61,279686.28,45.17,10439.25,8,9.33,2,14353074.36,7355288.47,6933619.04,421669.43,1520.86,6,209465.17,Space/resource optimization,Low,244.92
FAC-028,IT Park,2025-08,324507.31,540731.97,83301.35,82889.52,153892.83,589519.55,922924.86,186411.73,74.87,28948.4,17,36.41,2,10131011.79,2679128.93,2800877.77,-121748.84,1499.4,3,28595.29,Energy optimization; Predictive maintenance,Low,101.14
FAC-008,IT Park,2025-10,596965.64,1865156.78,181167.07,107812.47,103869.51,2442456.7,4996379.57,267022.59,64.9,82125.65,10,13.71,0,32067780.96,10229754.24,10379663.27,-149909.03,1731.39,12,77143.51,Energy optimization; Predictive maintenance,Low,130.92
FAC-023,Corporate Office,2026-04,407887.44,607421.73,140226.38,45491.51,163127.42,969182.25,1521337.22,193508.14,69.21,35906.64,9,7.26,3,12775975.8,4432454.39,3907955.7,524498.69,1246.56,3,30724.69,Energy optimization,Low,85.48
FAC-030,University,2025-04,234142.57,1917663.98,66291.12,165399.96,109051.18,1875819.72,7994250.51,172435.74,52.97,25530.15,11,13.07,0,42237546.37,12602258.09,12468763.66,133494.43,1331.71,6,291600.97,Energy optimization; Predictive maintenance,Low,374.7
FAC-011,IT Park,2026-01,535321.92,2314853.49,136088.96,200064.26,55180.64,3363436.9,8828699.83,277566.35,58.31,68271.43,12,7.94,0,27252027.35,18259405.8,15575123.39,2684282.4,1577.39,9,84798.58,Energy optimization; Predictive maintenance,Low,84.25
FAC-001,IT Park,2026-07,125916.14,1331830.46,43337.17,36451.82,166314.91,3392715.34,4306596.75,315228.74,65.51,15423.01,6,0.91,4,23610469.56,11270426.6,9675054.16,1595372.44,1078.36,10,31940.32,Energy optimization; Vendor consolidation,Low,130.31
FAC-014,IT Park,2026-01,301576.2,3567459.58,89355.1,93980.79,87690.22,2069520.29,5771569.98,182494.81,64.81,34552.39,8,22.1,4,47591534.88,12754921.51,12074291.88,680629.64,1329.77,12,59783.28,Energy optimization; Predictive maintenance,Low,85.03
FAC-026,Hospital,2025-11,358905.53,1568868.15,145057.89,76104.08,176347.51,2276755.32,3584960.67,243883.26,53.22,38340.41,5,4.61,5,26809115.87,8745730.61,8285824.52,459906.09,1410.59,10,185170.05,Energy optimization; Space/resource optimization,Low,207.08
FAC-019,IT Park,2026-08,416451.77,1379353.27,149873.52,228275.79,163227.94,896486.72,3447576.29,66424.21,61.58,47456.29,14,13.41,0,24558612.49,6673304.82,6597795.99,75508.82,1355.9,3,41411.19,Energy optimization; Predictive maintenance,Low,109.84
FAC-014,IT Park,2025-10,512953.24,280684.5,128579.63,62532.09,46698.0,607407.53,994393.74,259229.24,55.79,58816.95,6,15.84,0,6102582.35,3181529.81,2763898.34,417631.47,1589.36,7,42165.45,Energy optimization,Low,371.02
FAC-026,University,2025-08,557375.66,1831496.28,228770.16,48404.67,189334.96,2208920.47,6467152.06,205679.56,46.86,65184.92,3,4.74,2,27122599.72,13468834.42,11508363.67,1960470.75,1297.16,11,204402.79,Energy optimization; Space/resource optimization,Low,175.62
FAC-029,Corporate Office,2026-07,158976.63,950998.95,53563.62,139546.07,134416.57,1373687.4,4176547.17,228603.46,98.0,16308.15,16,49.12,2,16834922.59,7615046.68,7162776.25,452270.43,1439.18,4,25172.67,Energy optimization; Predictive maintenance,Low,194.58
FAC-001,University,2026-03,106962.72,1596437.41,36476.46,99395.74,64347.53,2393089.65,4429191.01,213097.8,62.82,11131.37,17,14.83,2,26781765.77,10447675.42,8902521.86,1545153.56,1505.08,8,17549.45,Energy optimization; Predictive maintenance,Low,106.66
FAC-002,IT Park,2026-04,386042.77,228231.15,106971.35,118713.3,109831.16,351450.27,742289.82,87003.63,79.79,50106.91,21,23.92,4,3271434.43,2248631.56,2023562.12,225069.44,2291.69,3,51794.59,Energy optimization; Predictive maintenance,Low,203.4
FAC-024,Hospital,2026-07,379807.36,2874488.83,127433.85,40427.16,110715.05,2386814.94,5369539.04,197523.69,41.5,48640.68,5,6.98,5,34499727.77,12683022.36,11359316.05,1323706.31,1439.16,5,173213.29,Energy optimization; Space/resource optimization,Low,108.1
FAC-018,IT Park,2026-07,395518.48,98069.36,112365.22,84976.47,139673.24,100612.38,184305.05,158766.3,77.63,43113.93,7,4.82,1,1165908.03,1355244.24,1161921.28,193322.96,3847.42,9,39584.26,Energy optimization; Vendor consolidation,Low,113.58
FAC-010,University,2026-01,351668.4,512942.77,102441.26,105256.7,105667.51,481494.85,1055320.2,256796.96,77.09,34480.59,8,6.82,2,6694396.78,3132311.7,2869147.39,263164.3,2407.0,9,42656.31,Energy optimization; Vendor consolidation,Low,143.55
FAC-006,University,2026-10,143315.36,582593.4,53397.99,149398.21,149426.23,512813.42,1518474.66,227225.85,62.37,18866.94,9,3.93,3,8915288.58,3020793.09,3283247.13,-262454.04,1718.98,10,25084.76,Energy optimization; Vendor consolidation,Low,247.62
FAC-026,Corporate Office,2025-02,337006.13,1022497.73,131046.48,90736.79,145802.64,1183878.93,1811523.78,226101.15,62.63,39169.35,18,29.26,4,15254871.1,5172177.05,4817547.16,354629.9,1549.05,7,26741.64,Energy optimization; Predictive maintenance,Low,89.94
FAC-025,University,2026-05,645813.26,2198268.31,212345.81,139250.57,103938.53,2814457.79,6047974.07,180958.17,65.8,77231.39,13,5.73,0,39316746.18,11737141.59,12130660.69,-393519.11,1241.37,10,70995.62,Energy optimization; Predictive maintenance,Low,342.38
FAC-010,Hospital,2025-04,59388.66,1536059.68,19735.53,68731.54,118362.31,905532.67,2736976.77,207046.0,79.76,6978.49,12,45.07,5,24651626.25,5279627.91,5632097.62,-352469.71,1133.22,9,29747.78,Predictive maintenance; Vendor consolidation,Low,189.38
FAC-030,Corporate Office,2025-03,605612.72,940998.64,210282.41,90317.89,97451.69,1163361.74,3193958.92,252971.09,69.07,57027.37,9,2.93,1,12943066.65,5845476.97,6344672.7,-499195.73,1351.66,8,57074.82,Energy optimization,Low,271.6
FAC-007,University,2025-03,98318.96,95421.87,29697.57,99106.53,78822.26,143650.16,320572.67,248494.32,69.83,8929.64,8,6.18,3,1984409.59,1071621.56,1084386.76,-12765.2,2263.86,7,18708.85,Routine monitoring,Low,170.96
FAC-012,IT Park,2026-09,515805.99,2101549.6,140767.08,103088.32,170666.28,2722569.37,3430248.05,194460.67,69.46,58681.13,7,9.79,4,24941869.01,9106456.0,9238388.28,-131932.28,1323.36,3,30156.37,Energy optimization,Low,199.3
FAC-026,Hospital,2025-02,304961.81,1389477.66,126704.63,94659.84,155539.6,2946653.01,3702250.06,168810.17,64.2,40905.72,10,12.86,1,20755395.19,8168579.34,8762352.14,-593772.81,1091.61,6,36320.51,Energy optimization; Predictive maintenance,Low,289.08
FAC-024,IT Park,2025-01,50489.96,1893976.79,14256.86,55227.96,127636.42,2189888.83,4315379.98,227500.43,59.22,4929.85,5,5.9,3,34279071.33,8267523.11,8860100.37,-592577.26,1020.98,3,116394.13,Routine monitoring,Low,96.71
FAC-005,Corporate Office,2026-05,213424.65,188214.73,59107.62,44292.45,186828.38,246814.08,491441.35,249682.81,62.63,23154.25,9,11.65,3,2237172.84,1747114.46,1620698.46,126416.0,2214.07,10,32589.01,Energy optimization; Vendor consolidation,Low,106.32
FAC-022,Corporate Office,2025-12,41606.53,1348307.01,14175.96,148457.13,181267.58,1060724.74,3894965.25,180761.37,37.42,5759.48,13,17.67,2,18945030.06,8063320.62,6856089.61,1207231.01,1228.91,7,95407.32,Predictive maintenance; Space/resource optimization,Low,97.48
FAC-024,Corporate Office,2025-12,367863.29,2040261.99,135370.86,142722.78,113636.44,1979464.65,5381186.21,93578.51,76.72,33903.21,9,5.15,3,41445132.63,11663930.55,10118713.87,1545216.69,1018.39,7,28701.32,Energy optimization,Low,247.87
FAC-018,University,2025-12,274878.33,1085466.57,72902.8,56305.7,77253.32,2198667.08,3518587.21,227039.31,98.0,29779.0,8,9.9,3,22686099.85,8473349.14,7438197.52,1035151.62,1179.73,7,18260.7,Energy optimization,Low,99.49
FAC-025,Corporate Office,2025-04,151615.88,1694749.27,60910.76,120252.95,165901.32,2386937.53,3225032.93,299273.07,76.02,19545.81,10,15.36,6,32094878.12,8117534.66,8043762.93,73771.72,1297.17,11,57458.99,Energy optimization; Predictive maintenance,Low,128.56
FAC-001,Hospital,2026-12,576678.06,408618.96,227530.64,88832.14,150779.39,757798.86,1737296.91,273809.48,44.87,53027.81,7,3.26,3,8530134.43,4423154.42,3993813.8,429340.61,1309.45,12,196347.67,Energy optimization; Space/resource optimization,Low,109.96
FAC-002,IT Park,2026-12,77992.02,388243.44,28796.2,77993.17,66436.36,288022.91,1035191.82,119467.81,63.1,9736.08,11,10.58,2,4938371.33,2156325.03,2053347.53,102977.5,1715.41,5,10572.67,Predictive maintenance,Low,159.24
FAC-005,IT Park,2025-01,448960.08,1222480.78,134577.64,110894.1,122141.52,1489186.32,3070500.42,346558.42,73.72,62980.39,10,2.91,6,20725841.77,7850297.36,6810721.63,1039575.72,1490.96,11,64268.82,Energy optimization; Predictive maintenance,Low,82.12
FAC-005,IT Park,2026-07,359913.03,1507625.89,144323.53,67379.75,119591.14,1607240.52,3117882.31,236222.14,74.1,33871.42,13,21.35,4,26527339.98,7345861.51,7015854.78,330006.73,1176.37,4,31557.66,Energy optimization; Predictive maintenance,Low,83.74
FAC-014,Hospital,2025-07,328654.41,412588.29,94058.27,192548.26,129630.4,966170.85,1408089.64,222169.85,70.27,28868.4,14,6.41,1,6965753.5,3978230.7,3659851.7,318379.0,1416.35,7,32335.77,Energy optimization; Predictive maintenance,Low,111.75
FAC-017,IT Park,2025-06,512684.98,2125501.37,205116.13,145875.33,172285.8,2041551.69,5814593.56,312264.84,87.28,60029.83,10,21.82,2,31510274.05,12830919.02,11124757.56,1706161.46,1756.36,11,64405.73,Energy optimization; Predictive maintenance,Low,372.27
FAC-023,IT Park,2025-04,138201.57,1136563.64,41116.32,25675.61,72162.91,1606358.55,4645801.2,142160.75,67.87,18640.8,4,4.74,1,18188835.88,9031041.75,7766924.23,1264117.52,1528.32,8,9393.15,Energy optimization,Low,160.0
FAC-004,Hospital,2025-09,457741.38,1642009.47,161417.17,39820.93,154437.11,2874824.82,6576876.09,70436.99,71.26,57657.79,6,3.77,2,34103418.86,12644040.65,11816146.78,827893.87,1609.61,6,43731.16,Energy optimization,Low,98.67
FAC-007,University,2026-10,519476.36,2601954.4,196059.62,117208.18,110555.95,3597745.34,6611246.74,105495.16,62.59,62261.46,14,4.41,3,48013400.85,15610947.51,13663682.12,1947265.39,1553.75,6,48391.98,Energy optimization; Predictive maintenance,Low,239.82
FAC-024,IT Park,2025-10,110780.18,571288.93,32534.13,11465.27,111985.95,531219.32,1012377.61,119766.09,80.38,14807.29,1,4.97,3,7214815.75,2523246.54,2468883.34,54363.2,1648.12,5,6465.69,Energy optimization,Low,309.95
FAC-004,Corporate Office,2026-09,399184.93,2180177.01,158774.54,157341.93,92971.58,2824959.88,4568971.58,177020.05,55.15,41044.56,10,25.82,1,36141855.56,10194181.44,10400626.96,-206445.52,1360.98,7,26747.99,Energy optimization; Predictive maintenance,Low,355.86
FAC-016,Corporate Office,2026-12,360329.06,222555.49,90599.97,251512.52,106726.11,405261.6,517902.56,231976.6,65.97,45775.1,19,72.01,0,3752180.16,2443596.9,2096263.92,347332.98,2033.23,8,49904.79,Energy optimization; Predictive maintenance,Low,104.53
FAC-027,Hospital,2026-08,166894.81,2390266.53,53510.59,82679.02,147981.4,1312692.21,4222576.4,127620.63,76.16,15125.14,8,13.33,5,39207595.76,9671904.47,8450711.01,1221193.46,1216.81,3,18490.63,Energy optimization; Security process optimization,Low,105.07
FAC-005,IT Park,2026-12,225048.76,253557.86,74448.61,116524.22,172743.09,205048.2,665072.16,150835.11,82.67,24214.66,10,6.96,2,4270551.75,1926701.57,1788829.4,137872.17,1840.36,7,30046.69,Energy optimization; Predictive maintenance,Low,335.66
FAC-021,Corporate Office,2025-11,275678.52,1142461.73,106633.39,205739.43,146163.42,2558918.54,5728472.51,105221.25,69.96,31154.9,13,12.76,1,20466569.35,10552753.76,10162655.41,390098.35,1294.94,4,38237.47,Energy optimization; Predictive maintenance,Low,121.19
FAC-010,IT Park,2026-05,495508.94,1142600.09,127222.37,141548.91,147043.57,1096669.07,3328907.74,162005.45,40.65,47624.83,13,23.23,6,15707917.38,6633715.11,6514283.77,119431.34,1393.73,8,219814.97,Energy optimization; Predictive maintenance,Low,239.94
FAC-006,IT Park,2025-12,163744.92,2132349.77,61650.22,140294.13,177595.34,2307470.18,5267307.51,211615.85,52.78,14568.43,10,7.56,5,43437053.48,10869358.61,10400377.71,468980.9,1280.2,7,277295.18,Energy optimization; Predictive maintenance,Low,189.69
FAC-026,Corporate Office,2026-11,214141.58,1513804.65,88171.78,168315.03,86168.96,1580653.98,2799318.36,294751.13,92.4,20816.97,10,4.48,1,18406925.03,6865241.79,6657153.68,208088.11,1529.33,6,28347.72,Energy optimization; Predictive maintenance,Low,127.44
FAC-026,IT Park,2025-11,160100.77,1603258.75,44698.64,63578.58,193125.51,1504759.22,3081728.44,157802.7,70.52,19377.77,5,4.23,3,29316818.33,7192515.58,6764353.97,428161.6,1119.74,12,24019.27,Energy optimization; Vendor consolidation,Low,225.84
FAC-027,IT Park,2026-07,351598.22,654695.49,130457.48,124131.62,154667.93,502603.45,1123963.94,127125.79,75.06,31270.98,8,5.44,4,12530054.87,3064660.75,3038786.45,25874.3,1225.81,11,49221.09,Energy optimization; Vendor consolidation,Low,268.12
FAC-029,IT Park,2025-10,444337.24,1401845.29,135005.8,121185.01,52902.44,1586083.18,3909935.04,371663.22,93.61,52228.65,9,15.75,0,23320605.75,8757338.77,7887951.42,869387.36,1083.36,10,50989.17,Energy optimization; Vendor consolidation,Low,126.74
FAC-015,Corporate Office,2025-10,132654.52,170045.39,36958.12,59989.71,56704.69,224842.21,677988.08,134402.77,66.05,17152.09,10,13.66,2,2898107.94,1593619.02,1456627.38,136991.63,1676.21,4,12530.74,Energy optimization; Predictive maintenance,Low,92.45
FAC-020,University,2026-06,364142.24,476291.56,93186.11,34679.9,78141.42,512933.38,1240869.37,219602.83,40.63,39411.06,7,9.79,1,5875774.04,2706192.56,2926660.71,-220468.15,2017.0,5,64649.95,Energy optimization; Space/resource optimization,Low,85.42
FAC-018,University,2026-12,795674.46,440958.74,310989.48,101490.68,136833.4,525258.91,1843802.98,319641.32,79.38,81360.42,10,7.4,2,9558320.14,3972307.51,4163660.5,-191352.99,1995.05,12,103095.82,Energy optimization; Predictive maintenance,Low,348.93
FAC-019,University,2026-12,174392.2,2863518.21,67406.57,67147.53,125173.84,1828120.12,7179609.24,141200.13,61.11,19183.75,13,51.42,3,41037666.53,13404220.91,12379161.25,1025059.66,1476.52,11,43690.35,Energy optimization; Predictive maintenance,Low,99.19
FAC-007,Corporate Office,2025-01,146916.43,884769.88,40993.98,101449.62,140886.72,1288500.08,3099058.73,213698.67,61.42,14200.38,8,16.94,3,14618176.8,6698023.26,5875280.12,822743.13,1760.12,7,8072.42,Energy optimization,Low,103.51
FAC-006,Corporate Office,2026-09,278054.21,2307724.64,90887.88,18622.4,60778.63,1761988.18,3572648.29,166865.4,44.2,30832.62,4,1.32,0,39106755.52,9344585.73,8166681.75,1177903.98,1177.6,8,158632.07,Energy optimization; Space/resource optimization,Low,179.69
FAC-027,University,2026-03,187105.41,1252095.81,68695.48,194321.12,188104.49,2553485.58,5597216.54,157477.89,74.4,18817.61,14,24.52,3,23992773.79,11830228.84,10129806.83,1700422.0,1630.16,3,22654.77,Energy optimization; Predictive maintenance,Low,141.56
FAC-019,Corporate Office,2025-01,236306.31,535732.38,86277.34,119786.94,111056.95,286211.25,618383.68,144966.48,83.19,32657.82,7,10.27,4,7254300.36,2038005.56,2052443.99,-14438.43,1530.53,5,23171.27,Energy optimization,Low,294.2
FAC-027,University,2026-05,437791.86,1101574.36,113049.81,23820.78,123366.86,1113378.65,1839201.2,278259.58,60.58,39877.79,4,13.94,5,13893379.51,5369991.45,4917393.3,452598.15,1406.58,6,41581.44,Energy optimization; Security process optimization,Low,99.69
FAC-008,IT Park,2025-06,290286.49,1889411.03,77064.15,149224.29,122490.57,2217821.25,4819866.38,160059.97,67.25,33188.7,10,7.77,8,23159264.64,9549609.5,9649159.98,-99550.48,1188.03,4,37300.12,Energy optimization; Predictive maintenance,Low,262.93
FAC-018,University,2025-09,431596.33,721424.33,145544.27,177425.38,165704.7,391258.1,1217743.87,207101.7,70.73,47342.55,15,29.03,3,9553775.51,3598649.28,3312254.42,286394.87,1838.1,8,55748.35,Energy optimization; Predictive maintenance,Low,92.73
FAC-001,IT Park,2026-07,404013.68,1463896.49,141001.08,164986.61,201758.87,2542098.99,4070098.37,190576.3,65.26,40817.22,16,11.39,5,18581879.72,8937195.89,9037429.31,-100233.42,1396.82,10,67904.8,Energy optimization; Predictive maintenance,Low,121.48
FAC-012,University,2025-12,206116.7,345928.23,82379.02,37176.91,120487.85,385573.25,1807230.16,125398.07,83.62,21887.12,7,7.8,1,6752445.67,3034178.78,3027911.18,6267.6,1430.96,3,7437.88,Energy optimization,Low,259.67
FAC-002,IT Park,2025-10,237649.35,188887.72,98312.68,113096.84,104532.66,184113.1,583252.91,94955.36,52.23,33688.51,10,4.3,3,2728393.56,1487220.19,1506487.95,-19267.76,2310.56,10,71209.6,Energy optimization; Predictive maintenance,Low,120.1
FAC-030,Hospital,2025-12,338838.4,957389.16,127527.45,51649.45,68364.11,1119570.5,2672745.42,175580.02,57.43,39391.3,5,15.79,1,18395915.89,6041523.24,5384137.07,657386.17,1008.27,4,29901.35,Energy optimization,Low,206.33
FAC-003,Corporate Office,2026-12,569143.52,618981.88,166784.82,31853.75,117259.12,720416.99,1393245.23,255449.78,89.63,55176.65,2,6.77,0,8013699.21,4192309.08,3706350.27,485958.81,1344.83,10,49309.05,Energy optimization; Vendor consolidation,Low,183.65
FAC-015,IT Park,2026-09,338422.31,1108595.54,92697.62,120278.14,88332.72,1205955.43,3807469.58,93552.8,44.44,33819.19,11,12.51,7,23431827.02,7556884.55,6762606.52,794278.03,1550.35,3,123081.89,Energy optimization; Predictive maintenance,Low,227.31
FAC-024,Corporate Office,2026-10,55079.64,891524.35,19232.8,8447.96,69440.46,600983.38,1889986.26,194354.88,52.17,6306.06,1,8.82,4,11331415.47,3919980.43,3709816.94,210163.49,1385.81,11,74359.99,Space/resource optimization; Vendor consolidation,Low,91.54
FAC-014,Corporate Office,2026-11,249874.1,2547136.89,99042.97,63086.61,169827.9,1604739.31,4879011.2,232840.2,83.75,25499.61,10,3.51,0,32788400.33,11283353.51,9746516.21,1536837.3,1231.55,3,22455.32,Energy optimization; Predictive maintenance,Low,393.72
FAC-006,University,2026-03,267921.35,2143169.35,89883.14,65080.78,106568.76,1663167.28,7594988.78,229101.11,86.33,24762.68,4,5.48,1,31086297.23,14163132.75,12069997.41,2093135.34,1354.81,10,49947.6,Energy optimization; Vendor consolidation,Low,318.99
FAC-025,Corporate Office,2025-05,429824.61,189625.24,179068.73,68772.95,149479.52,318715.78,956297.01,137703.39,66.54,44443.55,8,4.75,6,3797172.1,2529669.48,2250418.51,279250.97,1817.79,7,27387.33,Energy optimization; Security process optimization,Low,133.05
FAC-021,IT Park,2026-05,620628.35,1675757.29,183149.43,142040.17,219328.49,1666470.33,4518628.16,101029.17,63.7,61736.33,9,3.24,6,27580344.71,9832210.02,8943881.96,888328.06,1447.7,7,67384.84,Energy optimization; Security process optimization,Low,158.9
FAC-025,IT Park,2025-05,125099.15,1143217.46,48563.22,36277.16,210201.26,1928434.48,4366682.31,216681.78,58.2,15367.39,6,5.68,7,23259297.41,8254820.42,8026593.6,228226.82,960.69,10,43910.33,Energy optimization; Vendor consolidation,Low,184.64
FAC-026,IT Park,2025-10,547519.03,1474142.77,212441.89,123414.02,165854.11,1432969.59,2893484.56,92912.12,75.29,65725.64,15,14.82,4,17810285.36,7014044.24,6730296.21,283748.03,1655.26,3,44591.38,Energy optimization; Predictive maintenance,Low,217.18
FAC-005,University,2026-10,173738.49,328886.15,69192.75,45175.16,147722.92,439136.43,968501.92,138771.07,51.36,18893.97,7,25.69,6,5018955.79,2575676.19,2241932.13,333744.06,2127.07,4,84869.3,Energy optimization; Predictive maintenance,Low,126.63
FAC-023,Hospital,2026-05,246025.64,2044622.35,87326.85,74611.93,187652.06,3252603.46,5658422.89,250654.81,80.27,24665.75,11,6.82,3,31822441.36,11301893.99,11714593.14,-412699.15,1313.15,5,17908.95,Energy optimization; Predictive maintenance,Low,239.19
FAC-005,Corporate Office,2025-11,252939.79,1207942.41,70428.87,156840.01,170012.46,3313087.7,5997660.19,81969.81,98.0,35936.29,10,23.49,2,22938633.81,12282930.34,11180452.37,1102477.96,1316.28,3,38595.59,Energy optimization; Predictive maintenance,Low,93.01
FAC-009,University,2025-03,279061.66,256263.56,97720.54,145586.52,128561.65,452337.93,839620.03,158816.12,74.07,25816.35,13,1.94,6,5259794.22,2532407.88,2260247.47,272160.41,1268.38,9,46331.4,Energy optimization; Predictive maintenance,Low,307.5
FAC-023,University,2025-03,231663.11,2140051.22,84054.27,86146.61,104043.4,2872206.7,6626369.6,211270.97,53.3,27906.84,5,2.49,5,32486359.45,13299870.75,12271751.61,1028119.14,1331.86,7,308915.47,Energy optimization; Space/resource optimization,Low,377.93
FAC-001,IT Park,2025-08,692339.86,1717931.98,256976.62,226614.93,224844.71,1913012.16,7748072.65,147720.45,67.46,78786.09,15,44.91,6,29164949.64,12930135.36,12670536.74,259598.62,1475.55,3,74340.94,Energy optimization; Predictive maintenance,Low,223.93
FAC-014,IT Park,2026-12,46365.39,2805580.87,14714.52,106921.56,161120.4,2171834.52,6888227.41,111425.89,35.5,4770.63,9,6.53,1,48383386.69,14100102.75,12291476.04,1808626.71,1351.9,9,134435.21,Space/resource optimization; Vendor consolidation,Low,125.55
FAC-014,Hospital,2026-01,317342.81,401992.32,83139.32,108757.24,93257.61,269952.01,895762.8,117922.0,60.93,29776.74,13,15.96,3,6864009.56,2335187.42,2204986.8,130200.62,1491.87,3,24904.21,Energy optimization; Predictive maintenance,Low,292.03
FAC-025,Corporate Office,2026-05,215399.98,1678601.42,87698.0,164912.11,157210.77,1524981.73,3628523.72,189056.31,57.18,26300.94,11,11.8,4,25550095.36,7246171.14,7558686.03,-312514.88,1246.07,7,27950.33,Energy optimization; Predictive maintenance,Low,122.23
FAC-016,IT Park,2026-08,652379.1,1540946.03,171140.56,82859.94,163171.72,1641263.63,5747335.0,195219.94,73.49,78850.92,15,11.68,3,26029580.89,9660962.13,10023175.36,-362213.23,1513.16,8,43056.5,Energy optimization; Predictive maintenance,Low,134.78
FAC-007,Hospital,2025-09,589643.78,1797112.25,147975.43,20756.78,143886.13,1497016.41,4364958.34,228864.36,63.27,55524.93,3,3.4,4,25691333.4,8007978.82,8642238.05,-634259.22,1810.65,7,19315.94,Energy optimization,Low,146.53
FAC-012,IT Park,2026-01,308000.51,1323030.82,88385.7,59414.54,133415.18,1675617.27,2506984.64,111233.02,80.73,38055.96,9,6.54,1,23607236.31,6879357.38,6117695.97,761661.41,1185.14,5,12676.48,Energy optimization,Low,364.18
FAC-005,Corporate Office,2026-10,263997.91,1697857.7,97284.68,163931.24,171679.68,1845672.68,4337352.38,218225.1,79.13,24626.04,14,36.82,3,26044687.7,9682833.73,8698716.68,984117.05,964.17,8,20681.17,Energy optimization; Predictive maintenance,Low,237.85
FAC-006,IT Park,2025-11,397598.72,1384034.98,108041.27,123416.85,55109.58,927649.37,1980783.83,353276.47,60.82,46230.8,11,17.27,1,21159858.91,5474150.81,5221869.81,252281.0,1244.19,11,78829.03,Energy optimization; Predictive maintenance,Low,249.41
FAC-028,IT Park,2025-01,430158.14,1871719.87,174658.86,92189.07,187401.14,2631496.1,6035416.0,382910.93,56.47,48311.53,16,11.98,2,29320374.81,11829935.4,11631291.26,198644.14,1359.91,12,111746.75,Energy optimization; Predictive maintenance,Low,239.38
FAC-009,Corporate Office,2025-03,190148.51,1405943.24,52706.36,93409.32,112581.11,2016145.68,3274351.06,179147.2,77.97,21013.36,6,2.99,2,23231785.94,8392015.98,7271726.12,1120289.86,1486.45,4,12665.55,Energy optimization,Low,316.53
FAC-001,Hospital,2025-01,184113.85,4200863.19,61677.43,27466.74,85751.04,2995693.69,7056999.94,157069.29,76.73,16226.81,5,6.74,4,52773004.98,15327311.41,14707957.74,619353.67,1537.36,6,15613.85,Energy optimization,Low,116.83
FAC-018,University,2025-11,303758.96,948160.24,124107.54,118937.51,152934.82,2419050.76,3136470.36,191847.86,52.16,28748.57,7,14.11,3,20416229.96,7039602.78,7271160.5,-231557.72,1252.35,4,273583.09,Energy optimization; Space/resource optimization,Low,163.13
FAC-014,Hospital,2026-09,392671.49,2066780.67,98243.4,68437.97,76985.0,4017531.0,6643405.77,316651.44,59.3,39405.46,4,5.22,0,44617606.19,15104912.33,13582463.35,1522448.99,1396.8,11,79198.36,Energy optimization; Vendor consolidation,Low,158.56
FAC-004,University,2026-06,355005.41,1176495.53,134091.38,87376.04,192484.89,837161.25,4081243.09,146882.98,79.16,41089.33,8,24.51,4,16698560.24,8108099.8,6876649.19,1231450.61,1508.04,9,59060.4,Energy optimization; Predictive maintenance,Low,128.2
FAC-028,IT Park,2026-05,167397.21,2061391.31,51410.19,118992.37,91771.3,1699003.76,5085209.18,235110.01,91.99,14849.21,8,10.34,2,32042788.05,10093522.22,9458875.15,634647.07,1561.13,10,45420.54,Energy optimization; Vendor consolidation,Low,356.17
FAC-016,IT Park,2026-08,163922.06,2073993.17,67981.25,130674.8,106644.15,1614191.98,2890204.38,262105.6,59.13,15452.88,13,9.05,6,27018338.34,8371427.47,7241736.15,1129691.33,1315.24,8,24309.38,Energy optimization; Predictive maintenance,Low,161.33
FAC-025,IT Park,2025-03,221926.28,499252.78,81027.88,50437.55,119404.88,818356.68,2123949.73,161601.06,64.92,26527.82,6,5.27,1,7811598.07,4038326.96,3994928.96,43398.0,1479.06,12,40106.13,Energy optimization; Vendor consolidation,Low,130.72
FAC-020,Hospital,2026-06,334587.43,2299442.46,87436.65,168343.36,208614.21,2914635.68,5684904.17,192302.82,98.0,44651.39,24,20.5,5,45591793.95,12304316.95,11802830.13,501486.82,1271.45,9,83165.75,Energy optimization; Predictive maintenance,Low,88.2
FAC-005,Corporate Office,2025-07,517216.38,284051.99,185917.33,45939.27,80128.53,217300.51,1052110.36,87638.96,54.0,56558.47,10,7.48,0,6137102.3,2518782.28,2284386.02,234396.26,1964.22,10,53466.69,Energy optimization; Predictive maintenance,Low,165.52
FAC-027,Hospital,2026-01,464980.98,1466331.84,160363.95,206101.46,121181.04,1715146.48,6727773.25,262389.24,75.35,41706.82,14,2.96,8,27156369.22,10780269.88,10963904.29,-183634.41,1208.54,10,115852.09,Energy optimization; Predictive maintenance,Low,82.94
FAC-026,University,2026-02,496783.01,596244.17,125983.82,66391.92,98709.79,532292.85,1558999.56,317790.2,68.95,51735.84,5,2.22,4,7329102.19,3695876.47,3667211.5,28664.97,1684.53,9,65492.82,Energy optimization; Vendor consolidation,Low,243.15
FAC-009,University,2025-02,509346.7,1825127.6,128248.11,274153.07,137531.39,919581.58,2030236.2,150084.36,48.81,49157.44,17,30.42,1,21903744.77,5400371.05,5846060.9,-445689.85,1450.64,9,166479.64,Energy optimization; Predictive maintenance,Low,373.6
FAC-022,Hospital,2025-05,136887.32,1419965.37,46759.52,79697.44,86894.34,1508206.69,4709870.3,185359.35,67.03,14962.5,8,19.5,2,21981816.91,8405718.07,8126880.8,278837.27,1518.76,4,8382.99,Energy optimization,Low,190.85
FAC-010,IT Park,2025-07,226580.08,1930056.13,59948.03,134904.16,179425.02,2115536.24,4381868.8,173441.81,67.47,31924.31,20,18.69,2,26732397.01,9032620.11,9141812.24,-109192.13,1432.21,3,26132.56,Energy optimization; Predictive maintenance,Low,99.53
FAC-027,IT Park,2026-01,448964.43,1065084.56,136525.5,59634.06,120865.52,1032827.72,4080337.16,261330.92,81.64,47472.06,6,4.58,1,16636471.62,8205846.56,7069044.37,1136802.19,1369.97,9,56868.78,Energy optimization; Vendor consolidation,Low,91.4
FAC-026,IT Park,2025-10,291289.46,1159635.3,91378.75,184972.29,118067.32,1238190.37,3814435.77,226347.26,98.0,33784.11,18,15.17,1,18892494.92,7465374.54,7032937.77,432436.78,1453.99,4,25777.33,Energy optimization; Predictive maintenance,Low,118.12
FAC-011,Hospital,2025-03,163941.3,1437990.91,52617.91,63410.15,163590.54,2472765.01,4713360.42,211127.86,70.96,22739.82,8,6.49,2,20306939.49,8579098.03,9226186.18,-647088.15,1164.78,12,38634.49,Energy optimization; Vendor consolidation,Low,82.02
FAC-012,IT Park,2025-06,87054.47,2021185.55,21882.48,164950.68,106173.56,1479453.01,6592929.94,208694.9,67.35,7644.53,11,17.29,2,37369854.01,12572430.49,10660442.1,1911988.39,1512.33,8,16387.86,Predictive maintenance,Low,281.04
FAC-029,Corporate Office,2026-07,103130.54,987860.64,42887.13,72678.0,96756.52,1412144.57,5826832.63,130550.66,53.82,9358.07,14,27.72,4,19671356.95,9308668.59,8629953.56,678715.04,1387.01,4,195097.18,Energy optimization; Predictive maintenance,Low,253.28
FAC-020,Corporate Office,2025-04,188479.07,1404742.55,72142.37,173902.77,131639.68,2165337.76,3437137.8,211902.88,88.8,20902.59,11,1.54,0,24180065.9,7385143.24,7713142.52,-327999.28,1417.34,10,67320.87,Energy optimization; Predictive maintenance,Low,212.23
FAC-024,Corporate Office,2025-07,39169.25,909854.04,13289.84,214691.58,168030.14,832877.68,1577981.26,246475.72,45.1,5523.75,21,19.18,5,13954321.7,3931664.21,3989079.67,-57415.46,1200.81,6,77615.26,Predictive maintenance; Space/resource optimization,Low,323.18
FAC-008,Hospital,2025-10,269735.7,1629734.55,69041.83,20656.79,133943.8,1858569.26,5022935.96,121792.56,72.35,28760.05,2,2.41,3,28631180.55,10361035.97,9057368.63,1303667.34,1394.73,3,12319.76,Energy optimization,Low,88.88
FAC-015,University,2025-06,138731.25,2150511.34,35699.95,213388.56,174542.3,2117719.14,4849822.69,117363.34,69.62,15406.77,14,14.21,0,26981800.68,9795092.15,9762078.62,33013.54,1736.41,6,34525.9,Energy optimization; Predictive maintenance,Low,168.02
FAC-019,Corporate Office,2026-02,306099.58,2149180.13,92644.09,112152.22,228560.04,3728925.89,4831730.69,126201.69,93.31,32933.39,8,24.61,7,27091079.55,13234439.62,11482850.24,1751589.38,1220.8,6,33719.11,Energy optimization; Predictive maintenance,Low,290.07
FAC-021,Hospital,2026-03,488094.58,1477570.4,167472.96,36565.9,161758.05,822206.04,2402304.5,141223.49,76.17,59939.69,5,12.68,6,20238602.68,6397453.77,5529722.96,867730.81,1436.66,6,54589.31,Energy optimization; Security process optimization,Low,394.38
FAC-026,University,2026-04,421276.99,447949.73,158491.89,181880.9,176833.3,303738.37,1413164.21,185560.42,81.9,53074.46,11,16.85,10,6665590.84,3410221.9,3130403.92,279817.98,1973.77,4,38563.63,Energy optimization; Predictive maintenance,Low,176.53
FAC-009,Corporate Office,2026-05,369867.72,857454.44,108019.77,60074.2,181447.5,997670.72,2176159.4,240828.32,72.02,44649.79,11,22.94,2,10309184.52,4726916.42,4883502.3,-156585.88,1918.11,9,64667.14,Energy optimization; Predictive maintenance,Low,327.92
FAC-005,Hospital,2026-02,264921.0,299881.71,77155.1,104220.6,177006.1,367853.84,1046963.75,113620.32,71.78,25537.29,9,5.81,3,3706117.14,2286622.08,2374467.32,-87845.23,1908.74,6,22359.67,Energy optimization,Low,256.96
FAC-008,Corporate Office,2025-08,138415.32,2345676.03,38229.32,90054.99,135662.03,2248841.3,6125535.81,171088.44,63.5,14228.74,9,9.84,4,33012840.67,11144978.23,11255273.93,-110295.7,1468.4,7,10624.15,Energy optimization,Low,107.37
FAC-020,University,2025-10,409462.0,652037.37,102979.09,155610.06,91018.33,1134124.99,3577672.94,162670.31,79.93,39943.81,10,11.24,0,12119733.74,6533015.5,6182596.01,350419.49,1437.48,3,56474.36,Energy optimization; Predictive maintenance,Low,132.42
FAC-012,Corporate Office,2026-04,162013.68,429683.63,56404.76,178713.26,144947.77,211096.07,1034631.82,282215.13,92.0,21513.17,16,37.4,1,5868007.5,2374665.73,2443301.37,-68635.64,2154.59,11,64086.53,Energy optimization; Predictive maintenance,Low,108.84
FAC-009,IT Park,2026-02,150428.64,153881.64,40991.23,82745.39,153892.93,230514.0,481886.28,149314.15,66.6,16084.95,14,10.88,1,3147727.2,1475167.13,1402663.04,72504.09,1908.39,10,27112.57,Energy optimization; Predictive maintenance,Low,115.64
FAC-014,Hospital,2026-06,513185.15,1570114.95,137040.66,163835.55,91237.98,1181104.7,5205015.86,199701.74,45.33,61323.47,13,22.35,1,23522145.81,9630763.39,8924195.92,706567.47,1504.92,4,114723.37,Energy optimization; Predictive maintenance,Low,308.58
FAC-025,Hospital,2026-03,367821.0,1256022.41,101560.95,79084.05,120325.36,684685.72,3035642.71,176082.0,67.63,47634.82,6,16.81,2,15284349.03,6546394.7,5719663.25,826731.45,1717.62,3,20600.32,Energy optimization,Low,266.15
FAC-027,IT Park,2025-07,422114.22,1584320.64,173640.48,49404.27,125169.85,1387605.77,1725557.64,190509.52,65.98,49913.23,10,11.15,8,19446453.0,5632792.97,5484681.91,148111.06,1577.42,12,45080.53,Energy optimization; Predictive maintenance,Low,96.33
FAC-004,IT Park,2025-04,548478.18,1050474.65,160777.58,132242.3,139029.01,2031868.96,4118593.45,138410.34,56.77,49513.09,9,2.27,6,15481268.63,8939874.8,8159096.9,780777.91,1560.95,4,58218.39,Energy optimization; Security process optimization,Low,97.53
FAC-023,IT Park,2025-10,253888.71,2657845.73,67505.75,121715.72,81089.49,2465415.01,3888546.07,250771.34,60.39,35494.66,12,15.62,0,41765232.03,11277487.65,9719272.06,1558215.59,1210.97,8,30846.96,Energy optimization; Predictive maintenance,Low,122.44
FAC-012,IT Park,2026-10,564916.21,886781.33,231228.48,25816.07,177853.0,674181.02,2119000.97,117867.06,73.2,49350.95,5,2.71,2,12856530.02,5083597.77,4566415.65,517182.12,1293.24,6,25526.32,Energy optimization,Low,351.65
FAC-003,IT Park,2026-02,140208.09,831793.27,52729.78,209193.09,53060.97,454897.99,1090790.07,241647.87,50.37,18760.48,12,0.74,0,11465879.3,2861627.55,3021591.35,-159963.81,1310.32,9,99935.56,Energy optimization; Predictive maintenance,Low,135.53
FAC-010,Hospital,2025-03,245106.17,2028454.47,92364.33,79961.55,120240.1,2272200.56,6207684.47,131978.8,82.22,26131.77,5,6.4,4,32417858.25,10788070.16,11085626.11,-297555.95,1683.98,12,24901.25,Energy optimization; Vendor consolidation,Low,297.5
FAC-009,IT Park,2026-10,577104.53,632074.85,161786.81,27964.26,66898.52,766759.97,2084282.7,322645.49,62.07,64474.09,6,8.83,2,9048333.99,5214336.47,4477730.32,736606.15,1635.4,9,78438.47,Energy optimization; Vendor consolidation,Low,84.52
FAC-029,Corporate Office,2026-02,113481.64,3447129.94,41598.91,206472.7,133787.31,3748673.31,8267070.0,247500.17,40.48,14063.44,16,37.77,3,42163575.44,18134947.73,16164115.06,1970832.67,1624.21,4,347352.1,Energy optimization; Predictive maintenance,Low,300.73
FAC-020,Corporate Office,2026-11,164713.89,245241.65,43016.15,139714.73,117358.76,366689.75,689247.88,158444.16,61.01,16462.0,12,21.15,4,3914377.19,2022285.15,1881410.82,140874.33,1875.78,7,36857.55,Energy optimization; Predictive maintenance,Low,148.21
FAC-007,IT Park,2026-09,131977.15,818334.54,38623.34,114805.95,71418.36,1191221.01,1586955.84,152470.4,63.02,12340.28,7,16.65,5,13982472.05,3750518.15,4067183.25,-316665.1,1241.89,4,14370.75,Energy optimization; Security process optimization,Low,88.13
FAC-018,Corporate Office,2026-08,466187.99,893428.02,152849.7,25951.39,71217.04,2136034.66,6782338.67,330050.47,43.99,45312.97,5,9.71,2,19658259.31,11697870.73,10705208.25,992662.48,1461.26,10,307030.22,Energy optimization; Space/resource optimization,Low,99.52
FAC-029,University,2025-09,459499.53,1669011.1,125833.24,139533.76,77914.55,3143471.82,5101145.3,84648.6,60.0,42679.99,16,2.94,2,21299374.29,12159553.71,10675224.67,1484329.03,1321.68,3,50061.27,Energy optimization; Predictive maintenance,Low,277.58
FAC-004,Corporate Office,2026-07,434214.79,1290454.48,135998.9,86294.72,118359.48,1651928.36,4149258.24,63190.45,69.91,41506.61,12,15.83,3,17128813.43,8492460.24,7793700.52,698759.72,1774.93,4,42744.21,Energy optimization; Predictive maintenance,Low,246.19
FAC-015,University,2026-11,338350.04,1454987.3,118538.59,50574.37,152623.83,1939329.16,3415051.33,102371.73,51.79,30856.18,5,6.23,3,18515371.59,7999150.57,7453287.75,545862.82,1560.57,4,195063.81,Energy optimization; Space/resource optimization,Low,180.0
FAC-028,University,2026-11,229951.01,1216342.02,62065.67,103597.18,129307.35,1264557.14,2719507.61,160885.92,79.8,27068.17,11,15.16,2,24846164.42,6334973.47,5824148.22,510825.25,1262.82,3,29898.27,Energy optimization; Predictive maintenance,Low,103.88
FAC-028,Hospital,2026-03,149202.21,884480.05,47898.08,192823.39,148078.15,1053629.98,2890393.57,138149.65,61.48,14174.63,11,3.56,1,17829902.09,6366525.7,5456757.01,909768.69,1334.82,8,28913.43,Energy optimization; Predictive maintenance,Low,139.57
FAC-023,IT Park,2025-06,574674.79,3115231.12,183062.08,113600.27,67687.39,2742652.21,4659140.61,259747.41,51.53,54123.99,12,10.1,3,37791584.47,12128476.02,11532733.8,595742.22,1547.19,5,420393.37,Energy optimization; Predictive maintenance,Low,312.32
FAC-010,Corporate Office,2025-12,543695.15,1879655.58,156512.05,29989.55,172635.68,1755766.83,4676100.1,164425.56,92.07,59830.52,5,8.11,1,28486784.93,8847962.93,9222268.45,-374305.53,1601.64,5,40940.88,Energy optimization,Low,91.9
FAC-020,IT Park,2025-03,527939.61,1235777.46,135983.85,135572.33,94331.09,1178172.8,3755123.28,216101.66,74.22,53446.04,15,13.58,3,20071742.07,7752513.25,7143018.24,609495.01,1651.56,4,59014.35,Energy optimization; Predictive maintenance,Low,333.45
FAC-003,Hospital,2025-10,348833.42,1309288.49,103460.23,14767.53,135384.53,2152416.91,4510559.12,105351.57,58.68,31341.41,1,11.2,6,19520883.04,9015783.91,8576601.58,439182.33,1313.62,3,41997.52,Energy optimization; Security process optimization,Low,379.7
FAC-007,IT Park,2025-04,168777.81,3648005.62,69460.22,233756.31,111089.82,2318556.22,8872175.29,124124.84,82.74,21672.95,13,2.43,6,52604716.29,14704522.8,15476485.9,-771963.1,1574.73,4,34860.91,Energy optimization; Predictive maintenance,Low,95.91
FAC-009,University,2026-09,469537.66,606396.2,162941.98,204584.34,73632.43,504964.45,1798703.26,247784.66,58.26,55371.29,19,20.41,3,10793083.9,4201426.19,3905602.99,295823.2,1667.64,6,54861.93,Energy optimization; Predictive maintenance,Low,126.58
FAC-016,IT Park,2026-01,127363.49,605312.92,44228.88,55937.34,92003.3,510347.97,1426005.39,238510.59,53.08,16880.82,9,17.66,1,9350227.92,3549171.63,3055481.0,493690.63,1723.34,4,72651.55,Energy optimization; Space/resource optimization,Low,145.65
FAC-006,Hospital,2025-01,319510.49,2714711.74,130711.14,137800.46,155673.69,3180248.79,7483762.23,299550.82,72.75,35771.68,12,20.38,3,39732909.2,13709936.52,14291258.2,-581321.68,1772.01,7,28858.27,Energy optimization; Predictive maintenance,Low,272.65
FAC-020,IT Park,2026-10,533917.46,1259813.76,212455.33,45763.03,116592.21,907116.62,2161068.78,312629.59,75.48,51955.34,10,2.06,5,15780729.28,5641769.78,5336901.45,304868.33,1572.45,10,77383.95,Energy optimization; Predictive maintenance,Low,227.8
FAC-014,Corporate Office,2026-04,568712.37,2355986.52,205670.77,135309.31,64843.84,1493235.93,6095596.18,205603.83,98.0,54658.64,8,13.56,2,28771804.85,11071715.55,10919287.98,152427.57,1337.82,8,41984.72,Energy optimization,Low,374.61
FAC-006,IT Park,2025-08,343498.96,2284124.35,130145.56,117542.63,183320.63,2105043.42,6179256.44,150063.27,73.33,36566.28,21,61.42,1,29784373.82,13072682.5,11362849.7,1709832.8,1401.61,11,35222.07,Energy optimization; Predictive maintenance,Low,124.72
FAC-004,Corporate Office,2025-07,308240.33,1491202.57,118755.39,143519.19,175021.44,3112760.78,6016116.19,257813.47,96.06,35945.66,8,4.65,2,31345599.39,13568887.92,11504673.97,2064213.94,1449.32,4,14526.76,Energy optimization,Low,102.11
FAC-029,University,2026-09,229472.39,1755298.35,63712.28,38673.66,100747.61,3199260.53,7356494.24,162084.42,67.6,22710.4,5,4.11,7,36493120.25,13017122.53,12842031.21,175091.32,1524.28,7,10583.47,Energy optimization; Security process optimization,Low,303.18
FAC-001,Corporate Office,2026-09,344215.37,1631318.68,122485.92,35679.69,166895.7,1546100.68,3998048.35,122146.63,64.25,46343.74,6,4.77,2,26970089.87,7226325.33,7844405.11,-618079.77,1035.57,4,31377.57,Energy optimization,Low,225.14
FAC-030,Corporate Office,2026-10,40864.08,295616.68,13869.04,60274.53,174695.34,460991.59,738246.36,180946.76,84.29,5463.62,8,16.76,5,3641717.43,2082287.65,1951635.33,130652.32,1581.55,8,8188.58,Security process optimization,Low,224.42
FAC-001,IT Park,2025-01,418858.88,1791625.51,137332.96,197285.65,86001.55,2541920.46,4446321.69,196783.58,81.34,52754.46,15,9.66,4,25340092.03,11246241.05,9678797.32,1567443.74,1210.76,5,41527.04,Energy optimization; Predictive maintenance,Low,84.49
FAC-006,University,2025-06,317587.25,2647783.6,115630.06,52235.22,169284.97,2396811.08,5652685.05,190038.98,65.9,30960.17,5,1.22,3,42263217.44,11721052.76,11426426.15,294626.6,1253.17,3,15351.62,Energy optimization,Low,84.23
FAC-008,IT Park,2026-03,247961.25,1426952.55,103958.62,65090.55,84196.12,1962839.21,4076046.07,142471.27,49.95,24185.61,8,7.12,5,18340732.67,8587666.16,8005557.02,582109.14,1480.87,3,268201.41,Energy optimization; Space/resource optimization,Low,178.86
FAC-025,Corporate Office,2026-05,69521.92,2013153.82,20860.67,25960.93,176007.2,1958228.2,3950977.08,128541.72,61.79,9122.27,2,1.32,2,29241608.55,8986824.93,8322390.87,664434.06,1329.46,8,292328.8,Routine monitoring,Low,278.43
FAC-012,Corporate Office,2026-11,138648.08,1621842.99,56436.79,105757.33,175329.02,2115171.65,4629249.24,189786.8,84.47,14268.15,15,19.14,0,20813185.48,8993980.75,8975785.1,18195.65,1693.86,7,18518.47,Energy optimization; Predictive maintenance,Low,114.16
FAC-008,Hospital,2026-11,188067.46,2939047.77,74574.48,43202.63,96193.61,2890982.89,5727756.44,240682.98,71.15,22958.99,4,7.02,0,44625995.79,14236680.66,12125933.77,2110746.89,1224.72,11,26653.92,Energy optimization; Vendor consolidation,Low,173.54
FAC-028,University,2026-02,264667.85,2221623.62,80319.5,100490.75,113445.77,1330161.38,5815021.96,411654.6,83.73,28132.72,10,17.72,3,32275887.62,9545539.88,10257065.93,-711526.04,1608.7,12,81572.77,Energy optimization; Predictive maintenance,Low,140.22
FAC-024,IT Park,2026-07,538010.28,1065106.21,141946.67,34749.17,156848.2,839011.53,3069263.14,352588.72,62.43,51518.74,6,1.95,5,18785664.73,6920750.2,6055577.24,865172.96,1597.78,10,70963.58,Energy optimization; Vendor consolidation,Low,194.3
FAC-010,Corporate Office,2026-03,416807.15,2193345.67,117992.7,126768.29,111469.68,2706704.07,7932706.26,97727.7,49.51,39595.37,18,26.41,3,26917970.92,14816363.13,13585528.81,1230834.32,1466.01,7,270885.83,Energy optimization; Predictive maintenance,Low,157.74
FAC-020,IT Park,2025-06,171338.27,1498496.48,47280.97,56946.39,152206.33,2804817.88,5694209.89,201212.98,89.32,17396.55,11,10.6,2,21608499.06,10447360.72,10579228.22,-131867.5,1325.88,9,29564.5,Energy optimization; Predictive maintenance,Low,104.75
FAC-004,Hospital,2025-08,255046.73,789423.33,75060.67,73316.63,53222.96,1261894.1,2854221.44,365119.17,59.66,26471.74,9,13.16,1,17484984.32,6178327.99,5652244.38,526083.61,1574.88,11,55123.54,Energy optimization; Vendor consolidation,Low,181.84
FAC-028,IT Park,2025-11,123321.8,433932.04,51362.23,78273.17,107241.61,569692.22,1430113.62,105256.81,66.35,14624.86,5,3.24,0,7229362.61,2787588.3,2847831.27,-60242.97,1461.18,4,7744.68,Energy optimization,Low,186.78
FAC-003,Hospital,2025-05,299846.96,1241269.53,113533.33,77902.54,106807.76,1856622.55,4121171.92,285692.5,84.9,30987.15,8,13.63,0,21376001.37,9021078.31,7989313.75,1031764.55,1363.6,12,40080.33,Energy optimization; Vendor consolidation,Low,304.89
FAC-023,Hospital,2026-08,484390.28,2215014.12,152039.98,103406.73,178837.64,2745552.31,4540994.32,240952.9,76.48,68470.6,10,15.54,3,31111404.09,10554410.92,10509148.31,45262.61,1060.14,4,31117.19,Energy optimization; Predictive maintenance,Low,87.22
FAC-013,Corporate Office,2026-04,377279.48,170818.26,154983.98,94099.63,186740.22,268214.55,826119.26,316499.67,85.53,50972.53,7,14.36,6,2753087.86,2136796.51,2239771.07,-102974.56,2276.19,12,74335.67,Energy optimization; Vendor consolidation,Low,223.81
FAC-029,IT Park,2026-01,147598.85,436205.92,59655.38,77670.07,133115.45,402612.65,758625.14,265556.13,55.76,19987.38,6,7.51,4,5544167.95,2560889.97,2221384.2,339505.77,1502.97,11,52956.9,Energy optimization; Vendor consolidation,Low,239.56
FAC-024,Corporate Office,2026-10,442466.61,2376654.0,158973.95,60477.75,88325.19,1912165.46,3576105.01,183206.82,68.21,46119.2,12,16.91,1,32186171.61,9769202.08,8639400.84,1129801.24,1423.53,7,33569.62,Energy optimization; Predictive maintenance,Low,192.9
FAC-002,Corporate Office,2026-02,388941.41,1147488.88,159512.17,184660.64,129920.03,2908404.46,6532221.07,155754.65,76.31,53186.05,13,10.47,5,24185708.46,12773364.48,11447391.16,1325973.33,1278.04,11,68481.41,Energy optimization; Predictive maintenance,Low,119.74
FAC-016,IT Park,2026-03,98120.01,127767.42,28326.64,118257.84,147151.11,193945.91,254394.6,219303.56,82.54,9450.72,15,12.56,1,1734565.88,1209753.94,1158940.44,50813.5,2154.16,4,6503.98,Predictive maintenance,Low,141.86
FAC-006,IT Park,2025-07,203111.28,101217.33,51868.28,63729.86,98919.73,147490.53,611133.39,73755.46,56.12,20813.65,13,15.11,4,2208555.35,1417249.33,1299357.56,117891.76,1819.83,3,23559.37,Energy optimization; Predictive maintenance,Low,97.59
FAC-008,IT Park,2025-01,568580.2,1594246.82,232545.07,103539.12,141345.37,1005211.16,5018082.34,202954.22,50.74,54526.8,7,24.02,3,22740773.89,10136286.87,8633959.24,1502327.63,1620.79,5,134560.06,Energy optimization; Predictive maintenance,Low,273.05
FAC-022,Hospital,2025-11,443175.17,2086344.83,172945.11,35193.24,90419.98,3994170.83,5416585.73,274135.37,92.77,43735.03,6,0.96,4,26857023.37,13279329.08,12340025.14,939303.94,1248.11,12,58812.4,Energy optimization; Vendor consolidation,Low,339.91
FAC-013,IT Park,2025-12,594486.36,2486896.93,246771.08,89126.97,134543.79,1941162.37,7244822.27,165406.31,70.1,63558.91,8,9.37,3,30826223.47,13355376.7,12656444.99,698931.72,1357.11,4,34509.31,Energy optimization,Low,161.44
FAC-020,IT Park,2025-11,87302.99,2161369.69,29646.68,127459.16,90288.07,3013926.85,4353807.32,170388.7,64.11,9184.27,15,36.82,3,25847302.86,9639532.63,10004542.79,-365010.16,1195.86,3,18844.28,Predictive maintenance,Low,201.87
FAC-018,IT Park,2025-01,619513.21,448041.03,256788.23,78833.03,114833.58,379921.82,955196.6,314600.71,88.37,58786.31,15,52.16,4,6676228.8,3276815.08,2910939.99,365875.09,2334.35,10,74975.89,Energy optimization; Predictive maintenance,Low,204.55
FAC-005,Corporate Office,2025-10,306335.0,1477534.49,106531.2,20980.93,142995.64,1210825.44,2657533.78,167181.48,76.79,40860.05,2,10.95,0,20290179.79,5815016.06,5983386.78,-168370.72,1522.49,7,10493.15,Energy optimization,Low,253.35
FAC-030,IT Park,2026-02,524039.86,2392188.0,194138.67,6980.48,184881.21,1443419.34,5425165.64,235368.56,68.28,49124.74,1,1.26,2,28380252.38,9594065.83,10212043.09,-617977.26,1283.89,5,19766.45,Energy optimization,Low,199.2
FAC-002,Corporate Office,2025-10,628475.57,1894914.81,182401.36,259649.7,103318.04,2886280.81,4135295.64,265953.82,98.0,59551.34,18,11.9,2,35917783.1,11653040.82,10173888.38,1479152.45,1446.8,6,91310.78,Energy optimization; Predictive maintenance,Low,155.02
FAC-022,IT Park,2026-06,62916.13,1641205.77,23780.71,65323.01,113366.82,2644199.62,5468960.69,172875.21,51.97,7537.25,10,19.82,4,29616248.81,11930328.01,10168847.25,1761480.76,1225.16,12,317771.96,Predictive maintenance; Space/resource optimization,Low,152.42
FAC-028,IT Park,2026-09,303381.12,570069.75,119135.66,167701.71,91296.24,542382.99,1017636.5,96319.11,70.55,30912.18,12,4.21,0,8013076.77,3223149.46,2788787.41,434362.05,1783.11,6,41425.53,Energy optimization; Predictive maintenance,Low,356.45
FAC-024,Corporate Office,2026-01,404597.62,215865.89,104284.54,134434.14,167078.83,338862.22,736680.12,181630.65,84.94,38134.33,8,10.6,1,4664085.05,2153953.2,2179149.47,-25196.27,2584.99,12,55464.94,Energy optimization; Vendor consolidation,Low,208.95
FAC-019,Hospital,2026-01,578221.88,2103990.58,160213.91,56450.56,141657.42,2338238.11,6843138.89,181355.85,38.67,57051.55,7,5.94,3,32160977.75,12957449.69,12243053.28,714396.41,1617.31,4,242402.3,Energy optimization; Space/resource optimization,Low,102.19
FAC-030,Corporate Office,2026-10,553002.85,1650491.83,177887.38,83801.81,116622.82,2973987.96,5370365.67,223732.91,80.94,49454.43,9,1.58,1,34612870.53,10712190.62,10972005.86,-259815.24,1143.87,9,76831.77,Energy optimization; Vendor consolidation,Low,339.47
FAC-018,IT Park,2026-08,463176.44,198673.76,137653.32,101144.39,110158.61,313446.23,820544.25,85356.26,53.39,42420.29,8,15.15,1,3282569.38,2005773.07,2092499.95,-86726.88,1637.32,3,75077.89,Energy optimization; Space/resource optimization,Low,129.37
FAC-022,University,2026-04,338306.79,1896484.34,91980.96,41234.21,149254.7,1806309.86,5590234.42,148419.12,82.69,31435.22,3,4.84,2,22874048.08,10963671.99,9970243.43,993428.56,1175.87,5,20127.15,Energy optimization,Low,100.44
FAC-027,IT Park,2026-08,407238.12,431417.68,167227.91,252094.87,161239.04,331069.39,814239.89,235735.64,76.89,42679.37,15,29.99,3,6871348.54,3060362.2,2633034.64,427327.56,1879.4,6,47145.96,Energy optimization; Predictive maintenance,Low,177.12
FAC-016,Corporate Office,2025-01,524635.76,1164128.56,161396.25,111595.53,98646.71,1438949.08,2447031.35,390043.51,67.16,47719.54,10,10.57,2,16109964.07,7160099.27,6175030.5,985068.77,1661.29,12,73718.34,Energy optimization; Predictive maintenance,Low,355.85
FAC-009,University,2025-08,83411.47,2310871.1,33158.63,154391.27,132420.72,2963162.71,6623572.81,240722.69,48.49,9009.99,16,20.45,1,41687337.0,11564995.34,12508552.77,-943557.43,1616.93,9,329220.04,Predictive maintenance; Space/resource optimization,Low,94.26
FAC-002,Hospital,2025-05,50728.87,2143110.89,14279.06,53342.76,124704.08,1677210.38,3983291.79,209879.58,74.99,5632.26,7,4.37,1,30927684.77,8794749.15,8242268.34,552480.81,938.65,6,254043.05,Routine monitoring,Low,113.36
FAC-006,Corporate Office,2025-01,327280.92,1209955.07,110254.05,157984.02,93547.57,1851513.8,3249817.84,224619.95,84.95,41296.9,11,18.3,3,16339381.98,8321242.58,7114719.17,1206523.41,1208.34,10,70384.82,Energy optimization; Predictive maintenance,Low,183.72
FAC-003,University,2025-05,274758.38,2009805.71,105333.22,236150.73,178726.3,3064978.84,4005908.0,192441.28,73.23,28641.45,15,13.77,0,38255933.31,10064503.46,9962769.24,101734.22,1346.14,5,34581.54,Energy optimization; Predictive maintenance,Low,358.3
FAC-002,IT Park,2026-02,265488.06,1994131.95,102182.39,31015.71,137588.45,3265940.05,7945242.21,144693.13,69.08,24260.17,4,0.37,5,37850588.18,13269903.17,13784099.58,-514196.41,1585.11,5,12755.78,Energy optimization; Security process optimization,Low,90.3
FAC-002,Hospital,2026-10,59158.57,2189828.47,24507.21,277151.18,178805.47,1907949.95,8432388.22,164058.93,61.69,6368.13,17,13.91,0,26535420.2,13439996.9,13209340.79,230656.11,1464.13,7,36028.19,Predictive maintenance,Low,103.26
FAC-018,Corporate Office,2025-06,252985.35,1319275.33,78171.15,100916.29,123936.46,1964716.0,2673183.06,171114.74,77.59,26663.06,8,3.59,2,26889476.78,7200191.0,6606127.23,594063.77,1291.52,5,19198.96,Energy optimization,Low,145.49
FAC-008,IT Park,2025-06,261589.67,1312794.73,105668.61,23686.88,143765.93,1206752.88,5270258.42,70341.28,65.32,23000.51,4,10.53,2,21447115.47,8441049.86,8289189.8,151860.05,1422.55,5,20367.67,Energy optimization,Low,257.21
FAC-009,Hospital,2026-12,636603.27,1205467.01,174399.34,190337.74,125856.62,2941861.05,6552961.58,263874.92,86.07,73290.49,14,17.25,2,24318805.7,12356928.25,11916962.17,439966.08,1639.2,6,69025.84,Energy optimization; Predictive maintenance,Low,163.53
FAC-015,IT Park,2026-03,642958.18,1084273.05,209869.22,17622.66,62045.36,859645.74,2703203.06,339461.33,85.32,64993.75,1,14.88,1,15002697.59,5911239.22,5709209.38,202029.84,1593.42,12,82895.59,Energy optimization; Vendor consolidation,Low,99.38
FAC-014,Hospital,2025-09,225286.85,1355791.92,92369.26,124582.87,162390.42,1961802.98,2916087.52,237709.18,68.77,20482.07,18,27.4,4,23534154.17,7131577.49,6983651.73,147925.76,1180.27,8,25817.18,Energy optimization; Predictive maintenance,Low,98.88
FAC-011,IT Park,2026-11,136726.16,1381377.32,39098.01,140026.5,101886.29,2295374.08,8311674.73,97499.35,62.53,12979.52,13,33.85,6,26275238.71,12843558.57,12464564.44,378994.13,1392.07,5,21170.07,Energy optimization; Predictive maintenance,Low,132.62
FAC-023,Corporate Office,2025-05,869450.03,1590991.64,229007.01,28106.28,176992.67,1824452.0,3023890.25,204381.14,64.05,86487.31,6,4.07,0,29728886.43,7880822.29,7718264.03,162558.26,1259.1,10,88940.09,Energy optimization; Vendor consolidation,Low,245.0
FAC-001,Hospital,2026-06,99625.24,548235.72,29665.88,88735.86,208864.58,1326854.75,1834072.96,192628.85,87.56,8678.28,6,8.48,6,9259905.11,4260284.22,4299017.96,-38733.74,1203.87,7,15562.44,Security process optimization,Low,175.8
FAC-019,Corporate Office,2026-04,324791.76,513882.38,103126.56,39752.15,146780.07,505642.68,1401831.67,239487.9,98.0,41694.48,8,7.92,1,6121296.22,2941572.37,3172168.61,-230596.24,1724.94,11,69864.15,Energy optimization; Vendor consolidation,Low,200.89
FAC-007,IT Park,2025-05,62534.1,3680695.34,16656.75,55797.34,83265.63,2614288.93,7813174.03,150906.55,92.25,8196.92,7,14.37,5,43609932.93,15211039.25,14460661.92,750377.33,1454.94,8,4987.77,Security process optimization,Low,110.48
FAC-010,Hospital,2025-12,54989.16,1045138.44,20135.45,165117.4,115332.91,1678525.16,3253749.4,196358.27,84.94,7766.73,17,17.2,0,18961690.91,7437384.2,6509210.73,928173.47,1351.3,5,12067.07,Predictive maintenance,Low,101.18
FAC-022,Corporate Office,2026-08,259374.51,1479153.55,72477.36,49716.24,151598.28,1218496.96,3791914.18,117951.23,61.26,25147.26,3,7.04,2,23525915.23,6890285.79,7068204.96,-177919.17,1641.86,7,12115.65,Energy optimization,Low,91.88
FAC-007,IT Park,2025-07,390817.35,334717.63,102672.86,256306.03,194567.64,558698.46,1292989.58,135263.38,84.51,52882.15,17,20.58,6,4547319.69,3183495.17,3163360.07,20135.1,2030.4,5,35136.54,Energy optimization; Predictive maintenance,Low,102.04
FAC-016,Hospital,2025-02,251037.55,1139774.06,87304.03,14710.53,133414.07,1064459.71,2477238.09,241068.09,36.2,23271.74,2,4.82,2,15965653.68,6254164.19,5321702.09,932462.1,989.16,9,193004.67,Energy optimization; Space/resource optimization,Low,112.59
FAC-010,Corporate Office,2026-11,522210.98,2916070.01,146244.79,139439.51,75340.83,2546557.11,6777994.18,188704.09,67.14,58077.85,11,4.1,1,42884123.41,12574720.67,13166316.72,-591596.05,1450.99,7,25718.8,Energy optimization; Predictive maintenance,Low,138.44
FAC-027,Hospital,2025-03,221718.22,1302392.0,77618.58,239026.73,101325.93,1083228.52,4095101.76,103101.43,68.7,22304.66,14,4.95,2,18112437.25,7419461.73,7145894.6,273567.13,1483.78,5,36939.41,Energy optimization; Predictive maintenance,Low,383.19
FAC-001,Corporate Office,2026-12,607429.11,3422221.43,222991.66,136088.56,169810.78,2119739.08,6797033.79,89880.79,70.6,59340.84,16,7.61,2,40748314.18,12522590.92,13342203.55,-819612.62,1415.32,3,47283.88,Energy optimization; Predictive maintenance,Low,300.99
FAC-016,IT Park,2026-03,201674.1,1266911.08,68284.3,56940.31,181867.12,1650109.63,1865561.54,130833.66,52.8,25293.96,5,7.58,1,16838116.82,5978786.4,5353897.43,624888.97,1305.51,5,245613.87,Energy optimization; Space/resource optimization,Low,142.49
FAC-010,University,2026-05,248133.66,488316.53,81973.48,63849.96,163150.27,856092.23,1812731.26,168988.05,91.22,24310.81,8,15.54,0,7529407.54,4354459.66,3801261.96,553197.7,1398.04,5,7760.22,Energy optimization,Low,308.17
FAC-026,IT Park,2025-11,295844.18,1908948.76,102377.77,61445.82,110949.98,2169525.84,3491942.05,226088.38,43.83,38464.57,11,9.92,0,25810620.99,8890147.59,8264745.0,625402.59,1587.54,5,291842.65,Energy optimization; Predictive maintenance,Low,220.15
FAC-021,University,2025-05,204010.56,4106837.57,67169.25,70235.89,101813.28,3052719.42,7975897.89,167069.2,81.41,26593.48,6,9.36,5,51128035.89,14672067.39,15678583.8,-1006516.42,1591.09,5,22844.46,Energy optimization; Security process optimization,Low,166.63
FAC-022,University,2025-12,196124.47,3746408.73,72014.52,177187.94,80175.07,3640593.46,8207340.23,311977.38,67.33,20514.33,11,3.65,2,53169374.27,18343359.31,16359807.28,1983552.03,1650.34,12,45447.36,Energy optimization; Predictive maintenance,Low,184.97
FAC-002,IT Park,2026-01,117561.8,946589.21,43861.9,69764.86,168396.69,1068679.93,2385079.71,77602.36,79.83,11002.67,4,6.92,2,14340363.96,4749245.41,4833674.57,-84429.16,1458.12,4,6050.53,Energy optimization,Low,86.38
FAC-023,IT Park,2026-08,429170.02,471099.26,158097.14,245012.95,66190.6,502123.47,1097071.09,195764.16,81.98,41898.79,16,38.34,2,5977542.86,3539191.12,3006431.54,532759.58,1950.96,12,98826.39,Energy optimization; Predictive maintenance,Low,97.55
FAC-011,University,2025-07,97217.35,74176.65,33414.67,53451.59,141131.97,130974.8,247177.05,217545.73,69.64,10548.93,9,8.9,2,1038368.04,915256.35,961675.13,-46418.78,2905.36,12,14765.55,Vendor consolidation,Low,128.3
FAC-012,Corporate Office,2026-11,136734.28,3552275.88,49803.07,71776.25,158253.75,3246761.55,5970267.83,199859.23,78.28,17334.91,4,13.69,3,53390722.41,15169107.87,13335928.76,1833179.11,1385.26,4,8493.29,Energy optimization,Low,238.02
FAC-003,Hospital,2025-08,679063.98,716236.79,182963.56,267051.07,191898.53,732127.21,3212584.72,209546.54,66.55,78272.42,15,5.48,3,13564779.99,6785844.55,6008508.84,777335.71,1647.97,12,82571.3,Energy optimization; Predictive maintenance,Low,152.41
FAC-018,Corporate Office,2026-11,68560.6,625353.83,24328.33,96661.83,169814.85,676591.48,2216668.31,135997.02,64.36,7972.56,7,5.79,3,11416237.3,4159430.26,3989647.91,169782.34,1150.42,6,154350.6,Routine monitoring,Low,184.25
FAC-022,University,2025-11,557185.06,1606250.3,181007.73,143359.63,146583.46,1887171.45,3560459.86,265901.71,75.74,61261.58,9,0.4,3,21781417.5,8684797.69,8166911.46,517886.23,1784.73,12,47864.47,Energy optimization; Vendor consolidation,Low,177.44
FAC-024,Corporate Office,2026-03,474810.19,138419.33,149921.76,175914.13,67179.5,147245.67,363887.11,257079.57,52.87,47201.97,17,12.59,0,2229855.58,1644492.77,1624535.5,19957.27,2461.42,9,92671.77,Energy optimization; Predictive maintenance,Medium,118.89
FAC-013,Hospital,2026-11,383646.08,2651444.91,106081.0,109136.53,188801.87,2215199.18,7374957.66,150046.62,85.68,33502.03,8,8.59,5,31327366.78,12967786.57,13073232.84,-105446.28,1585.4,4,34258.64,Energy optimization; Security process optimization,Low,96.95
FAC-028,University,2026-12,354206.35,2977839.2,134821.49,229556.16,161533.01,3748428.67,7769640.01,186870.68,59.79,34908.9,14,8.06,4,44921804.63,15970799.79,15428074.08,542725.71,1566.78,6,52249.34,Energy optimization; Predictive maintenance,Low,238.76
FAC-023,Corporate Office,2025-10,411082.82,1394490.47,158100.23,34750.66,155158.92,1399717.57,4422304.55,276713.13,96.31,44472.87,3,9.11,1,28261432.7,7848202.36,8094218.11,-246015.75,1520.33,10,70356.24,Energy optimization; Vendor consolidation,Low,273.89
FAC-008,Corporate Office,2025-04,257850.12,1936465.36,85137.21,35110.9,104340.38,1420955.79,4391614.66,381747.0,68.34,23200.61,3,4.5,2,29011561.55,9131501.71,8528084.21,603417.5,1218.12,11,75562.5,Energy optimization; Vendor consolidation,Low,89.99
FAC-021,Corporate Office,2026-09,294303.94,1221979.71,95128.35,203637.55,136980.05,3283071.53,5571827.25,118229.01,61.59,31461.07,13,7.27,3,24880497.0,12409057.99,10830029.04,1579028.94,1367.95,4,39207.59,Energy optimization; Predictive maintenance,Low,103.03
FAC-014,Hospital,2025-02,427142.76,486253.63,139070.4,255031.47,171140.52,301237.55,875287.9,137782.08,84.06,37790.15,15,16.01,3,7129636.43,2867232.38,2653875.91,213356.48,1980.5,9,74756.66,Energy optimization; Predictive maintenance,Low,368.9
FAC-007,Hospital,2026-01,155913.04,1056772.74,60834.88,148696.05,121731.36,1522266.93,4597823.17,110005.34,79.17,15006.92,9,8.53,3,16274820.58,7545714.71,7713208.64,-167493.93,1535.58,5,8596.69,Energy optimization,Low,256.34
FAC-016,IT Park,2025-01,720271.41,1191028.13,237412.36,206333.62,145436.25,873389.59,3616440.26,239206.11,44.74,70035.11,13,38.11,1,22537897.46,6472986.2,6992105.36,-519119.16,1523.33,9,152783.58,Energy optimization; Predictive maintenance,Low,270.69
FAC-029,Corporate Office,2025-10,324246.6,881162.66,85775.92,133338.86,75055.89,678595.89,1833253.25,166793.94,44.14,44225.83,11,24.48,1,13606715.37,3935845.55,4092447.09,-156601.55,1658.88,10,126857.01,Energy optimization; Predictive maintenance,Low,179.03
FAC-004,Corporate Office,2026-09,198223.58,677101.63,66842.26,205599.57,67918.64,774491.77,1523058.46,262260.54,46.02,18854.23,12,34.78,1,9095674.04,4220853.02,3708654.2,512198.82,1506.97,5,113276.2,Energy optimization; Predictive maintenance,Low,269.85
FAC-001,Hospital,2026-04,513161.14,710527.75,166135.74,69203.28,161429.76,1346555.37,3438729.17,260256.0,68.32,57759.83,11,21.55,6,15267966.6,6332221.68,6499862.47,-167640.79,1646.79,6,33638.91,Energy optimization; Predictive maintenance,Low,156.02
FAC-005,IT Park,2026-03,353273.67,259213.01,107299.36,166756.21,167750.08,208640.75,847772.03,91424.57,92.81,37354.82,14,1.17,3,5003720.98,2046702.28,2094830.32,-48128.04,2177.58,6,34741.24,Energy optimization; Predictive maintenance,Low,165.68
FAC-005,University,2026-07,368008.21,1155827.0,104060.89,134436.35,139011.87,1015657.25,2929384.99,222213.4,67.69,34013.78,9,12.83,1,15775437.52,6888351.13,5964539.08,923812.04,1573.34,5,16994.31,Energy optimization,Low,334.56
FAC-007,Hospital,2025-11,255448.7,1643676.6,79282.62,57430.87,138407.85,2861750.8,4536445.43,126994.59,73.9,26549.22,10,4.77,0,26166437.22,9043925.07,9620154.85,-576229.78,1103.48,3,24754.33,Energy optimization; Predictive maintenance,Low,258.85
FAC-007,Corporate Office,2026-12,570052.82,210624.17,196267.82,44375.32,199521.61,157787.33,616356.62,236689.43,70.59,62414.85,4,10.66,4,3939873.28,2094367.6,2035407.3,58960.3,2826.95,12,58048.05,Energy optimization; Vendor consolidation,Low,113.72
FAC-002,IT Park,2025-12,155990.7,2119606.62,44919.64,261398.56,130613.48,3361841.32,4613784.85,187533.31,54.65,20792.2,18,13.27,5,35831505.67,11902901.77,10830768.83,1072132.93,1190.72,3,214826.19,Energy optimization; Predictive maintenance,Low,340.23
FAC-009,Hospital,2026-05,174117.54,156485.19,56598.33,41758.48,127757.04,166177.41,429267.29,156760.53,96.25,17946.33,7,8.09,4,2682375.79,1220606.55,1252323.49,-31716.94,1569.33,5,6293.12,Energy optimization,Low,292.92
FAC-018,Corporate Office,2025-03,764761.22,1573121.32,202778.91,6624.06,184311.15,2426486.87,3672860.81,156639.23,75.14,80220.91,1,8.32,3,22718985.02,8685602.83,8784804.64,-99201.81,1414.85,10,87044.05,Energy optimization; Vendor consolidation,Low,192.35
FAC-009,Hospital,2026-12,185977.57,2023663.55,78053.6,336258.32,183332.31,1684688.35,4772939.69,184686.67,68.4,19863.25,20,17.74,2,33415152.55,10184171.1,9371546.46,812624.64,1204.1,7,60744.73,Energy optimization; Predictive maintenance,Low,279.84
FAC-009,IT Park,2025-04,56635.59,2819103.72,17970.89,271035.56,91345.52,2454068.96,5879559.43,163311.28,55.66,5486.56,21,16.36,1,45932499.58,12920276.96,11735060.07,1185216.9,1291.41,3,37692.34,Predictive maintenance,Low,121.87
FAC-009,IT Park,2026-09,695403.84,418333.57,290834.0,68123.16,153545.97,560981.27,1255189.76,122099.08,83.16,87105.48,10,6.61,1,6893480.43,3846799.36,3273676.65,573122.71,2146.67,3,28965.26,Energy optimization; Predictive maintenance,Low,212.9
FAC-018,IT Park,2025-02,98201.89,184631.23,32390.93,47269.28,57990.93,417592.43,1134551.67,178911.41,91.47,9129.69,3,9.13,2,3312654.27,2294134.95,2119148.83,174986.12,1698.04,8,53800.72,Routine monitoring,Low,158.67
FAC-023,Corporate Office,2025-01,351173.49,849560.05,116898.52,120502.11,173151.97,985676.97,1552267.56,231276.67,66.4,44789.09,7,7.78,2,11770941.16,4180810.07,4263608.81,-82798.74,1636.07,12,52385.64,Energy optimization; Vendor consolidation,Low,169.72
FAC-027,University,2025-01,258632.32,1748149.32,89139.85,71995.09,145472.95,2317629.25,6071243.72,79764.32,79.81,30679.87,11,5.86,2,23334889.12,11683464.96,10692886.99,990577.98,1615.97,4,31186.94,Energy optimization; Predictive maintenance,Low,366.53
FAC-006,IT Park,2025-09,424460.0,440243.25,128586.2,95180.52,170097.73,754375.22,1458744.11,221824.79,68.72,46855.3,8,3.08,2,6909833.32,3801916.63,3564925.62,236991.01,1869.39,3,14998.28,Energy optimization,Low,133.4
FAC-010,IT Park,2025-02,423585.73,2115975.08,157934.13,67385.49,105418.57,2627377.79,4380740.13,234745.45,76.46,43546.74,6,7.03,1,30418286.58,9766660.99,9955228.24,-188567.25,1052.68,7,14874.25,Energy optimization,Low,146.14
FAC-030,University,2025-08,436657.08,1735278.48,169637.46,58472.66,158280.87,2165858.56,5702529.4,178434.18,86.67,43200.15,8,7.6,3,30689726.23,10261931.69,10435511.24,-173579.55,1432.66,3,13782.71,Energy optimization,Low,107.02
FAC-006,IT Park,2025-01,675549.04,398533.33,253786.94,112347.07,173837.97,619887.56,846073.78,245048.61,88.3,64438.0,9,2.99,0,7015304.16,2958909.17,3071277.36,-112368.19,1765.1,10,73541.34,Energy optimization; Vendor consolidation,Low,131.99
FAC-014,IT Park,2026-06,458594.31,1319245.46,137167.71,26830.43,62486.09,2237451.83,3430155.09,250495.79,67.68,57839.49,2,11.6,0,26689314.35,8784111.29,7785259.02,998852.28,1250.04,5,22251.63,Energy optimization,Low,265.61
FAC-024,Corporate Office,2026-01,440374.31,1500111.72,175347.47,177488.65,121327.0,2837940.01,6166373.38,224023.6,90.43,42710.67,13,5.17,0,25377989.83,11292702.02,11467638.67,-174936.65,1536.6,6,65400.75,Energy optimization; Predictive maintenance,Low,105.25
FAC-019,Corporate Office,2025-03,74779.61,497894.24,23280.35,59091.95,183600.8,371549.12,609184.56,268430.98,33.98,10401.71,13,5.84,1,6442108.69,1994505.27,2064531.26,-70025.99,1796.81,10,63611.82,Predictive maintenance; Space/resource optimization,Low,233.51
FAC-027,University,2026-06,113838.18,1683765.27,29011.45,49617.8,172317.59,2767162.03,7611219.96,172066.13,54.6,13642.99,5,3.22,1,27439403.77,12738237.9,12569986.96,168250.95,1340.23,10,296901.35,Energy optimization; Space/resource optimization,Low,150.1
FAC-013,University,2025-02,383635.38,2867958.52,146727.06,34906.49,59950.22,2416404.93,7009968.32,98904.4,86.06,34468.34,4,5.39,4,44907769.34,13957012.46,12871728.26,1085284.2,1332.89,6,28045.77,Energy optimization,Low,154.6
FAC-020,Corporate Office,2026-03,72456.21,3079610.66,18522.95,93533.21,182199.71,2323024.11,4404232.88,147933.81,60.39,7308.13,9,6.11,1,43552888.9,10459219.79,10302990.58,156229.21,1286.43,11,21899.35,Vendor consolidation,Low,306.3
FAC-005,University,2026-05,228242.77,823180.49,62533.6,246161.24,70534.93,1571217.58,3129190.47,283796.31,47.84,25269.44,18,52.11,2,16636994.31,6813496.35,6352323.79,461172.56,1496.78,7,140991.94,Energy optimization; Predictive maintenance,Low,99.21
FAC-020,IT Park,2025-08,131126.47,918948.13,49550.83,44677.48,69459.26,1642024.15,2403934.02,281940.96,78.75,13318.48,4,6.67,2,14285016.59,5892534.79,5492110.47,400424.33,1401.05,11,39098.44,Energy optimization; Vendor consolidation,Low,340.72
FAC-028,IT Park,2025-05,145103.25,688518.41,44282.9,137510.6,131512.24,612240.66,2703230.42,104785.99,43.1,16010.87,11,8.61,3,8803301.72,4391350.78,4522901.57,-131550.8,1574.28,4,64838.16,Energy optimization; Predictive maintenance,Low,268.27
FAC-001,Hospital,2026-11,286564.06,1271047.28,101824.75,25281.7,166116.75,1648130.96,3196048.21,183198.46,54.16,31842.57,4,5.38,3,18218616.13,6652758.94,6776387.42,-123628.47,1072.55,8,185630.62,Energy optimization; Space/resource optimization,Low,112.68
FAC-007,Corporate Office,2025-12,167609.59,482954.29,68071.33,88812.33,128885.86,384967.92,1332012.07,313632.84,42.06,21076.29,11,9.8,1,5734749.35,3296291.1,2898874.9,397416.21,1417.54,12,103633.91,Energy optimization; Predictive maintenance,Low,95.18
FAC-017,University,2026-10,149708.52,1067373.54,50462.71,307477.68,94301.61,1370122.54,4667387.71,138540.7,47.39,16014.95,21,45.81,5,22260882.5,9177570.62,7794912.29,1382658.33,1467.14,5,248942.27,Energy optimization; Predictive maintenance,Low,82.59
FAC-006,IT Park,2025-08,534079.56,1459285.55,156738.73,129961.06,138886.17,2181940.64,5827885.55,296291.64,95.4,53575.85,9,11.66,0,28314355.16,11804370.56,10568330.17,1236040.39,1718.99,12,87814.07,Energy optimization; Vendor consolidation,Low,208.74
FAC-025,Hospital,2026-06,392875.47,2387641.94,140204.96,141675.56,114186.2,3769113.76,5371621.21,254448.1,51.89,34631.43,11,4.9,6,35438642.31,13523395.78,12431562.25,1091833.53,1375.78,7,468727.24,Energy optimization; Predictive maintenance,Low,196.27
FAC-028,University,2026-01,154956.66,214988.73,39194.9,99678.36,142243.18,367490.83,1071447.91,205864.88,58.6,15644.91,11,9.55,8,3223857.5,2169442.41,2256670.55,-87228.14,1883.7,8,30757.47,Energy optimization; Predictive maintenance,Low,179.31
FAC-027,IT Park,2025-10,82594.34,1096531.75,33202.78,230720.01,74783.01,1191339.55,3775986.94,125485.4,52.39,11004.04,14,24.97,5,20808459.06,6073677.0,6577440.99,-503764.0,1255.96,6,168424.09,Predictive maintenance; Space/resource optimization,Low,188.64
FAC-026,University,2026-09,128786.02,1783982.54,51027.66,197169.12,167022.07,1044250.65,3257453.76,354960.17,81.93,12028.45,12,8.91,2,24316107.86,7775816.79,6933624.33,842192.47,1249.75,11,55192.28,Energy optimization; Predictive maintenance,Low,147.34
FAC-007,Corporate Office,2025-08,320761.33,2837539.71,117776.6,80361.07,169950.04,3441784.01,4796423.14,217318.93,67.4,43699.37,7,5.91,1,50152733.03,13464953.84,11864138.23,1600815.61,1301.04,9,32786.95,Energy optimization; Vendor consolidation,Low,123.61
FAC-004,IT Park,2025-05,100314.29,3219540.23,41823.83,78718.69,94564.06,3431792.53,5656717.04,275630.24,81.24,13798.2,9,3.61,5,42146483.56,14310642.72,12857277.08,1453365.64,1416.47,11,41460.69,Energy optimization; Vendor consolidation,Low,154.39
FAC-030,Corporate Office,2025-12,197107.78,1705098.9,82089.4,114297.04,159791.36,875724.89,2584258.11,98001.48,51.87,20449.56,15,24.97,4,22101598.35,6292638.74,5734279.57,558359.17,1178.92,5,146038.67,Energy optimization; Predictive maintenance,Low,101.57
FAC-019,Corporate Office,2026-09,94210.25,3295805.67,38908.21,235777.29,88731.58,2734806.94,6248621.65,152821.62,78.89,9737.25,18,25.38,6,40475533.09,11876293.85,12850775.0,-974481.16,1693.57,4,27483.65,Predictive maintenance; Security process optimization,Low,338.57
FAC-022,IT Park,2025-03,194152.68,309080.23,60068.04,117226.83,139224.36,462067.75,1092492.5,152466.05,70.17,16995.79,12,10.3,2,4522605.84,2759065.74,2466710.41,292355.33,1490.46,12,42599.9,Energy optimization; Predictive maintenance,Low,311.96
FAC-012,IT Park,2026-12,398039.68,1380251.07,116519.58,61861.8,137047.15,2136903.44,6443188.68,257330.35,81.92,39703.83,6,7.25,3,30200053.64,11371614.78,10814622.18,556992.6,1302.5,12,70111.8,Energy optimization; Vendor consolidation,Low,113.82
FAC-009,University,2025-06,648399.55,1401382.95,228095.92,205922.35,165891.23,2229344.95,4207068.66,141596.19,76.12,69375.17,12,18.72,5,25124502.83,8629979.89,8999605.88,-369625.99,1684.37,10,97900.59,Energy optimization; Predictive maintenance,Low,100.19
FAC-008,IT Park,2025-12,250841.23,1671083.59,69904.23,51564.38,140784.03,2638510.63,6174469.71,275111.7,56.05,28499.95,7,4.57,2,22063420.83,11185928.09,11202365.27,-16437.17,1427.05,10,53406.33,Energy optimization; Vendor consolidation,Low,186.11
FAC-013,Hospital,2026-08,478087.0,95948.77,156862.76,40028.46,180762.14,145747.28,429093.04,331282.76,74.43,49848.37,8,7.0,1,1502929.51,1704765.94,1700949.46,3816.48,3650.11,12,53166.95,Energy optimization; Vendor consolidation,Low,131.72
FAC-012,Hospital,2026-06,59845.15,791762.57,24986.0,102611.62,50625.96,893988.63,3369337.99,153539.66,46.12,6717.62,9,8.92,1,13629144.14,6393129.91,5421711.58,971418.33,1317.87,10,134047.06,Space/resource optimization; Vendor consolidation,Low,288.46
FAC-009,Corporate Office,2025-02,550393.76,935567.25,215183.75,26271.96,81692.94,941945.24,2625488.33,295511.88,57.93,71089.55,2,1.78,8,16775939.52,6437189.83,5456871.35,980318.48,1366.61,12,60786.09,Energy optimization; Vendor consolidation,Low,160.37
FAC-025,IT Park,2025-03,188081.56,1805855.3,73071.69,114494.82,108128.41,1424217.66,3337166.79,254490.43,53.61,26043.73,10,7.39,3,26461001.47,6984126.64,7232434.96,-248308.32,1515.28,11,259910.47,Energy optimization; Predictive maintenance,Low,166.33
FAC-021,Hospital,2025-10,169073.47,3344880.29,52286.47,166985.73,98336.95,2781229.25,4142453.51,89515.92,50.67,17209.7,13,22.72,0,45363899.23,11380574.41,10792475.12,588099.29,1281.77,4,277319.33,Energy optimization; Predictive maintenance,Low,133.26
FAC-018,IT Park,2025-10,202400.29,677360.4,79900.28,52931.11,107427.06,864034.12,1834606.96,127495.2,77.16,22079.25,3,11.62,7,14055487.69,4482984.41,3866255.14,616729.27,1279.37,4,15993.41,Energy optimization; Security process optimization,Low,172.62
FAC-028,University,2026-10,161696.62,2695439.38,55202.61,156684.17,180440.03,2473750.38,6867932.79,145472.57,81.36,17477.15,12,17.39,3,34414850.03,14171744.8,12681415.93,1490328.87,1572.79,4,32484.54,Energy optimization; Predictive maintenance,Low,94.9
FAC-003,Corporate Office,2025-02,589531.86,1083778.25,165295.49,100741.86,92675.51,1284156.56,1937681.1,268756.92,65.24,66981.61,8,4.28,1,14817170.36,6276028.89,5357322.08,918706.82,1336.32,6,35805.18,Energy optimization,Low,87.75
FAC-019,IT Park,2025-06,156586.77,1274961.98,60906.95,19692.22,55140.18,2686983.79,5717042.21,191855.19,84.94,18434.25,4,0.97,1,19354285.41,9825389.64,10102262.35,-276872.71,1433.35,11,33818.65,Energy optimization; Vendor consolidation,Low,379.27
FAC-016,Hospital,2026-03,168952.5,1302607.48,62309.6,141822.56,109364.85,1989828.95,3174679.11,169331.57,75.93,19438.09,17,38.15,2,28512877.36,6984896.82,7056587.02,-71690.2,1330.43,9,49968.23,Energy optimization; Predictive maintenance,Low,89.51
FAC-028,Corporate Office,2026-03,114287.52,2221646.74,36873.96,191298.99,157058.83,2562978.42,3663928.45,181089.0,68.39,11045.46,15,3.43,0,33369719.63,8766976.72,9092287.94,-325311.21,1202.05,3,27142.13,Energy optimization; Predictive maintenance,Low,234.26
FAC-018,University,2026-10,591011.24,1234627.79,193027.81,128937.52,72957.0,1709719.74,4139884.34,175254.76,69.84,74826.05,10,14.44,1,19133091.91,9444903.43,8052392.39,1392511.04,1127.15,7,54738.88,Energy optimization; Predictive maintenance,Low,304.64
FAC-001,Corporate Office,2026-04,670691.08,691570.62,265099.87,112153.12,119247.48,558131.29,2540459.18,175781.19,85.58,65653.45,9,14.8,1,12368761.06,5568864.69,4868033.96,700830.73,1653.54,9,42723.73,Energy optimization; Vendor consolidation,Low,264.15
FAC-016,Corporate Office,2026-06,179880.8,177421.26,47811.42,221407.06,85985.79,233997.79,389422.86,168264.99,76.17,24584.02,13,11.34,4,2650718.21,1465810.61,1456380.57,9430.04,2216.71,3,31170.02,Energy optimization; Predictive maintenance,Low,108.19
FAC-005,University,2025-10,86217.41,1215358.41,35878.9,142025.03,174335.63,1773202.85,6133280.95,239927.63,81.08,8022.27,10,8.02,1,23999498.71,10421648.17,9764347.91,657300.26,1172.33,11,45570.62,Predictive maintenance; Vendor consolidation,Low,153.08
FAC-029,Corporate Office,2026-05,549598.64,1808360.89,189194.87,57920.14,191886.32,2147493.06,4953698.85,173360.64,90.88,53027.54,9,36.45,4,30567381.82,9322040.31,9882318.54,-560278.23,1690.15,3,51235.64,Energy optimization; Predictive maintenance,Low,227.65
FAC-018,Hospital,2025-08,87210.31,3617188.77,27029.07,130243.42,75628.41,2916268.82,7254352.57,186430.17,58.02,8118.98,11,4.57,1,51447453.44,16124005.28,14267322.48,1856682.8,1449.34,9,31885.78,Predictive maintenance; Vendor consolidation,Low,140.58
FAC-025,Corporate Office,2025-05,67424.4,2131640.71,21902.77,44152.08,110414.04,2135406.14,4493561.33,150771.27,66.78,6280.76,9,8.74,2,43071119.48,8496668.59,9133369.97,-636701.38,1146.11,9,23595.67,Vendor consolidation,Low,138.35
FAC-024,Hospital,2025-02,72570.92,2646857.57,23085.09,143018.64,62308.57,1981675.96,4287282.97,63538.06,85.18,8108.48,15,10.08,2,43656509.06,8970112.86,9257252.7,-287139.84,1183.94,4,17407.08,Predictive maintenance,Low,209.24
FAC-007,Corporate Office,2026-04,342660.14,739607.62,107646.42,143933.08,146459.66,353202.67,1734325.06,179438.14,64.9,36211.22,15,20.69,0,8878661.51,3576077.95,3639626.36,-63548.41,1859.8,12,48073.84,Energy optimization; Predictive maintenance,Low,152.11
FAC-010,IT Park,2025-11,334512.02,1394958.32,84542.43,49518.7,118378.94,1565224.89,4227675.73,183816.53,65.05,30854.93,5,9.75,4,28633384.51,8902198.23,7874085.14,1028113.09,1310.16,7,27624.26,Energy optimization,Low,114.53
FAC-004,IT Park,2025-10,251852.23,283618.29,99627.72,121700.3,154136.32,323992.6,964318.19,133594.29,60.21,29852.87,8,4.4,2,4383799.78,2378661.29,2233212.22,145449.07,1979.8,4,12227.63,Energy optimization,Low,369.76
FAC-010,University,2026-01,608441.86,329763.2,231506.76,142279.84,115322.0,454302.97,1256537.39,224646.68,30.98,62819.91,11,5.89,4,7006083.9,3686449.31,3131293.95,555155.37,1555.54,7,61222.31,Energy optimization; Predictive maintenance,Low,388.05
FAC-025,University,2025-06,645347.55,2070353.14,240401.63,57953.35,180168.41,3458712.55,8706161.32,76319.2,57.71,65498.36,7,25.1,3,27155119.33,16873866.93,15195015.51,1678851.42,1628.97,4,35626.04,Energy optimization; Predictive maintenance,Low,104.94
FAC-004,University,2026-02,211286.01,2055186.82,70816.62,182049.53,123979.45,2270686.04,4429457.87,167982.53,75.41,20622.03,13,14.32,4,38172169.93,10048802.02,9440628.24,608173.78,1218.93,7,24578.58,Energy optimization; Predictive maintenance,Low,180.55
FAC-024,IT Park,2026-02,202966.98,1137811.34,76862.71,63469.7,206093.65,1435890.68,3285807.95,254013.21,55.35,26668.11,8,18.73,8,23797001.09,6985241.71,6586053.51,399188.2,1322.24,10,41469.82,Energy optimization; Vendor consolidation,Low,88.21
FAC-021,Corporate Office,2026-02,236784.55,914339.11,97891.63,52212.11,203554.74,898095.21,2713239.47,398586.21,36.45,31128.2,6,6.87,5,15212197.66,4994668.94,5416811.41,-422142.48,1706.08,11,117042.32,Energy optimization; Space/resource optimization,Low,171.76
FAC-018,University,2025-03,287792.2,2020667.93,76310.69,38237.87,97183.27,2763478.38,4070339.0,254974.98,61.19,29916.85,6,9.36,1,31458647.31,10726524.51,9532673.63,1193850.88,1276.64,4,22983.91,Energy optimization,Low,254.24
FAC-017,Hospital,2026-04,536703.07,1662379.99,146109.82,27232.4,142212.77,1966064.85,4886746.69,145024.94,95.22,64438.82,5,5.32,1,24067253.87,8991989.78,9366364.71,-374374.92,1294.41,7,42051.01,Energy optimization,Low,86.54
FAC-017,University,2025-10,176364.17,338995.95,67504.37,43868.63,143689.83,221541.79,414817.03,248118.63,71.32,17677.7,9,7.26,0,4439535.33,1818562.22,1587396.03,231166.19,1924.12,7,7306.84,Energy optimization,Low,90.09
FAC-025,University,2026-01,163958.8,2841771.59,63677.06,135889.41,145077.4,3531495.31,6913053.24,272649.45,98.0,22985.56,9,9.61,3,36607683.97,14424603.79,14003895.21,420708.59,1412.82,12,53669.88,Energy optimization; Vendor consolidation,Low,319.99
FAC-013,University,2025-10,572531.82,3374858.82,191494.23,64098.92,151689.82,3560331.13,5111396.11,326352.17,98.0,58105.02,7,5.42,2,45086940.82,12767143.67,13161258.79,-394115.12,1548.02,11,67192.0,Energy optimization; Vendor consolidation,Low,91.71
FAC-012,Corporate Office,2025-10,622572.86,323024.82,211648.46,66321.21,186387.74,645522.74,1344537.84,102578.83,74.15,62722.68,8,8.65,3,4950814.44,3779027.39,3290946.04,488081.35,1961.23,12,65916.62,Energy optimization; Vendor consolidation,Low,81.97
FAC-006,University,2026-09,379354.87,1196713.93,132397.67,54490.06,74787.94,2390111.24,4311381.36,287037.11,50.8,33744.68,7,8.17,5,23413794.28,8372508.5,8693876.5,-321368.0,1346.84,7,268377.32,Energy optimization; Space/resource optimization,Low,171.69
FAC-015,Corporate Office,2026-03,510769.19,202743.73,196112.36,143161.88,139940.01,206661.66,466595.08,158022.59,69.74,53416.22,8,4.05,4,2889136.63,1762761.4,1827894.14,-65132.74,3212.47,5,26455.98,Energy optimization,Low,382.87
FAC-030,Corporate Office,2026-02,667203.71,1433793.04,248163.57,122970.72,130257.48,1345606.08,4905594.9,253214.06,81.01,80527.02,16,2.95,0,17094152.68,8443848.35,8858639.99,-414791.64,1623.65,9,66429.36,Energy optimization; Predictive maintenance,Low,91.89
FAC-011,University,2026-03,360929.1,1072462.97,133612.16,51876.2,89052.82,1169212.09,2709861.16,130416.35,92.63,31916.03,4,2.54,4,20109217.79,6216190.36,5583810.69,632379.67,1109.22,4,22356.02,Energy optimization,Low,376.16
FAC-014,IT Park,2025-06,649998.14,135821.81,163558.42,174919.87,170702.15,78298.88,212242.32,234515.35,71.77,61629.17,12,4.16,6,1709917.38,1772029.21,1656498.51,115530.71,4653.09,5,74808.05,Energy optimization; Predictive maintenance,Low,195.46
FAC-002,Hospital,2025-06,344901.81,1984629.15,110806.7,136760.66,62646.08,3608222.75,4187709.68,127571.47,49.2,42745.94,10,12.57,2,30699892.49,12088504.94,10452441.6,1636063.33,1149.38,4,265300.28,Energy optimization; Predictive maintenance,Low,89.68
FAC-013,University,2026-11,113360.41,2016507.22,29713.0,90548.04,121603.37,1450220.16,5887554.96,313886.73,75.89,12155.42,17,6.8,2,40665560.92,11478225.32,9993680.89,1484544.43,1336.77,10,54640.61,Energy optimization; Predictive maintenance,Low,149.13
FAC-007,Hospital,2026-02,167390.33,1110277.96,56971.21,58888.51,143239.4,1550543.12,3132899.25,202914.21,52.55,18751.84,5,5.49,4,14717650.46,7100778.88,6366152.77,734626.12,1462.14,9,105464.71,Energy optimization; Space/resource optimization,Low,132.58
FAC-029,Corporate Office,2025-06,491402.11,778589.29,124381.46,313602.89,109256.76,984634.08,2599949.17,277352.76,65.32,68745.85,19,27.2,0,9752257.45,6224842.09,5554787.06,670055.03,1983.85,9,112439.11,Energy optimization; Predictive maintenance,Low,138.63
FAC-009,IT Park,2025-11,115649.31,2608086.3,41932.37,68812.31,191356.47,2054956.93,4941047.15,282460.49,64.2,12717.69,14,28.3,5,35016783.21,12104016.98,10262368.95,1841648.03,1394.53,6,22970.62,Energy optimization; Predictive maintenance,Low,130.61
FAC-027,University,2025-01,102292.15,1346323.01,41559.29,91314.02,197518.69,3135708.74,7734011.11,171571.98,74.22,9254.21,14,15.56,4,24209310.28,14915583.52,12778739.68,2136843.84,1560.1,11,21359.95,Energy optimization; Predictive maintenance,Low,148.1
FAC-015,IT Park,2026-01,162767.61,546985.12,41566.23,84627.74,197859.73,642086.76,1155565.71,241354.0,42.43,17546.95,9,9.49,4,10373711.59,3409816.36,3031246.66,378569.7,1435.93,6,60577.11,Energy optimization; Space/resource optimization,Low,183.66
FAC-008,University,2026-06,682080.78,280740.6,183787.7,82630.08,167557.65,382999.0,1540267.06,152752.95,80.0,59672.42,13,43.62,0,4806565.23,3295948.89,3289028.12,6920.77,1949.63,3,67371.33,Energy optimization; Predictive maintenance,Low,119.25
FAC-014,Corporate Office,2026-02,367277.54,1528827.16,95968.74,68955.23,81692.53,2832436.89,4688747.03,175537.2,72.81,42215.34,10,11.39,2,30181589.85,11422706.43,9743473.57,1679232.86,1423.03,11,37159.63,Energy optimization; Predictive maintenance,Low,132.23
FAC-011,Corporate Office,2025-03,660996.54,1741093.48,185915.22,54252.04,109002.69,2201558.36,3750073.15,106367.36,69.58,69751.02,4,6.9,6,30921864.23,7965652.75,8623343.61,-657690.86,1401.71,6,65086.7,Energy optimization; Security process optimization,Low,82.45
FAC-029,IT Park,2025-07,212533.69,1242988.42,57464.99,43138.72,177889.04,2378720.38,5021805.73,290198.37,59.77,21320.16,5,3.98,1,18434778.39,8996770.58,9367274.35,-370503.77,1453.42,6,8940.76,Energy optimization,Low,163.61
FAC-022,University,2025-11,566288.62,3573757.82,154768.18,54761.46,60089.78,2755083.97,7549331.79,174383.23,56.68,69915.24,6,7.04,2,43043968.45,15162751.94,14733696.68,429055.27,1670.49,6,42936.2,Energy optimization,Low,165.66
FAC-026,IT Park,2025-04,112794.67,391241.83,35772.35,105042.33,65586.41,452763.67,849908.46,146298.54,60.29,15055.96,14,9.79,2,5177108.89,2168202.61,2123635.91,44566.7,1584.8,5,24283.83,Energy optimization; Predictive maintenance,Low,266.53
FAC-019,Corporate Office,2026-01,435139.49,1194172.26,166379.46,64227.09,67448.79,1005697.21,1911196.33,183718.28,83.39,46924.36,12,16.17,2,15913050.0,4616334.44,4861599.45,-245265.01,1601.32,11,57657.25,Energy optimization; Predictive maintenance,Low,353.27
FAC-017,University,2025-10,243537.44,2797032.34,88307.45,59150.08,144392.08,1734023.78,7329165.7,211553.7,73.22,21268.39,4,5.77,0,40797506.92,12666891.83,12518855.12,148036.72,1585.67,8,21404.11,Energy optimization,Low,391.77
FAC-006,University,2026-04,143261.74,90286.55,44874.21,76903.14,161845.73,127178.6,182422.88,250301.08,75.77,15020.48,6,10.56,4,1575964.99,952235.26,1032199.72,-79964.46,3009.33,6,8004.36,Energy optimization,Low,142.51
FAC-028,Hospital,2026-10,327566.37,1656477.98,100213.08,78692.88,111025.24,2147758.57,3423353.96,247401.87,57.77,40494.39,7,12.43,2,32655240.52,9284731.69,7992276.87,1292454.82,1177.41,11,54143.37,Energy optimization; Vendor consolidation,Low,114.12
FAC-007,IT Park,2025-06,368016.69,605860.82,154233.07,84420.14,74162.91,699846.64,1922758.31,243098.56,51.79,40402.45,14,9.78,4,8287001.61,4099807.73,3998164.07,101643.66,1941.8,9,138988.75,Energy optimization; Predictive maintenance,Low,333.12
FAC-013,Corporate Office,2026-09,418346.61,3400178.04,115210.36,64197.3,166095.06,3873084.22,7482468.58,205143.09,80.96,46907.7,9,8.1,6,54461118.21,17940172.88,15609512.9,2330659.98,1633.14,8,45870.83,Energy optimization; Security process optimization,Low,169.13
FAC-003,Hospital,2026-07,463656.34,2401634.1,166663.14,46641.62,109370.08,1189270.49,4959833.41,178480.99,53.0,46054.46,7,3.9,3,31514141.46,9526802.52,9348887.04,177915.48,1629.58,8,92070.97,Energy optimization; Space/resource optimization,Low,175.23
FAC-003,Corporate Office,2026-04,296203.31,1320067.03,113420.72,102353.03,83659.05,2697000.15,5241844.48,198391.92,62.42,34997.67,7,19.6,3,24612358.87,10401891.6,9939518.98,462372.62,1143.79,6,28781.7,Energy optimization,Low,119.09
FAC-009,University,2026-11,226361.65,2213676.26,69053.48,29406.37,162730.92,2205804.0,6611130.66,245404.73,43.5,20923.11,6,16.22,3,35377695.85,12579569.07,11694514.6,885054.47,1179.6,5,174572.46,Energy optimization; Space/resource optimization,Low,88.61
FAC-020,Corporate Office,2025-11,259910.02,3203693.03,80370.93,241988.93,73096.0,2410396.67,3548082.0,203224.37,58.88,22621.22,14,16.04,4,38296083.72,9219517.97,9940391.03,-720873.06,1459.25,3,26097.7,Energy optimization; Predictive maintenance,Low,100.61
FAC-007,IT Park,2026-01,252905.89,998621.85,99870.64,50595.66,152931.03,1284735.04,2884423.56,80996.55,46.93,24422.99,7,10.5,1,13842049.05,5294219.34,5705209.59,-410990.25,1630.53,5,101605.21,Energy optimization; Space/resource optimization,Low,165.78
FAC-007,Hospital,2026-06,639561.35,1792261.91,259527.73,31099.48,153108.67,1875999.5,4716758.22,241232.08,66.24,58138.44,6,2.71,1,31953893.02,10507930.08,9450021.21,1057908.87,1177.13,5,20591.69,Energy optimization,Low,222.21
FAC-003,Hospital,2025-05,180713.71,1165719.92,69586.71,109251.68,67100.51,2362293.93,5251975.74,110840.96,61.87,25125.68,7,15.92,1,19911895.76,10631842.04,9247896.46,1383945.58,1473.53,5,6577.93,Energy optimization,Low,156.4
FAC-030,Corporate Office,2025-08,638238.84,138087.04,205920.03,55806.31,173777.31,121491.02,381305.7,275656.79,65.96,55980.96,9,4.95,0,1765131.98,2026133.11,1784363.01,241770.1,4208.4,9,92612.75,Energy optimization; Vendor consolidation,Medium,95.5
FAC-029,University,2026-09,307572.71,1604121.81,80363.82,23343.83,146018.46,2592007.69,4574259.41,158881.36,67.78,40036.86,3,10.36,1,21129825.31,9019762.16,9406205.28,-386443.11,1478.73,7,25284.27,Energy optimization,Low,276.97
FAC-004,University,2026-05,549685.91,611365.69,183116.39,46869.59,168519.59,821488.58,1625974.48,144409.02,55.09,62376.51,8,5.44,1,8054167.7,4142964.87,3968312.87,174652.0,1551.33,4,30197.48,Energy optimization,Low,168.92
FAC-015,IT Park,2025-01,389001.82,1999690.0,125738.08,41495.43,172776.61,2550015.14,5245559.8,279795.62,75.4,48863.23,7,10.57,1,36445325.37,10208330.74,10678334.42,-470003.68,1500.19,9,66241.9,Energy optimization; Vendor consolidation,Low,396.29
FAC-013,IT Park,2025-12,481678.29,508557.15,194835.38,64690.93,114819.66,417158.92,901336.67,214442.43,94.52,43599.68,9,10.08,2,6447969.12,3058625.11,2702684.04,355941.07,2075.79,4,27560.94,Energy optimization,Low,100.87
FAC-027,Hospital,2025-08,52684.66,1314117.12,15068.91,95504.19,107988.15,3671033.77,6621484.15,101053.22,67.38,5950.61,10,13.03,4,28642080.52,11813584.74,11963865.26,-150280.52,1289.21,7,8468.28,Predictive maintenance,Low,107.9
FAC-024,IT Park,2025-02,203853.03,1486256.86,74607.93,66407.62,72548.17,2050123.57,3695431.72,143508.91,71.37,19563.23,4,2.44,4,20071737.46,7904679.39,7718129.87,186549.52,1519.32,6,16190.59,Energy optimization,Low,151.24
FAC-012,Corporate Office,2026-12,390887.23,2580567.54,162943.54,90469.75,133661.24,1344969.33,6715825.04,94248.16,65.05,47944.11,12,36.65,0,37232868.69,10791396.12,11350628.28,-559232.17,1579.99,3,24845.62,Energy optimization; Predictive maintenance,Low,213.42
FAC-027,Hospital,2025-10,743165.97,2002104.17,244362.44,108150.6,207767.78,1814153.09,4151303.54,215081.61,74.5,74704.21,8,3.49,6,23652753.84,9415725.92,9241726.76,173999.16,1199.6,9,71497.28,Energy optimization; Vendor consolidation,Low,280.2
FAC-006,Corporate Office,2025-04,128456.73,2384640.35,52406.79,63492.09,175485.99,2361208.55,3390885.62,188499.49,54.1,11259.5,9,15.2,1,34643026.79,8413630.45,8692668.82,-279038.37,1294.9,3,139735.73,Energy optimization; Space/resource optimization,Low,324.2
FAC-008,University,2026-10,185258.35,957307.22,66435.37,234542.79,118861.77,1330695.62,3015058.18,173689.95,94.07,24429.57,17,35.22,3,12296553.22,6593077.54,6015413.87,577663.67,1630.64,7,49639.43,Energy optimization; Predictive maintenance,Low,156.77
FAC-013,University,2025-05,436645.44,1394948.79,110810.79,90790.4,133048.05,1451458.23,5983312.02,372685.54,81.82,51570.32,8,14.87,1,26925050.65,9640356.39,9862888.48,-222532.08,1559.35,12,55411.89,Energy optimization; Vendor consolidation,Low,87.27
FAC-012,University,2025-02,402272.86,2261209.53,136511.76,49985.52,101278.44,1375005.12,3820467.14,331897.88,86.19,42182.6,5,6.13,1,35179885.97,8050751.9,8342116.49,-291364.59,1147.31,11,66449.23,Energy optimization; Vendor consolidation,Low,96.57
FAC-022,Corporate Office,2026-07,608832.66,1877221.19,198760.88,196219.34,174930.05,2429665.52,8157801.68,174268.38,75.09,84591.68,15,3.17,10,30843977.26,13523764.9,13618938.83,-95173.94,1451.91,7,73989.64,Energy optimization; Predictive maintenance,Low,86.21
FAC-013,Hospital,2026-02,300057.19,1568096.95,117124.9,52452.58,62158.36,2662690.15,6361789.64,275655.27,91.36,28507.91,4,3.96,2,34049007.31,11494755.12,11282900.15,211854.97,1450.99,9,40255.5,Energy optimization; Vendor consolidation,Low,143.77
FAC-003,University,2026-04,83590.72,1835832.23,29287.56,136858.08,62476.44,3173566.7,8821378.73,149701.78,66.42,8888.86,18,29.57,2,34256240.86,16675482.15,14263404.67,2412077.48,1436.54,6,7716.12,Predictive maintenance,Low,112.4
FAC-005,Corporate Office,2025-03,157358.66,2303950.15,43362.04,189982.59,104379.22,3788706.26,8555658.2,318919.88,45.32,18021.26,13,12.24,2,30699821.9,16572958.61,15418954.95,1154003.66,1614.38,9,390641.72,Energy optimization; Predictive maintenance,Low,120.54
FAC-026,University,2026-09,74024.97,1304035.23,25658.66,101896.22,62239.56,1438445.61,4203920.99,390652.77,57.78,8904.64,6,12.09,3,22220682.1,8147950.03,7575215.36,572734.67,1414.34,10,28829.13,Vendor consolidation,Low,244.22
FAC-025,IT Park,2025-07,97911.42,400149.05,39926.78,63135.99,149346.03,638220.62,1712192.74,357650.29,98.0,12249.79,8,12.28,0,6430196.34,3395417.64,3418606.13,-23188.49,1749.54,11,33909.81,Vendor consolidation,Low,139.42
FAC-001,Hospital,2025-11,500473.4,1152715.18,150525.8,87166.18,137557.87,856028.8,1498280.4,307446.13,92.77,48690.33,7,0.8,2,15106222.16,4670893.3,4539667.97,131225.33,1679.49,7,38014.62,Energy optimization,Low,287.68
FAC-027,University,2026-03,154004.12,2743687.35,56366.9,216934.47,132369.34,1654493.32,6084254.36,250398.66,73.44,13395.33,15,48.72,5,37976928.37,10977231.42,11236141.63,-258910.21,1304.1,11,59679.02,Energy optimization; Predictive maintenance,Low,81.95
FAC-013,Corporate Office,2026-11,445928.27,3096632.77,114796.82,117640.14,76062.65,1595411.6,4108713.92,280408.6,91.71,43206.7,14,10.14,3,43578240.63,9427889.73,9720797.93,-292908.2,1169.63,11,71521.85,Energy optimization; Predictive maintenance,Low,118.04
FAC-002,Corporate Office,2026-02,545599.95,2164011.35,155366.1,38242.52,99352.65,2285432.72,5151899.63,249631.52,63.9,61032.7,8,1.22,2,29751634.55,11095176.93,10534170.35,561006.58,1712.87,10,65621.14,Energy optimization; Vendor consolidation,Low,274.4
FAC-026,University,2025-07,259709.6,830953.76,108222.84,179739.08,160837.82,1102534.01,3800325.57,233729.49,67.98,30126.52,11,12.48,4,14830301.18,7516136.87,6567829.34,948307.53,1633.79,8,41044.88,Energy optimization; Predictive maintenance,Low,85.01
FAC-030,IT Park,2025-05,111042.37,199734.64,40109.83,17400.41,65811.82,364636.5,733582.29,207503.47,47.52,15822.49,2,7.95,0,3746094.83,1745014.42,1699711.5,45302.92,1603.5,8,41937.85,Energy optimization; Space/resource optimization,Low,349.88
FAC-004,Corporate Office,2025-05,343441.16,931437.63,105519.49,119677.04,107944.66,859139.65,1562912.61,220038.16,87.02,35397.15,10,22.37,0,14630398.02,4523496.42,4144590.91,378905.51,1333.52,9,56146.8,Energy optimization; Predictive maintenance,Low,190.93
FAC-022,Corporate Office,2026-08,391063.03,607939.9,130985.55,266657.37,101841.13,1055770.08,2291127.98,214802.96,67.74,42330.39,15,58.12,2,10012895.89,5040522.19,4929202.45,111319.74,1933.02,12,68865.02,Energy optimization; Predictive maintenance,Low,96.87
FAC-026,Corporate Office,2026-12,633208.6,1647407.44,232477.87,91256.23,76153.21,2150966.37,4057632.04,255307.61,76.64,70048.74,7,9.58,3,31034383.52,8240938.4,8911931.51,-670993.1,1249.92,7,45961.95,Energy optimization,Low,168.8
FAC-005,Corporate Office,2026-06,223876.09,859438.79,74937.88,126562.6,68584.18,595841.12,1375737.97,263233.95,40.98,20013.07,13,19.67,5,11129257.78,3282065.33,3513274.69,-231209.37,1161.8,8,57986.79,Energy optimization; Predictive maintenance,Low,148.36
FAC-015,Hospital,2025-10,60729.95,2739772.84,16033.01,88984.71,81531.17,2872401.36,4147984.12,253802.33,56.37,6108.04,6,15.83,6,37428904.91,9757222.38,10245206.48,-487984.1,1232.88,11,30967.39,Vendor consolidation; Security process optimization,Low,142.6
FAC-001,Corporate Office,2026-06,63268.11,1590645.31,16809.32,27439.63,174358.19,1705812.49,4731341.67,239554.53,45.03,8096.87,4,2.29,1,18874984.6,9522969.76,8532419.93,990549.83,1609.89,7,126021.16,Space/resource optimization,Low,118.26
FAC-026,Hospital,2025-12,248635.07,1907660.78,71045.81,31633.38,153453.13,1095262.3,3398397.0,253544.4,68.79,30070.63,5,2.5,5,32651380.79,7025019.0,7088586.06,-63567.06,1231.51,12,57203.22,Energy optimization; Vendor consolidation,Low,106.06
FAC-007,University,2026-09,589839.61,2469562.48,180266.96,115333.02,98607.68,2298191.61,6367487.06,172851.12,63.67,53598.29,11,10.66,1,31264827.19,13527084.12,12111872.59,1415211.53,1558.4,3,40464.75,Energy optimization; Predictive maintenance,Low,196.53
FAC-003,IT Park,2026-12,224505.49,196219.33,81810.68,24074.89,131315.03,374987.31,448997.7,291635.15,69.09,26492.05,4,7.26,2,3379609.0,1600176.97,1691734.89,-91557.92,1780.77,10,56961.28,Energy optimization; Vendor consolidation,Low,227.62
FAC-008,Corporate Office,2025-09,476103.52,220833.92,192912.34,164295.24,93410.8,459940.97,1130023.73,199381.98,42.84,41961.46,11,35.74,5,4351759.42,3085442.47,2743990.16,341452.32,2063.15,12,117129.72,Energy optimization; Predictive maintenance,Low,335.78
FAC-008,Corporate Office,2026-04,97961.91,1188624.41,34098.65,125483.55,128435.95,1170689.04,3514812.31,347827.08,94.3,9533.95,8,8.93,7,16915684.59,7084764.38,6573834.25,510930.14,1492.36,12,35256.38,Vendor consolidation; Security process optimization,Low,344.98
FAC-023,Hospital,2026-07,121210.29,421664.16,46257.61,76495.81,136066.99,610241.44,1831406.76,184995.28,60.8,16521.44,10,20.31,2,8090157.32,3573646.42,3382080.73,191565.69,1397.55,5,15199.25,Energy optimization; Predictive maintenance,Low,175.97
FAC-013,Hospital,2026-11,68262.52,298607.93,27875.8,82603.45,133772.67,546178.27,1022591.93,137215.35,54.45,9608.81,11,9.78,1,5699953.27,2580527.33,2289232.11,291295.22,1423.65,4,42590.81,Predictive maintenance; Space/resource optimization,Low,196.76
FAC-006,Hospital,2025-07,243115.56,501405.92,73570.78,39025.7,113367.41,883161.31,2037911.21,166859.83,56.49,25887.13,7,13.17,4,10317470.8,4576250.46,3984846.92,591403.54,1719.09,5,17913.09,Energy optimization,Low,90.62
FAC-012,Corporate Office,2025-10,449295.18,2730698.12,175272.47,125566.41,168772.45,3671101.0,7383470.25,159229.42,45.97,51398.98,10,12.49,2,45311984.13,15831163.33,14688132.83,1143030.5,1677.88,7,369971.57,Energy optimization; Predictive maintenance,Low,107.37
FAC-001,Corporate Office,2025-09,498783.28,1083280.14,202114.91,147849.05,109720.14,1673335.1,2731988.09,223746.81,74.85,57656.66,10,20.44,2,15107191.16,6793448.74,6468702.61,324746.13,1394.12,3,48987.86,Energy optimization; Predictive maintenance,Low,250.4
FAC-013,IT Park,2025-04,383938.68,1212711.04,148288.26,85230.07,120918.6,1088156.77,2412221.54,268211.34,91.43,38663.52,7,19.62,1,20445080.92,5291284.8,5571388.04,-280103.24,1351.95,10,54538.44,Energy optimization; Vendor consolidation,Low,274.84
FAC-008,IT Park,2025-02,392550.92,281963.81,116299.63,32383.57,88155.22,362156.16,941614.97,238575.05,66.29,51867.13,4,6.64,2,3920213.11,2392578.21,2337399.69,55178.52,2168.27,7,13599.06,Energy optimization,Low,256.87
FAC-028,IT Park,2026-03,516818.63,397240.44,166673.5,112797.78,154093.08,433235.33,971550.59,233085.15,87.69,45940.29,15,27.49,7,6420363.65,3057624.37,2818821.0,238803.37,2100.46,10,95377.92,Energy optimization; Predictive maintenance,Low,133.33
FAC-008,Hospital,2026-08,282752.63,2112894.06,77763.88,230431.76,165324.55,1972066.07,5957545.47,241602.11,55.13,35431.73,13,6.41,0,43434712.61,12496362.81,10962616.64,1533746.18,1181.57,8,46557.52,Energy optimization; Predictive maintenance,Low,101.98
FAC-007,Corporate Office,2025-10,227600.06,430351.1,61167.24,169741.58,185496.96,728619.66,2070760.75,112138.51,64.55,26110.39,16,44.41,3,8778866.22,4142665.61,3924708.63,217956.99,1468.83,8,28030.09,Energy optimization; Predictive maintenance,Low,97.68
FAC-014,IT Park,2025-02,165419.69,245123.21,45555.17,105743.31,69354.37,214656.88,565502.47,168561.67,69.0,14408.11,17,23.57,2,3118522.27,1796479.31,1534361.61,262117.7,2073.46,7,16750.14,Energy optimization; Predictive maintenance,Low,111.99
FAC-011,Corporate Office,2026-12,256408.36,389382.75,95660.25,52575.05,123222.5,648346.61,2098898.27,124436.26,91.99,31595.35,10,4.85,3,7423985.37,3832007.35,3693269.79,138737.56,1653.95,5,28021.59,Energy optimization; Predictive maintenance,Low,202.06
FAC-001,IT Park,2025-09,235928.09,704169.29,78828.92,80291.97,129356.84,1226178.2,2400278.03,147453.66,67.58,31945.2,17,39.79,2,11510727.24,4858696.38,4923656.08,-64959.7,1331.44,3,27686.3,Energy optimization; Predictive maintenance,Low,329.63
FAC-010,University,2025-04,95662.74,1302541.2,32100.7,120019.03,123497.38,1444234.89,3402836.24,250447.72,78.3,9372.29,10,9.53,3,20749196.31,6930771.65,6739239.2,191532.46,931.22,8,15759.38,Predictive maintenance,Low,113.52
FAC-002,University,2025-06,152253.22,1049167.43,42846.18,97777.12,115403.37,2893793.39,5513444.51,267350.62,80.12,19380.9,10,19.41,1,20754392.16,9716353.03,10089189.65,-372836.62,1427.85,7,19981.54,Energy optimization; Predictive maintenance,Low,118.13
FAC-004,Hospital,2025-11,256820.4,639180.23,70126.7,88138.93,128143.14,822269.39,2516651.72,174558.38,57.09,24308.46,8,6.16,0,9261663.28,5160374.04,4625762.19,534611.85,1406.86,7,11875.08,Energy optimization,Low,83.6
FAC-028,University,2025-07,451796.93,1685826.88,179573.04,97702.13,156566.93,3571934.01,6947119.6,247768.58,73.84,63052.92,9,1.27,4,31496116.86,13636065.24,13158715.06,477350.18,1408.1,8,25595.05,Energy optimization,Low,312.82
FAC-005,Hospital,2025-01,376157.45,625588.95,123050.08,122084.45,174001.1,679191.44,1399858.75,376993.98,71.43,34855.79,18,10.16,4,10486970.03,3812516.97,3753876.11,58640.86,2032.42,11,85229.07,Energy optimization; Predictive maintenance,Low,95.45
FAC-027,University,2025-06,369790.44,1315010.99,92548.37,55119.43,82153.35,2261742.21,5306201.26,122898.59,25.0,35044.45,7,2.63,5,24717894.45,9602752.12,9512916.28,89835.84,1102.05,3,277841.54,Energy optimization; Space/resource optimization,Low,97.2
FAC-025,University,2026-06,307652.2,1634231.37,127616.58,213326.06,89988.9,3095242.72,6938130.27,172693.18,70.46,37663.06,13,3.68,4,35044268.91,11679988.97,12451264.7,-771275.73,1589.79,3,33017.99,Energy optimization; Predictive maintenance,Low,218.73
FAC-026,IT Park,2026-07,620654.5,364005.61,256701.27,20459.66,51060.57,829512.57,1968891.51,180915.84,47.54,56832.14,3,4.08,0,6093742.32,4458915.25,4035500.26,423414.99,1831.82,9,200141.19,Energy optimization; Space/resource optimization,Low,133.38
FAC-007,University,2026-02,367968.91,589892.37,119342.94,172232.49,98124.45,603246.05,1872472.1,273681.42,54.42,35465.26,13,14.76,0,10120036.83,4314900.79,3977617.8,337282.99,1664.28,10,101214.97,Energy optimization; Predictive maintenance,Low,293.39
FAC-023,Hospital,2025-03,211227.43,1896249.88,82823.67,47987.75,89230.45,2133242.24,3345135.94,201138.51,34.17,22661.19,6,8.76,2,29345349.14,8765361.89,7924212.2,841149.7,1533.92,3,253851.09,Energy optimization; Space/resource optimization,Low,165.58
FAC-024,Hospital,2025-03,370548.23,1896797.75,118963.31,17930.47,111426.28,1627738.74,3719190.94,238108.67,56.35,36135.04,2,16.54,5,25826069.5,8816081.82,7981741.07,834340.75,1336.3,7,35818.21,Energy optimization; Security process optimization,Low,93.96
FAC-011,IT Park,2025-05,365942.33,2020921.81,101421.1,157778.27,136934.46,2062645.5,4658749.7,140094.79,82.79,44897.28,10,2.43,0,27526457.23,10673246.23,9543066.86,1130179.36,1717.92,4,36204.55,Energy optimization; Predictive maintenance,Low,148.47
FAC-001,Hospital,2026-07,337806.7,1331558.82,97591.89,29867.51,174726.73,1373329.77,3391310.06,179753.77,88.45,35272.91,3,14.09,3,15856566.31,6381214.01,6818353.37,-437139.36,1684.38,7,20461.48,Energy optimization,Low,92.46
FAC-005,Hospital,2026-12,84818.98,2405589.6,30883.33,15829.83,114101.37,1636530.36,4324625.06,209364.06,60.51,7770.79,3,4.77,2,33571803.16,10173661.57,8790859.26,1382802.31,1052.04,11,12888.19,Vendor consolidation,Low,135.34
FAC-005,Hospital,2025-04,127540.84,1652513.21,43035.09,159156.13,139510.63,1756751.43,7398868.3,86744.39,86.63,12993.78,11,9.51,1,30392013.51,12720922.27,11321084.93,1399837.34,1432.32,6,14740.54,Energy optimization; Predictive maintenance,Low,149.26
FAC-002,IT Park,2025-09,359014.25,1911120.69,124085.7,31703.88,174544.34,3595998.81,6519190.02,166200.27,73.83,35669.6,5,6.45,2,28779680.73,14828674.06,12757772.26,2070901.8,1442.86,7,18350.46,Energy optimization,Low,98.55
FAC-008,IT Park,2026-08,101401.09,2971369.77,30071.85,120410.15,138703.04,1551108.16,4869360.32,128043.68,71.47,8879.37,18,33.13,1,39158366.58,10944122.35,9880396.21,1063726.14,1328.55,5,10626.62,Energy optimization; Predictive maintenance,Low,191.63
FAC-014,Corporate Office,2025-04,743629.4,1526402.86,280819.74,158790.93,132415.06,1023311.78,4141100.36,332836.98,72.63,67144.07,15,9.54,0,26738277.42,8390246.2,8058487.37,331758.83,1596.06,9,87613.62,Energy optimization; Predictive maintenance,Low,104.9
FAC-014,IT Park,2025-08,315804.88,1430954.84,121305.94,18716.71,112433.91,3460163.74,5734914.96,211321.57,77.18,40415.61,2,5.59,2,27766521.26,12088479.3,11284310.61,804168.69,1273.34,9,39576.35,Energy optimization; Vendor consolidation,Low,124.23
FAC-008,University,2026-01,497704.03,1536792.14,125260.33,54312.2,119813.99,2118729.7,4753943.46,159519.33,67.55,70997.75,6,4.0,1,19959800.43,10458507.97,9240814.85,1217693.12,1569.43,5,43474.42,Energy optimization,Low,108.59
FAC-011,Corporate Office,2025-04,464787.31,2872195.95,172013.04,279449.46,84985.02,3731591.5,6948601.67,162457.91,63.31,41845.54,16,19.56,5,37213445.58,15275319.64,14544068.83,731250.81,1595.97,6,70341.02,Energy optimization; Predictive maintenance,Low,356.8
FAC-016,Corporate Office,2025-05,152092.92,1726585.58,60958.89,105687.02,96908.24,3253308.43,9059896.14,251238.4,80.76,20897.99,6,6.21,1,25520228.36,15487445.08,14645716.74,841728.34,1534.39,12,30295.1,Energy optimization; Vendor consolidation,Low,339.75
FAC-010,Hospital,2026-10,594148.02,383589.89,206557.16,34684.25,119647.05,588345.57,812289.55,260353.26,71.49,54633.7,3,4.27,2,6817368.37,2978001.08,2793057.6,184943.48,1971.11,6,57782.64,Energy optimization,Low,95.18
FAC-013,IT Park,2025-03,146238.06,1538246.58,39597.38,106733.91,81843.99,1364183.72,5556438.15,134778.94,80.78,16955.59,12,24.36,2,18121817.65,10314295.63,8928463.35,1385832.28,1286.52,3,19934.09,Energy optimization; Predictive maintenance,Low,201.34
FAC-013,IT Park,2025-08,366442.86,867184.45,149134.59,159769.07,133450.02,1833305.98,2275241.4,299327.54,73.31,45855.81,9,5.92,3,18168551.29,6905408.71,5934721.31,970687.4,1354.96,8,26845.57,Energy optimization,Low,357.73
FAC-009,Hospital,2025-12,491247.34,492995.35,124396.15,66150.69,80851.09,323507.46,781151.13,225527.15,56.96,61040.84,7,16.3,2,6116783.73,2284713.01,2461430.21,-176717.19,1568.79,9,66343.31,Energy optimization; Vendor consolidation,Low,319.09
FAC-011,University,2025-10,307780.88,923949.75,115099.37,208546.19,128797.44,785394.84,2540682.26,245232.98,85.38,33110.84,14,21.96,5,13225008.45,5014325.14,5140384.34,-126059.21,1591.45,8,51808.1,Energy optimization; Predictive maintenance,Low,383.74
FAC-014,IT Park,2026-05,41359.82,1338380.24,11633.54,79527.15,139449.4,1176366.92,3131309.46,357730.5,32.6,5583.27,6,2.71,2,19112705.4,7320687.58,6264123.5,1056564.08,1795.91,10,208334.43,Space/resource optimization; Vendor consolidation,Low,341.73
FAC-026,IT Park,2025-06,388032.03,844140.92,116435.64,19679.27,143657.07,1475204.64,3814815.29,314491.53,45.54,35550.47,3,2.24,3,11497512.0,6631835.79,7000020.76,-368184.97,1569.16,10,121761.55,Energy optimization; Space/resource optimization,Low,291.53
FAC-004,Corporate Office,2026-12,263618.32,1366792.45,85724.95,195988.8,193857.85,1043384.14,2220258.36,225305.9,67.14,34273.7,11,13.78,6,19849775.99,5467821.05,5509205.82,-41384.78,1246.14,6,45803.34,Energy optimization; Predictive maintenance,Low,164.11
FAC-001,Corporate Office,2026-08,123825.02,848310.99,46853.1,10372.47,70842.68,827791.51,2658029.96,206764.66,61.01,15162.82,2,11.0,5,14084741.22,4921209.36,4745937.29,175272.07,1673.46,10,34722.87,Energy optimization; Vendor consolidation,Low,282.66
FAC-005,University,2025-05,142027.88,575560.62,36706.77,96385.83,130901.48,583189.15,1601748.56,309375.39,62.86,13594.29,6,1.69,0,8248835.6,3339055.38,3439188.91,-100133.53,1477.95,11,26995.18,Energy optimization; Vendor consolidation,Low,102.5
FAC-015,Corporate Office,2026-09,551069.92,316494.88,210344.24,38386.12,171787.71,225483.13,338153.61,152991.04,76.1,56913.48,8,0.66,6,3727850.53,1728638.6,1794366.41,-65727.82,2710.52,5,27553.09,Energy optimization; Security process optimization,Low,146.49
FAC-021,IT Park,2025-05,269169.72,519578.43,74037.92,25413.41,171569.81,688934.89,2109714.39,189678.76,82.02,36050.27,2,5.24,4,9026725.08,4430100.44,3974059.41,456041.04,1126.43,5,12708.37,Energy optimization,Low,219.88
FAC-003,Corporate Office,2026-06,466809.67,436409.3,140161.68,89995.64,48940.76,336224.65,1092287.21,174845.93,44.25,52592.86,17,5.18,0,6861772.81,2558249.82,2645513.17,-87263.35,1989.11,5,58362.38,Energy optimization; Predictive maintenance,Low,93.62
FAC-007,IT Park,2026-02,428179.69,1155860.31,162702.53,275411.07,119089.36,976820.84,3555414.25,199804.2,46.68,41124.37,19,13.49,1,19707231.08,7833937.19,6710579.72,1123357.47,1751.2,5,188111.92,Energy optimization; Predictive maintenance,Low,131.97
FAC-021,Corporate Office,2025-12,391840.55,1517218.41,109886.59,37206.52,139942.98,1184251.67,2737845.58,232479.87,25.0,43475.22,6,9.48,8,28395576.76,7235265.79,6240785.58,994480.21,1218.43,5,113921.89,Energy optimization; Space/resource optimization,Low,140.72
FAC-005,Corporate Office,2026-01,172383.23,1493145.64,70188.49,83208.8,147048.48,1582515.29,6686850.88,147295.55,80.85,23425.11,7,2.79,5,24929317.33,9749533.47,10312447.87,-562914.4,1234.88,12,33060.39,Energy optimization; Vendor consolidation,Low,182.28
FAC-003,Corporate Office,2025-07,585555.87,311533.3,240623.37,268944.29,113632.71,515972.41,643091.9,321904.02,69.33,63546.41,17,3.84,1,4562493.12,2880049.64,2760634.5,119415.14,2118.68,11,119375.16,Energy optimization; Predictive maintenance,Low,108.37
FAC-011,IT Park,2025-03,510984.58,1403345.9,192424.75,109578.08,178433.02,1597965.26,2351549.05,247272.9,82.54,56956.61,8,1.22,7,25117271.16,6699385.28,6399128.78,300256.49,1420.14,10,63523.09,Energy optimization; Vendor consolidation,Low,213.33
FAC-007,IT Park,2025-10,205730.86,2110187.11,76552.69,62349.47,134649.68,2135208.2,6822447.62,93261.8,94.14,23639.15,7,1.85,4,29127056.77,13409557.08,11563834.74,1845722.34,1291.62,3,20555.51,Energy optimization,Low,247.55
FAC-022,Corporate Office,2026-03,198675.1,1540175.06,54868.61,148796.76,127577.27,1452037.88,4313594.58,186073.67,72.72,20881.13,12,17.78,2,24297412.71,7510492.98,7966930.31,-456437.33,1234.04,5,24788.92,Energy optimization; Predictive maintenance,Low,210.13
FAC-016,Hospital,2025-02,286446.03,1085782.11,118919.11,118112.12,80838.32,1067403.41,2978492.78,239163.99,77.3,34342.4,12,15.75,1,13883663.53,5393867.61,5856238.74,-462371.14,1287.09,7,24317.37,Energy optimization; Predictive maintenance,Low,123.78
FAC-002,IT Park,2026-09,340902.66,2050147.49,137631.86,48779.36,105740.75,2080818.07,4047139.57,317213.25,83.21,39829.63,5,3.35,1,27919393.19,8422308.97,8990741.15,-568432.17,1678.63,10,47429.12,Energy optimization; Vendor consolidation,Low,148.56
FAC-030,University,2026-04,487620.28,1942031.32,182128.9,143239.99,120663.25,2132000.48,8541718.25,266287.88,73.77,43349.11,11,7.56,4,26033865.69,15775555.25,13633561.45,2141993.8,1432.1,7,51389.64,Energy optimization; Predictive maintenance,Low,105.72
FAC-023,University,2025-09,781024.53,955672.07,201010.4,196252.08,147960.16,1407144.25,2326231.08,261059.82,70.24,71804.11,13,7.58,0,11574592.39,6774898.03,6075344.0,699554.02,1385.8,12,118499.01,Energy optimization; Predictive maintenance,Low,91.17
FAC-013,University,2026-01,352971.79,513078.86,137658.93,165369.19,67637.34,537468.5,1201699.08,142627.02,55.98,39788.27,17,53.79,2,7979456.55,3016761.07,2980851.78,35909.29,1997.89,4,33098.44,Energy optimization; Predictive maintenance,Low,330.85
FAC-030,IT Park,2025-07,528283.85,1317586.82,187960.57,33311.49,110553.86,1825421.36,2197384.26,188407.24,55.58,50658.09,4,0.5,2,15750853.48,6947188.02,6200948.87,746239.15,1290.52,11,81315.64,Energy optimization; Vendor consolidation,Low,94.26
FAC-017,University,2026-12,163243.2,1102771.43,44730.11,152354.85,182433.2,1350751.67,6481581.42,238556.75,48.66,16401.75,9,18.3,3,24016136.09,10949278.75,9671692.53,1277586.22,1357.81,4,106509.1,Energy optimization; Space/resource optimization,Low,97.46
FAC-021,Corporate Office,2026-08,412818.07,563297.0,149573.86,20114.85,176796.42,719021.74,1572568.38,286432.28,43.31,36346.5,2,13.87,0,10701444.95,3576003.54,3751048.75,-175045.21,1129.15,10,144327.53,Energy optimization; Space/resource optimization,Low,85.69
FAC-007,University,2026-06,413841.24,2872412.64,139711.78,38180.53,94516.16,3669284.11,7528846.3,298157.24,76.23,36077.04,3,6.03,4,42428692.53,15917280.68,14915238.22,1002042.46,1609.85,10,68955.47,Energy optimization; Vendor consolidation,Low,223.76
FAC-009,Hospital,2026-12,402122.41,3171489.37,140793.44,132990.15,155079.97,2742156.79,5168610.03,269792.55,56.22,46065.14,11,23.39,5,41809985.26,14187640.37,12042241.27,2145399.1,1507.54,8,52652.29,Energy optimization; Predictive maintenance,Low,213.47
FAC-020,University,2025-06,520266.37,421812.98,197591.09,70615.08,92247.35,526464.22,1663085.7,159915.41,77.31,51118.98,8,11.39,1,8478534.13,3423484.08,3454407.11,-30923.03,1544.21,9,51835.56,Energy optimization; Vendor consolidation,Low,343.37
FAC-017,Corporate Office,2025-01,674720.49,2120750.68,253151.58,120369.39,162593.37,2561929.75,5614308.05,165865.31,58.56,60054.41,7,11.41,3,30534848.32,11340942.8,11420537.05,-79594.25,1673.34,4,42100.0,Energy optimization,Low,88.18
FAC-004,Hospital,2025-03,354858.68,2558023.61,108127.38,177205.5,75488.41,3698641.49,7986843.31,336418.93,46.73,37589.74,10,8.51,3,45554689.32,15070222.45,15187479.93,-117257.48,1545.8,10,643085.59,Energy optimization; Predictive maintenance,Low,81.99
FAC-002,Corporate Office,2025-02,261416.39,2941065.27,78653.13,75020.08,84458.39,1658438.95,4721522.21,387030.29,78.45,29748.5,13,29.23,2,46395700.22,10256690.45,10128951.58,127738.87,1155.48,10,52907.36,Energy optimization; Predictive maintenance,Low,222.68
FAC-029,Corporate Office,2025-03,63849.88,2224843.07,26630.68,195947.27,79272.34,2558772.82,3744125.38,218157.81,89.0,6242.07,11,67.9,1,34054894.93,10138777.94,9084968.57,1053809.37,1184.17,7,27067.28,Predictive maintenance,Low,284.57
FAC-003,Corporate Office,2025-03,646911.93,2035800.15,200651.03,132091.35,203969.82,1733607.38,6084085.39,208394.2,59.3,61929.98,9,10.05,4,28400148.57,12831722.17,11044860.21,1786861.96,1323.53,7,37358.15,Energy optimization,Low,91.36
FAC-001,University,2025-11,592006.92,579821.73,228521.42,141833.55,47143.05,941816.07,2752116.06,167111.18,93.15,63094.28,8,23.44,0,10789742.35,5015810.82,5221848.57,-206037.75,1412.46,9,69538.65,Energy optimization; Predictive maintenance,Low,376.99
FAC-029,IT Park,2026-11,89433.43,339449.61,28732.62,164023.35,174416.42,474730.29,1057819.67,301061.57,73.35,8953.8,11,21.32,6,5309353.27,2850177.6,2600934.35,249243.25,2193.03,10,52964.79,Predictive maintenance; Vendor consolidation,Low,86.35
FAC-024,IT Park,2025-05,251778.52,1055268.59,74280.93,150505.28,151991.69,1093326.66,5110703.21,321170.26,26.07,24718.41,9,9.87,0,21491389.28,8792616.55,8134744.2,657872.36,1356.92,11,133392.83,Energy optimization; Space/resource optimization,Low,353.83
FAC-015,IT Park,2026-11,566993.09,555153.22,187003.04,143157.29,60923.41,673374.74,1358098.06,207701.45,70.27,63028.36,8,13.83,1,11994552.12,3713012.87,3565401.26,147611.61,1317.59,8,24760.09,Energy optimization,Low,289.39
FAC-009,Hospital,2026-04,427042.98,1900060.65,158587.31,64960.67,89114.17,2280277.31,6093944.95,247706.22,63.53,54216.86,5,7.99,1,28219958.1,11864715.01,11103106.95,761608.07,1515.58,10,68390.02,Energy optimization; Vendor consolidation,Low,137.01
FAC-027,University,2025-10,328932.78,1751881.73,134899.96,118834.51,146721.84,2565672.15,6370309.32,209034.22,98.0,40729.61,10,8.57,5,21959506.63,11797911.07,11491386.56,306524.52,1585.67,7,50254.86,Energy optimization; Predictive maintenance,Low,89.31
FAC-006,Corporate Office,2026-06,381440.08,2001421.41,148995.17,65414.17,177803.4,2249406.6,4722555.11,236468.93,57.72,40524.25,8,10.35,4,35828986.51,9799444.21,9834509.7,-35065.5,1142.22,10,43402.29,Energy optimization; Vendor consolidation,Low,233.92
FAC-006,Corporate Office,2026-07,332161.28,2719375.66,121415.6,71351.09,126988.85,1948673.69,6100267.48,64870.06,76.99,40678.57,6,3.85,4,50249649.19,11491201.07,11363688.1,127512.97,1159.56,5,11908.7,Energy optimization,Low,101.59
FAC-021,University,2026-10,203970.18,993822.39,61280.48,150928.8,86628.05,1189422.12,2306069.67,196923.97,49.13,21880.46,13,15.64,1,20370983.87,5086819.29,5127765.17,-40945.88,1224.69,8,172834.95,Energy optimization; Predictive maintenance,Low,122.32
FAC-008,Hospital,2025-05,191240.84,322090.4,73419.76,301457.26,192534.46,366623.0,1144621.81,182964.43,57.73,21617.88,19,10.21,3,4294487.84,3046609.69,2701532.2,345077.49,1753.1,10,79705.78,Energy optimization; Predictive maintenance,Low,136.53
FAC-003,IT Park,2025-08,402822.5,1012421.14,124925.06,51675.41,134332.09,1630422.18,4430879.69,306889.82,83.01,35268.92,6,7.19,1,12585289.96,7428513.06,7969442.83,-540929.77,1639.47,10,59669.18,Energy optimization; Vendor consolidation,Low,241.25
FAC-011,IT Park,2026-06,742661.59,1522235.79,295321.25,10676.75,140879.33,3483014.97,6474505.17,198940.26,72.69,78733.43,1,4.36,1,31164999.72,12742178.1,12572913.87,169264.23,1339.11,4,31607.9,Energy optimization,Low,268.18
FAC-015,IT Park,2025-03,190729.78,533750.31,74942.85,181862.64,188842.13,881651.41,2189427.61,369119.64,59.83,16775.65,13,10.75,5,10205533.55,4236167.7,4535383.53,-299215.83,1902.43,12,61535.72,Energy optimization; Predictive maintenance,Low,82.11
FAC-015,University,2025-07,71085.4,119111.18,23767.28,136732.75,177985.88,111520.49,225717.39,137227.31,63.15,7613.89,15,50.3,2,1414258.81,1022512.38,979380.4,43131.98,2698.02,6,19615.21,Predictive maintenance,Low,231.94
FAC-019,Corporate Office,2026-06,252159.55,579658.1,68186.94,31098.61,127977.06,1484314.1,3194999.37,187426.0,70.86,24472.65,6,5.05,5,10708351.72,6396757.18,5857632.77,539124.41,1620.82,5,21240.53,Energy optimization; Security process optimization,Low,85.69
FAC-020,Hospital,2025-09,236124.02,3368946.51,70739.52,33995.36,171934.93,1785003.17,4055710.28,221983.1,74.7,28301.15,4,1.76,6,41563430.66,9936706.51,9873697.36,63009.15,1267.16,12,54449.14,Energy optimization; Vendor consolidation,Low,148.02
FAC-018,IT Park,2026-08,283469.12,2899652.38,94278.99,79516.33,160689.67,1453795.4,3605063.72,131245.82,82.83,29623.23,9,8.43,6,35436143.62,8073902.5,8613432.44,-539529.94,1265.94,6,20579.0,Energy optimization; Security process optimization,Low,169.2
FAC-010,Corporate Office,2025-12,210920.9,351730.99,71024.71,284018.78,122486.59,366497.66,841472.26,165600.92,84.66,24013.96,24,66.84,0,4714878.56,2198693.05,2342728.08,-144035.03,2347.42,9,75319.92,Energy optimization; Predictive maintenance,Low,293.52
FAC-029,Corporate Office,2025-06,131962.93,602039.04,51894.27,36844.83,129345.2,500491.15,1500241.54,332682.57,37.84,17228.23,6,5.92,4,8942400.72,3040315.62,3233607.24,-193291.61,1669.39,8,79534.58,Energy optimization; Space/resource optimization,Low,169.79
FAC-010,Hospital,2025-08,301446.86,1285682.4,121273.61,149696.55,174882.11,1368595.27,3793249.11,314501.4,86.97,38604.07,9,7.33,1,17163568.23,8146152.09,7388053.71,758098.39,1823.76,10,76080.94,Energy optimization; Vendor consolidation,Low,169.21
FAC-015,IT Park,2026-03,326275.99,1164859.88,131501.23,105642.19,113219.53,1375795.94,7136643.5,243330.55,69.74,34813.19,6,7.21,7,21966184.18,12056709.52,10465767.58,1590941.95,1376.17,10,53198.25,Energy optimization; Vendor consolidation,Low,156.88
FAC-004,Corporate Office,2025-09,225865.09,2067321.05,92735.39,83647.04,107138.48,2056688.16,7022032.75,376532.34,62.41,20696.25,15,18.87,1,32546978.25,13257273.66,11939224.9,1318048.75,1462.6,11,54099.95,Energy optimization; Predictive maintenance,Low,84.84
FAC-005,University,2026-05,225162.43,1620193.39,83568.27,162587.02,153376.32,1836376.34,2907365.15,194498.24,76.34,25576.16,14,12.93,5,19286705.98,7089015.06,7099558.9,-10543.85,1323.06,5,28416.86,Energy optimization; Predictive maintenance,Low,132.61
FAC-023,Corporate Office,2025-10,380495.81,2774309.85,139101.83,146608.29,120416.13,3233002.19,5061506.35,144720.62,78.59,38028.45,10,9.6,1,45772265.41,11847589.89,11861059.23,-13469.34,1449.83,7,37070.2,Energy optimization; Predictive maintenance,Low,155.73
FAC-017,Corporate Office,2025-06,501238.53,1506404.66,127063.37,26689.28,165308.91,2241704.82,3861459.27,163399.31,69.24,57281.97,3,5.04,0,27069194.37,8997440.34,8466204.77,531235.57,1476.75,9,55845.65,Energy optimization; Vendor consolidation,Low,190.68
FAC-012,IT Park,2025-07,160169.54,1016932.11,45261.18,24426.29,119573.62,1324512.82,3777121.62,232544.87,76.76,14037.1,4,5.86,2,18591498.69,7283305.54,6655280.86,628024.68,1524.34,7,5983.08,Energy optimization,Low,95.37
FAC-015,University,2026-05,717407.24,810554.78,225099.66,118742.08,163907.02,942743.19,2172491.23,181361.56,79.67,80780.81,9,11.32,2,14540912.66,4774749.94,5107207.11,-332457.17,1952.3,11,75229.98,Energy optimization; Vendor consolidation,Low,270.68
FAC-005,University,2025-01,481853.67,692099.55,145122.01,77569.6,147360.32,1125825.94,2297774.66,184326.16,89.51,43753.93,12,12.99,4,8721550.61,5268730.64,5006809.9,261920.74,1834.0,12,41536.72,Energy optimization; Predictive maintenance,Low,396.45
FAC-020,Corporate Office,2025-09,65769.65,1821872.17,25005.59,241072.91,116281.72,1939746.17,7830929.64,116529.82,71.24,6942.24,22,48.85,7,36361465.22,12137252.45,12132202.08,5050.37,1246.12,7,17470.78,Predictive maintenance; Security process optimization,Low,241.32
FAC-026,Hospital,2026-01,316544.5,1519587.42,111927.15,134747.59,113294.64,2905894.28,4498980.13,154206.69,63.53,37106.77,10,21.76,2,26116232.37,10808243.95,9643255.26,1164988.68,1170.72,6,34241.8,Energy optimization; Predictive maintenance,Low,198.36
FAC-020,IT Park,2025-04,344717.78,1687139.55,116417.16,164510.42,115625.6,2148064.86,6372023.35,163974.31,76.01,41056.36,11,33.43,3,27834831.98,11114270.72,10996055.88,118214.85,1282.94,6,40007.62,Energy optimization; Predictive maintenance,Low,85.14
FAC-003,Hospital,2026-08,154195.43,1120797.78,49013.19,77189.57,150571.46,1818218.34,4574502.38,342512.91,56.67,15968.17,5,8.56,3,23472671.17,8527274.0,8237987.87,289286.12,1220.44,10,52474.45,Energy optimization; Vendor consolidation,Low,213.19
FAC-030,Corporate Office,2026-11,188850.57,516485.6,66476.28,104381.14,129975.35,1176150.16,2531351.25,159729.71,81.55,17203.45,12,10.68,1,10329450.68,4462572.1,4806923.77,-344351.67,1688.42,12,33048.8,Energy optimization; Predictive maintenance,Low,165.28
FAC-006,Corporate Office,2025-09,425343.05,301241.41,123129.42,44525.89,50991.03,307713.68,596536.61,204460.85,34.58,41631.04,5,1.66,0,3851241.75,2126498.86,1930812.51,195686.35,2481.76,5,82424.11,Energy optimization; Space/resource optimization,Low,110.12
FAC-027,IT Park,2025-06,778510.04,488511.63,288728.63,88589.39,112472.18,488787.55,1129798.24,149618.88,87.6,78453.36,12,22.29,3,5885388.04,3787324.5,3236287.93,551036.57,2160.41,7,44295.37,Energy optimization; Predictive maintenance,Low,185.74
FAC-009,Hospital,2026-09,147812.53,513624.47,45323.95,65253.72,115546.61,408177.45,775789.31,253716.85,51.21,15450.9,9,16.12,3,6471778.75,2183544.8,2279920.95,-96376.15,1904.7,10,63068.57,Energy optimization; Space/resource optimization,Low,340.29
FAC-003,IT Park,2025-09,150463.67,2461982.62,44542.54,35485.64,152122.78,3178655.89,7714614.78,310121.7,36.41,19100.88,3,8.32,1,39357590.37,14764078.57,14003447.09,760631.49,1481.38,12,229401.11,Energy optimization; Space/resource optimization,Low,194.13
FAC-005,Corporate Office,2025-03,440859.13,475523.13,112856.22,74169.42,142887.65,590796.24,1155276.38,191836.94,60.31,56974.52,7,4.32,5,9458223.32,2958300.4,3071348.88,-113048.48,1694.07,8,31970.67,Energy optimization; Security process optimization,Low,94.37
FAC-023,IT Park,2026-08,133394.22,991452.44,34440.9,71191.64,125642.06,1029058.8,1871750.69,383922.94,56.95,15224.63,13,4.74,3,18744874.24,5099091.72,4606412.8,492678.92,1262.38,12,56082.47,Energy optimization; Predictive maintenance,Low,100.68
FAC-005,Corporate Office,2026-09,347647.12,1067862.51,106542.14,106887.58,163731.69,639344.77,2047050.18,393066.85,70.75,44868.3,11,5.81,6,14152797.77,4493527.05,4765590.7,-272063.66,1487.39,11,79074.0,Energy optimization; Predictive maintenance,Low,118.92
FAC-018,Hospital,2026-06,159615.66,1678916.24,61766.26,320666.35,93047.4,972203.85,1867877.23,290333.02,51.62,16116.78,23,25.98,0,20395304.5,6254924.77,5382659.75,872265.02,1395.56,12,180068.62,Energy optimization; Predictive maintenance,Low,169.46
FAC-027,IT Park,2026-10,649246.58,882058.7,266531.64,55246.51,169314.45,1218239.25,2735287.29,205445.76,61.99,63020.83,6,4.44,1,15731411.28,6902961.98,5914838.53,988123.45,1187.72,12,48235.48,Energy optimization; Vendor consolidation,Low,216.93
FAC-007,Hospital,2026-01,162293.13,1644214.19,53825.83,61942.79,105559.92,2283941.3,4533416.33,304115.55,68.44,20661.01,5,6.3,1,34971441.02,10459449.23,9095483.21,1363966.03,1249.89,12,43117.76,Energy optimization; Vendor consolidation,Low,221.36
FAC-016,University,2025-05,69119.62,957990.96,23530.74,114407.25,135489.39,1231395.08,4749459.56,124896.13,80.77,7364.07,11,15.39,1,19643965.11,7581110.92,7382758.0,198352.92,1212.47,4,14755.47,Predictive maintenance,Low,95.55
FAC-026,Hospital,2026-11,162610.35,2048975.13,47197.86,183461.39,177088.62,1532185.57,4756872.66,311651.44,54.04,16394.31,12,8.32,0,28569526.37,8943448.02,9172845.16,-229397.15,1437.52,9,150185.6,Energy optimization; Predictive maintenance,Low,379.51
FAC-025,Corporate Office,2026-10,374613.7,687701.97,137893.15,82615.43,102075.25,1716053.85,4248227.17,137798.62,73.07,39010.02,13,16.57,3,15076216.11,8210300.76,7349085.99,861214.76,1596.24,5,29879.11,Energy optimization; Predictive maintenance,Low,158.48
FAC-023,Corporate Office,2026-06,228047.11,379978.87,60876.56,184782.58,152078.65,428919.2,1553722.71,115542.0,85.2,25211.92,11,6.93,0,7212430.46,3119361.54,3043071.11,76290.42,1321.92,4,25491.81,Energy optimization; Predictive maintenance,Low,138.28
FAC-016,IT Park,2026-03,373392.49,968080.17,137915.29,92617.17,200543.14,793324.44,1957226.67,160574.94,72.16,45943.15,7,11.86,5,12510966.07,4222436.34,4545759.02,-323322.68,1721.88,8,21324.5,Energy optimization; Security process optimization,Low,113.37
FAC-017,Hospital,2025-07,568096.35,1615600.02,200019.24,208160.54,146897.86,1649531.18,4487640.0,229627.81,51.03,49994.67,12,7.16,2,24988399.52,8249006.09,8905553.77,-656547.68,1745.5,8,232969.75,Energy optimization; Predictive maintenance,Low,284.57
FAC-002,IT Park,2026-04,271266.39,2568292.28,110902.35,0.0,76239.38,3572083.52,6481676.43,273009.11,72.07,25641.43,0,3.33,1,35862999.0,15437973.11,13242567.11,2195406.0,1409.38,12,61932.56,Energy optimization; Vendor consolidation,Low,396.03
FAC-005,Hospital,2025-10,510387.17,2274913.51,180306.71,60320.48,127117.51,2375747.48,4652777.54,183105.51,52.36,48308.56,5,6.0,5,29627671.43,10878703.41,10184369.21,694334.2,1571.66,11,311173.47,Energy optimization; Space/resource optimization,Low,178.75
FAC-029,Corporate Office,2026-10,544827.77,1414134.06,167498.21,35266.23,175109.67,1985421.18,5901402.59,96567.4,98.0,56554.69,5,8.21,1,30514033.52,11548213.67,10152728.89,1395484.78,1034.73,3,49624.69,Energy optimization,Low,360.32
FAC-005,Corporate Office,2026-06,310072.24,1176448.62,93905.5,130459.97,183935.69,1307907.23,3868232.89,159152.12,75.48,27041.88,16,22.73,6,23294826.6,7513413.64,7136208.76,377204.87,1562.22,10,57981.17,Energy optimization; Predictive maintenance,Low,127.06
FAC-007,Hospital,2026-06,456469.57,2312770.36,161254.56,204077.82,163973.55,2732424.71,7206395.95,118498.47,67.5,43117.69,13,16.02,5,34687302.14,14056978.63,13194610.43,862368.19,1499.73,3,43663.11,Energy optimization; Predictive maintenance,Low,199.42
FAC-001,Hospital,2025-05,173000.31,1999552.31,63354.44,111946.1,126068.18,3228714.48,6075309.57,84020.48,42.24,19612.06,22,20.15,2,42865529.71,13252871.95,11798611.43,1454260.52,1509.93,3,313699.53,Energy optimization; Predictive maintenance,Low,176.14
FAC-005,University,2025-12,193202.1,1780334.49,53506.0,34825.42,125050.65,1339517.6,5613920.68,290576.47,55.2,18843.26,5,1.41,3,33574745.68,9054329.76,9377427.4,-323097.64,1334.87,12,57295.22,Energy optimization; Vendor consolidation,Low,150.34
FAC-001,Corporate Office,2025-05,353881.01,230862.33,132486.75,152456.55,119313.68,263817.75,930086.9,164003.9,88.94,45772.67,16,14.34,4,4307989.85,2293532.65,2214422.11,79110.54,1717.94,4,40288.25,Energy optimization; Predictive maintenance,Low,209.27
FAC-003,IT Park,2025-01,542158.02,2248225.59,161068.78,32162.11,82970.0,2536273.21,4539328.85,235084.72,57.29,51889.38,2,7.54,0,27855615.21,9633443.9,10216202.5,-582758.61,1596.53,12,65134.7,Energy optimization; Vendor consolidation,Low,105.47
FAC-004,IT Park,2025-07,412323.66,284359.24,153152.77,66611.19,148775.69,219755.4,643867.77,110770.91,57.16,36092.54,7,3.41,2,3367742.77,2210535.46,1886463.86,324071.6,1812.17,9,44081.25,Energy optimization; Vendor consolidation,Low,133.65
FAC-012,Corporate Office,2026-07,310608.29,1635094.89,115983.25,36348.55,138634.12,2624402.66,7112755.93,273130.85,87.12,41217.53,6,0.96,0,21254494.07,12599553.47,12130975.3,468578.16,1517.32,8,11763.22,Energy optimization,Low,82.67
FAC-013,IT Park,2026-01,237213.23,1167839.96,78225.1,130731.27,187282.11,850633.38,2113311.59,221904.01,57.12,33629.0,16,21.71,5,14823771.12,4521937.12,4908915.55,-386978.43,1556.41,6,42595.7,Energy optimization; Predictive maintenance,Low,109.12
FAC-027,University,2025-04,74632.73,1368311.95,20837.47,79984.78,155538.77,3369565.54,5594938.45,214380.24,87.79,10383.71,5,7.5,4,27295826.42,12573964.6,10857352.46,1716612.14,1208.79,12,16924.88,Vendor consolidation,Low,360.94
FAC-015,Corporate Office,2025-11,530723.14,587423.15,154766.72,82392.48,85814.5,1152063.01,2394497.33,206651.39,70.07,57299.62,5,3.42,2,10908761.85,5074649.62,5039564.99,35084.63,1253.0,6,45064.9,Energy optimization,Low,315.51
FAC-019,University,2026-09,601512.28,1784310.62,157750.71,43486.77,176273.33,2810078.3,4677497.43,147258.38,80.15,61855.1,4,7.89,1,39037438.37,10138369.74,10240417.11,-102047.37,1104.33,3,41723.51,Energy optimization,Low,236.1
FAC-029,Corporate Office,2026-10,683821.52,1639063.11,245060.31,289926.46,94968.13,1720184.47,5230716.79,162598.69,75.93,59798.29,18,13.12,4,27752195.25,9104257.63,9821279.16,-717021.53,1312.83,11,114383.76,Energy optimization; Predictive maintenance,Low,127.13
FAC-024,Hospital,2026-03,456346.57,2504950.5,185270.2,114057.82,85417.26,1230408.44,4895853.34,234103.26,54.07,48024.69,7,7.71,3,29619363.35,8873250.64,9521137.17,-647886.53,1459.18,8,150684.8,Energy optimization; Space/resource optimization,Low,122.29
FAC-004,University,2025-06,445941.14,307755.11,181988.14,138848.12,182138.19,216970.13,484338.59,173904.87,68.57,41297.69,14,10.24,3,4624988.09,1883569.99,1949896.16,-66326.18,2335.2,8,28718.65,Energy optimization; Predictive maintenance,Low,200.46
FAC-004,Hospital,2026-11,224798.26,972164.29,75532.73,71127.87,81150.75,2217666.41,4883372.81,183124.09,68.64,19788.08,6,6.72,3,19473661.6,7959057.66,8633404.46,-674346.8,1608.61,5,10713.69,Energy optimization,Low,137.15
FAC-020,University,2026-06,516617.42,1792000.79,181317.47,157014.81,183899.82,2187601.23,5014494.48,258724.16,66.36,45901.37,14,2.03,2,23152610.01,11856586.8,10110352.71,1746234.09,1536.53,10,53853.63,Energy optimization; Predictive maintenance,Low,251.08
FAC-018,Corporate Office,2026-12,568984.49,778407.43,176484.11,163642.35,155391.38,753703.8,2659635.19,232325.91,81.68,68774.25,17,2.84,1,15089486.83,5179196.19,5312090.56,-132894.37,1589.02,3,50880.42,Energy optimization; Predictive maintenance,Low,95.59
FAC-006,IT Park,2026-08,246008.53,222780.55,93744.92,77634.14,126245.83,374161.28,529063.19,131196.95,63.3,35009.02,5,0.72,1,3051681.08,1956943.86,1707090.47,249853.39,1806.44,5,15265.6,Energy optimization,Low,120.51
FAC-009,Hospital,2025-10,115176.12,751069.78,31610.78,28235.6,172464.78,582756.97,1454646.52,178485.79,79.43,10270.2,2,8.85,0,9474522.06,3686427.57,3282835.57,403592.0,1740.63,6,9204.97,Energy optimization,Low,142.39
FAC-011,Corporate Office,2025-03,362391.21,423219.09,111805.23,100903.0,92658.87,484280.82,997757.97,308375.4,90.41,43370.63,18,37.37,2,8209404.38,3077226.09,2769586.34,307639.75,1642.7,9,82271.81,Energy optimization; Predictive maintenance,Low,100.23
FAC-003,Hospital,2026-12,81964.92,3079545.73,24167.93,125213.83,123438.77,2692713.7,8882171.53,350113.32,73.57,11480.28,9,16.74,4,50606121.14,17980457.4,15335161.79,2645295.6,1598.08,12,26979.14,Vendor consolidation,Low,112.56
FAC-028,IT Park,2025-09,141945.24,653354.98,48309.74,230074.77,209468.33,870880.45,1123607.96,292850.42,55.38,16664.09,17,12.82,4,12317124.0,3496467.93,3522182.14,-25714.21,1451.85,11,50278.09,Energy optimization; Predictive maintenance,Low,144.08
FAC-030,IT Park,2026-06,278409.81,1975016.94,93287.89,139953.48,150219.65,2797963.21,4888900.08,165091.26,66.31,24363.25,20,26.05,1,30440026.87,11827976.95,10395554.42,1432422.52,1479.79,4,25075.96,Energy optimization; Predictive maintenance,Low,114.31
FAC-001,IT Park,2025-02,136809.3,156242.75,50316.01,93171.53,150043.39,406467.31,536923.88,166672.52,62.06,16987.1,8,15.37,6,3208573.31,1908727.85,1646330.67,262397.18,1453.07,6,15715.69,Energy optimization; Security process optimization,Low,261.57
FAC-019,Corporate Office,2026-05,118764.96,478579.96,43456.71,63459.88,98371.17,448699.87,1338338.16,309735.76,47.18,16744.7,7,4.04,1,6626011.15,2733657.75,2855949.77,-122292.02,1154.85,12,78567.56,Energy optimization; Space/resource optimization,Low,226.26
FAC-013,Hospital,2025-09,658371.08,2463245.26,254017.24,144861.38,128760.93,3593711.8,8804241.71,206574.95,54.65,67734.22,11,38.17,5,31779327.29,18136053.7,15999767.11,2136286.59,1671.52,4,462541.63,Energy optimization; Predictive maintenance,Low,316.87
FAC-015,IT Park,2026-10,85412.32,1215037.6,33514.9,59776.57,118630.13,1237473.21,3083445.9,369729.54,78.0,7781.96,4,10.17,6,23830141.66,6552271.34,6169505.28,382766.06,1026.71,12,44844.48,Vendor consolidation; Security process optimization,Low,273.79
FAC-004,Corporate Office,2026-04,255896.56,953156.47,84518.86,95413.16,110413.29,913997.06,1602976.96,146146.74,56.24,30165.93,8,7.68,5,14639512.48,4616250.91,4078000.25,538250.66,1541.19,10,42888.47,Energy optimization; Vendor consolidation,Low,283.58
FAC-001,IT Park,2025-10,438736.99,1845734.16,126878.78,51111.55,103454.21,1413233.78,4398092.49,145961.86,61.08,47728.42,5,5.76,1,23780948.93,9240796.93,8396325.04,844471.89,1780.01,9,47209.02,Energy optimization; Vendor consolidation,Low,115.38
FAC-027,University,2026-09,391387.26,391775.12,120175.32,43533.64,82390.87,666304.58,1091945.14,101990.07,35.32,40117.47,5,9.01,1,6350026.13,3019640.82,2769326.67,250314.15,1317.47,5,88445.41,Energy optimization; Space/resource optimization,Low,113.24
FAC-003,Corporate Office,2026-12,148404.89,1108067.01,39946.4,44274.76,173202.97,1254450.48,3986968.33,129140.45,76.45,14562.21,9,14.61,1,20687104.01,7352820.75,6844508.88,508311.86,1594.34,5,13987.22,Energy optimization,Low,391.4
FAC-013,IT Park,2026-02,278404.67,896779.2,108523.88,169672.25,138035.4,554529.38,1738712.41,138337.67,81.5,30854.4,12,27.51,3,12181435.18,4275517.56,3914470.97,361046.59,1392.55,3,29381.39,Energy optimization; Predictive maintenance,Low,118.95
FAC-023,Corporate Office,2025-05,129058.65,940318.66,37194.18,218542.29,136683.56,600867.65,2345488.86,227144.17,85.3,16112.24,15,4.74,0,12352696.1,4821438.49,4598103.84,223334.64,1382.06,12,49463.25,Energy optimization; Predictive maintenance,Low,156.7
FAC-027,Hospital,2025-10,375780.62,1156431.27,151867.03,160125.88,183044.6,2054272.3,6356109.8,251031.56,59.9,39772.55,10,7.21,7,19061291.3,10774302.22,10536796.03,237506.19,1426.2,11,87113.52,Energy optimization; Predictive maintenance,Low,94.05
FAC-027,IT Park,2025-07,310828.13,4216805.81,79647.84,69003.76,165411.17,2466050.2,6450243.75,211351.35,69.85,44208.97,7,15.63,2,54585206.49,15917175.0,13889694.17,2027480.83,1435.18,4,10172.27,Energy optimization,Low,298.43
FAC-005,IT Park,2026-02,460344.92,1282548.98,144598.46,48403.52,112714.52,2029452.63,4416724.13,220181.25,61.14,50291.65,6,11.53,0,16640326.68,9104817.34,8570369.95,534447.39,1610.06,11,63842.21,Energy optimization; Vendor consolidation,Low,201.65
FAC-006,Corporate Office,2025-09,228323.72,4092003.68,90907.6,117373.35,132500.96,3271711.46,7263666.4,206287.69,65.61,22857.54,9,13.1,3,48688409.04,17037441.72,15311867.26,1725574.46,1655.16,6,12892.89,Energy optimization,Low,87.94
FAC-002,Hospital,2026-04,346957.1,1115668.27,132745.05,268419.06,147849.88,1731564.04,3757058.89,357771.96,71.06,42945.8,19,39.87,0,24032118.14,7228925.64,7725289.21,-496363.57,1421.4,12,76589.11,Energy optimization; Predictive maintenance,Low,190.85
FAC-016,University,2026-11,460399.13,1843514.23,133064.83,56019.52,146759.86,1347500.42,2947375.66,129260.56,66.06,60163.38,7,4.64,5,25554600.59,7294957.98,6930829.38,364128.59,1165.43,9,58653.86,Energy optimization; Vendor consolidation,Low,138.35
FAC-028,IT Park,2025-08,430746.23,859318.0,178200.94,5265.52,61565.04,1188845.25,2458309.68,160745.08,82.67,42340.9,1,3.52,2,14954135.05,5261312.87,5164794.8,96518.07,1368.16,3,35221.67,Energy optimization,Low,374.74
FAC-019,Hospital,2026-06,194140.36,2764384.41,52884.26,88831.88,215226.25,2096350.52,5958314.32,191378.78,34.26,26068.14,9,19.36,5,37031400.09,13410651.23,11508626.52,1902024.71,1729.06,9,290862.0,Energy optimization; Space/resource optimization,Low,236.94
FAC-022,IT Park,2025-01,366543.42,536355.68,99061.01,53137.03,78392.51,439552.15,1614892.41,304581.42,85.44,41929.01,9,14.24,3,9950106.59,3602188.38,3393454.63,208733.74,1746.5,9,59469.47,Energy optimization; Vendor consolidation,Low,173.97
FAC-019,Corporate Office,2025-05,35158.57,1092115.49,13868.16,92858.17,192003.13,798210.21,1691998.83,214950.56,86.88,3956.66,17,24.76,10,16015123.13,4774203.39,4117294.97,656908.42,1452.82,6,13553.67,Predictive maintenance; Security process optimization,Low,163.42
FAC-010,Hospital,2025-12,566471.54,1071570.94,184674.78,55934.98,193384.89,991539.9,1416778.47,309048.47,98.0,72511.65,4,2.55,4,14008007.24,5403124.34,4604729.19,798395.15,1558.28,10,99946.27,Energy optimization; Vendor consolidation,Low,390.6
FAC-003,IT Park,2026-12,135662.42,1634482.34,49952.17,17580.8,136115.27,1994337.51,4836460.74,258063.75,61.81,18081.87,1,6.04,3,21036393.55,8944166.35,9012702.84,-68536.49,1646.76,9,36036.28,Energy optimization; Vendor consolidation,Low,293.85
FAC-020,Corporate Office,2026-11,460930.89,3275335.38,127658.85,176905.41,97828.98,1986408.57,4373895.06,295770.66,63.95,40856.58,12,48.59,2,50802193.99,11479432.23,10667074.96,812357.27,1098.91,11,80227.02,Energy optimization; Predictive maintenance,Low,174.41
FAC-005,Corporate Office,2026-11,151455.68,790422.82,59699.72,254487.21,91348.8,693994.1,1529020.21,233223.72,80.29,15600.62,16,6.13,1,13946955.95,4404272.02,3743952.54,660319.48,1517.0,7,40728.79,Energy optimization; Predictive maintenance,Low,203.46
FAC-012,IT Park,2026-06,377722.28,4286609.34,107795.43,48861.97,59237.56,2514249.0,6409227.62,255338.25,75.45,42732.31,5,1.57,2,52843376.75,14233788.05,13951246.0,282542.05,1448.43,6,21523.98,Energy optimization,Low,146.73
FAC-015,Hospital,2026-04,201845.09,2156495.81,79292.75,94384.66,106605.49,3035002.77,3716489.98,107136.53,59.99,25845.72,8,1.33,1,28684103.32,10384026.09,9417960.33,966065.75,1276.67,12,23593.19,Energy optimization; Vendor consolidation,Low,157.25
FAC-011,IT Park,2026-02,541630.44,301530.56,190422.17,59444.7,157394.66,334301.41,526581.13,122398.12,28.12,49257.34,12,12.71,1,4079984.28,1929547.93,2043281.01,-113733.08,2275.37,6,68492.78,Energy optimization; Predictive maintenance,Low,109.53
FAC-023,IT Park,2025-01,724411.02,360464.79,292924.27,62148.14,150056.31,223574.63,688744.33,204367.91,71.8,77502.02,6,12.55,1,4935563.03,2290287.24,2413767.13,-123479.89,2170.65,6,48042.47,Energy optimization,Low,196.49
FAC-005,Corporate Office,2026-10,327887.11,922623.24,94675.14,299368.31,129629.13,937235.49,1492670.05,148788.42,82.0,37866.08,17,15.71,1,12303452.97,4853423.23,4258201.76,595221.47,1861.92,4,49337.35,Energy optimization; Predictive maintenance,Low,94.26
FAC-021,University,2026-11,224614.13,1678919.48,76404.07,25645.39,159149.83,1249918.88,3425458.38,217420.9,88.67,24255.86,4,3.13,4,34733649.11,7411864.79,6981126.99,430737.8,1042.11,8,20197.12,Energy optimization,Low,215.38
FAC-007,IT Park,2026-11,135012.05,655519.37,49803.63,98749.28,105773.72,416697.19,1267501.36,233618.57,79.41,15894.1,13,14.61,3,8579306.15,3368234.36,2912871.54,455362.82,1567.75,4,23244.72,Energy optimization; Predictive maintenance,Low,242.06
FAC-001,Hospital,2025-10,522164.97,3023513.03,152681.4,162827.29,74727.68,1870269.64,5937829.48,206055.04,68.43,73130.63,11,0.54,2,39891904.74,13592759.31,11797387.13,1795372.18,1583.97,6,43014.98,Energy optimization; Predictive maintenance,Low,119.73
FAC-002,Corporate Office,2026-04,51715.29,2582154.8,15842.43,181414.07,71459.64,3749873.47,7706879.72,196124.98,67.78,5942.73,13,11.93,0,33935322.18,16250493.8,14539621.98,1710871.82,1485.61,10,47637.06,Predictive maintenance; Vendor consolidation,Low,261.9
FAC-024,University,2026-09,127304.52,996351.19,34927.03,168236.49,112568.2,2575692.05,4006251.11,183005.24,72.26,17894.61,18,16.78,4,17587850.25,7943755.74,8169408.8,-225653.06,1198.39,4,31553.87,Energy optimization; Predictive maintenance,Low,285.88
FAC-008,IT Park,2026-12,489285.3,1195264.26,122931.66,41408.11,178658.79,1280234.65,2902524.62,200029.29,57.02,49404.12,5,2.94,7,23841398.64,7004579.79,6287405.03,717174.76,1085.35,4,46039.01,Energy optimization; Security process optimization,Low,399.41
FAC-009,Corporate Office,2025-02,178931.9,1481644.11,61187.58,269490.62,109973.52,1352816.4,2246691.11,182291.99,64.73,16328.78,17,51.36,3,22394521.94,6825441.29,5821839.65,1003601.64,1404.88,3,38714.46,Energy optimization; Predictive maintenance,Low,156.42
FAC-018,Corporate Office,2025-11,276579.69,2462774.47,89947.44,87071.45,185629.88,3486002.11,3903609.16,283218.06,88.05,27830.07,13,31.26,5,47330511.28,10592274.19,10684884.82,-92610.64,1265.83,11,61426.59,Energy optimization; Predictive maintenance,Low,196.7
FAC-003,University,2026-11,315287.18,482243.35,101491.18,96308.54,76047.09,332486.61,889553.5,160835.32,55.37,33404.27,11,13.01,3,8171937.06,2450897.45,2352761.6,98135.85,1523.81,7,39300.11,Energy optimization; Predictive maintenance,Low,198.68
FAC-026,IT Park,2025-10,369822.68,1289005.9,130739.2,57742.15,165123.93,1215067.76,2726727.73,406423.39,60.42,43999.31,9,2.18,1,17074882.89,7018320.24,6229913.55,788406.7,1613.97,12,82273.77,Energy optimization; Vendor consolidation,Low,83.74
FAC-015,Corporate Office,2026-11,907590.81,435191.3,249040.8,30897.23,164811.05,537769.8,1397520.05,121914.3,77.65,82424.49,5,4.03,4,8755333.72,3857400.32,3595694.53,261705.78,2192.5,4,79724.11,Energy optimization,Low,360.61
FAC-017,Corporate Office,2026-02,282607.43,1398920.49,72357.92,329638.83,151710.07,2480822.59,4951000.01,158446.4,96.47,33810.02,19,20.94,3,22552667.45,10457342.19,9753145.8,704196.39,1326.78,6,44596.71,Energy optimization; Predictive maintenance,Low,99.2
FAC-028,Corporate Office,2025-11,538059.72,1538363.55,208567.35,135882.37,73812.31,2537609.81,6369964.5,137336.61,94.83,51072.83,16,32.78,1,31113830.11,10675696.58,11331028.86,-655332.28,1560.75,4,59487.94,Energy optimization; Predictive maintenance,Low,106.23
FAC-001,Corporate Office,2025-01,134734.48,1152457.56,33689.14,185376.91,83240.9,2251325.15,4841267.09,149385.11,60.03,18339.03,12,9.49,4,23391269.17,9276748.75,8797787.2,478961.55,1012.29,3,35355.29,Energy optimization; Predictive maintenance,Low,355.64
FAC-003,University,2026-06,284101.24,387636.46,95849.43,201316.81,123500.38,404369.68,708293.5,229523.46,69.72,29257.83,15,4.26,0,4692666.21,2732779.15,2338741.53,394037.62,1875.49,7,36257.87,Energy optimization; Predictive maintenance,Low,160.59
FAC-005,Hospital,2025-06,373540.98,2262908.56,99106.41,138692.23,213415.95,2505088.19,6234886.54,357922.78,84.76,45352.46,14,8.53,5,27334096.71,11484424.65,12086455.23,-602030.57,1340.7,12,72071.96,Energy optimization; Predictive maintenance,Low,262.43
FAC-026,Corporate Office,2025-11,611909.81,1506471.82,185778.03,31892.13,93001.19,1962303.04,4360269.5,221955.36,76.64,54137.23,2,11.14,3,25925565.49,9205474.92,8787802.87,417672.05,1348.65,9,75086.38,Energy optimization; Vendor consolidation,Low,107.79
FAC-019,Hospital,2026-05,185930.49,2504065.36,74203.52,68978.3,126611.78,1965157.15,3238123.51,407341.2,89.52,20736.42,4,1.59,5,29918928.51,9069782.43,8496207.78,573574.66,1259.82,11,54399.64,Energy optimization; Vendor consolidation,Low,166.71
FAC-011,IT Park,2025-10,816815.57,1072865.42,231094.58,70791.76,96340.13,1152962.08,3366582.3,168168.54,80.89,71326.5,9,17.25,2,14841596.68,6301809.91,6744525.79,-442715.88,1744.57,5,53664.72,Energy optimization,Low,344.3
FAC-004,University,2026-12,192259.13,1221404.18,72435.16,40460.68,143242.5,1346352.66,2457635.04,69219.19,70.13,26140.6,6,5.8,3,16890678.07,5932665.67,5470573.37,462092.3,1096.75,3,11564.34,Energy optimization,Low,309.55
FAC-002,IT Park,2025-12,177794.99,1610696.79,67848.06,63854.27,64604.91,2250749.04,3227238.81,315961.27,55.95,22488.86,5,1.37,3,26605315.45,9083963.97,7710900.07,1373063.9,1267.2,8,10977.64,Energy optimization,Low,301.17
FAC-009,Corporate Office,2025-11,413075.5,1436931.98,145521.07,86005.69,166557.3,1591428.1,6602512.36,108254.92,69.44,37927.06,9,1.52,4,20002763.92,11162052.56,10404765.85,757286.71,1368.51,9,33289.45,Energy optimization; Vendor consolidation,Low,313.78
FAC-016,University,2026-03,786578.26,2068562.21,258506.67,149377.0,64901.53,1722639.92,2852284.0,183181.0,72.84,79467.96,10,18.65,0,30776705.79,8874021.5,7827523.94,1046497.57,1324.68,12,109220.83,Energy optimization; Predictive maintenance,Low,90.11
FAC-002,IT Park,2025-12,428171.15,1847054.07,155012.55,173769.21,196194.16,2618007.48,3575205.79,197916.35,86.17,52122.09,10,9.71,4,32975615.32,9031436.86,9036318.21,-4881.34,1416.79,11,84087.28,Energy optimization; Predictive maintenance,Low,346.93
FAC-026,IT Park,2026-12,136853.43,1834012.89,51630.37,81670.16,224476.68,1821089.39,3554365.29,332511.13,55.46,12127.38,13,26.77,8,27347325.25,8404011.95,7984978.97,419032.98,1146.61,11,53510.87,Energy optimization; Predictive maintenance,Low,139.56
FAC-002,Corporate Office,2026-08,135387.62,861262.17,48476.32,80361.9,163102.49,855001.95,2001264.4,202546.74,72.28,17277.25,16,23.12,4,10701167.04,4369161.54,4298927.27,70234.27,1725.09,4,18515.54,Energy optimization; Predictive maintenance,Low,156.76
FAC-023,Corporate Office,2025-03,137687.41,1873725.17,36543.88,124083.3,84407.43,1394652.04,4690938.25,169939.89,80.73,13803.1,7,10.33,4,24726280.45,8242668.19,8475433.48,-232765.28,1559.13,7,12229.78,Energy optimization,Low,86.38
FAC-007,Hospital,2026-12,92631.88,1152558.49,25913.59,161799.69,124963.11,1171430.48,1743926.84,308779.89,77.79,8849.15,12,27.44,2,14809077.25,5050855.02,4756090.38,294764.64,1523.9,10,60711.29,Predictive maintenance; Vendor consolidation,Low,159.68
FAC-023,Corporate Office,2025-10,332364.79,1448584.69,104634.03,38775.08,133027.52,1774043.27,2710651.38,125255.99,64.26,43985.62,3,1.85,1,21529127.69,7562791.84,6562702.72,1000089.13,1399.3,3,12205.65,Energy optimization,Low,190.69
FAC-025,University,2026-06,75949.14,1070327.26,19751.5,145198.73,163119.55,2437916.95,5443210.26,154394.38,68.11,8467.35,11,22.15,2,20727439.64,10108472.69,9490116.27,618356.42,1207.55,5,17567.59,Predictive maintenance,Low,121.75
FAC-030,Corporate Office,2026-02,559279.18,2955145.99,203618.61,24641.89,154300.64,3598527.92,6429430.85,136484.17,67.04,60351.36,3,3.89,3,41863724.02,15937474.28,13857810.64,2079663.64,1510.88,5,47660.89,Energy optimization,Low,272.56
FAC-028,IT Park,2025-04,348860.66,1761122.67,112212.93,279065.86,156623.63,1251420.14,2438708.46,234561.49,73.98,34927.73,16,67.2,2,26414167.33,7120365.54,6470362.91,650002.63,1321.29,4,62051.27,Energy optimization; Predictive maintenance,Low,109.6
FAC-027,Corporate Office,2025-11,575370.16,1735659.4,155216.11,121906.69,171666.02,1480460.5,3855437.81,219325.49,55.44,58063.6,8,22.09,1,22622830.56,9335800.3,8159826.08,1175974.22,1417.13,8,42947.19,Energy optimization; Predictive maintenance,Low,115.09
FAC-017,IT Park,2025-05,44771.32,287203.14,14993.0,150670.17,137280.77,429924.52,929769.01,229536.43,68.68,6130.69,11,27.74,1,5193007.94,2434038.23,2209155.36,224882.86,1169.48,11,41721.16,Predictive maintenance; Vendor consolidation,Low,212.4
FAC-024,Corporate Office,2025-11,304496.61,1314207.62,88815.69,82147.08,145991.51,1589772.88,2225608.51,94242.84,49.36,36678.41,17,48.99,0,17185970.08,5581393.43,5756467.05,-175073.62,1218.82,3,134947.93,Energy optimization; Predictive maintenance,Low,117.67
FAC-002,University,2026-01,137898.7,970364.31,42655.92,59703.0,85593.65,770184.59,2632724.45,125316.53,74.14,13915.6,6,20.45,1,19115429.41,4682447.84,4781785.25,-99337.41,1138.25,5,20831.21,Energy optimization; Predictive maintenance,Low,124.69
FAC-022,IT Park,2025-02,391559.62,871066.8,130853.53,14657.08,110839.22,714874.36,2985122.74,280174.35,59.91,37935.87,2,17.38,1,11777017.18,5442320.45,5368294.17,74026.29,1678.64,8,20548.32,Energy optimization,Low,398.91
FAC-026,IT Park,2026-02,247971.92,400780.48,99732.09,124443.8,153701.04,334560.43,548689.8,111700.74,78.29,22196.18,12,5.16,2,5049109.99,2179261.93,1921848.21,257413.72,1678.47,4,36409.05,Energy optimization; Predictive maintenance,Low,103.41
FAC-010,University,2026-11,548952.04,448738.84,162250.51,52960.39,185589.11,497415.04,1262898.95,89619.41,66.95,48766.44,8,7.06,2,5885784.8,3208010.95,3086173.78,121837.18,2199.7,5,51314.25,Energy optimization,Low,97.94
FAC-030,IT Park,2026-10,205133.05,656931.28,60523.74,152158.28,80374.06,769334.63,2397291.23,244281.05,53.04,24534.75,12,10.08,0,7850497.33,5086088.9,4505503.59,580585.31,1622.44,10,92381.12,Energy optimization; Predictive maintenance,Low,188.0
FAC-017,Corporate Office,2025-02,465507.63,2060778.12,134277.99,144629.05,57504.35,3487082.87,8225358.96,182973.88,65.4,49983.19,17,38.78,0,30650383.01,16418664.48,14623834.86,1794829.62,1467.81,11,74604.85,Energy optimization; Predictive maintenance,Low,84.2
FAC-003,IT Park,2026-06,354903.58,372945.57,119220.03,99031.93,149469.81,511274.47,656913.16,218190.39,70.45,40338.78,6,2.99,3,5304677.67,2281416.05,2362728.91,-81312.86,1725.88,8,25580.94,Energy optimization,Low,123.73
FAC-022,University,2025-07,78824.61,120193.98,26637.04,34161.59,150727.82,154675.92,425219.41,327901.1,55.06,11063.0,7,14.52,2,1823845.34,1487970.66,1291704.42,196266.24,2562.91,12,30556.35,Vendor consolidation,Low,99.52
FAC-029,IT Park,2026-04,236438.09,3349352.94,77479.5,106738.72,81885.82,2405895.01,7696906.05,150428.85,58.74,25025.56,11,23.54,3,42923990.46,14537697.39,14027645.47,510051.93,1416.22,12,45582.93,Energy optimization; Predictive maintenance,Low,262.16
FAC-028,University,2025-06,420478.17,3139699.59,165567.9,164120.17,212158.23,2255309.81,4554479.69,187428.22,63.1,47066.73,12,10.62,6,47591455.46,11224054.39,10933673.88,290380.51,1299.93,9,72224.36,Energy optimization; Predictive maintenance,Low,275.68
FAC-016,Hospital,2025-03,74342.2,389165.36,18833.74,173110.09,155662.78,377536.25,1167131.98,296595.12,76.56,9631.4,13,7.98,4,5972176.43,2506378.79,2633543.79,-127165.0,1481.18,12,45285.43,Predictive maintenance; Vendor consolidation,Low,237.88
FAC-017,Hospital,2025-07,73813.19,641540.32,18835.09,133401.06,187637.05,765216.86,2313849.87,190660.52,61.16,8234.2,11,15.11,4,11816586.88,4024029.62,4306118.87,-282089.24,1395.37,8,11491.83,Predictive maintenance,Low,280.72
FAC-016,IT Park,2026-08,445278.75,1421743.56,160798.15,36335.92,204232.21,1089196.09,2280741.69,289064.94,42.98,51149.92,6,11.63,7,22005280.26,5397946.17,5766593.16,-368646.99,1173.98,6,109013.58,Energy optimization; Space/resource optimization,Low,83.46
FAC-021,IT Park,2025-09,434267.41,162354.98,166196.82,120433.05,155116.27,226764.15,587078.8,204900.34,80.25,57330.21,11,10.66,4,2647585.85,2141091.18,1890914.99,250176.2,2280.96,6,27254.68,Energy optimization; Predictive maintenance,Low,293.41
FAC-001,University,2025-04,597697.05,2497620.22,242814.12,21288.79,161321.12,2644490.86,5046897.91,321748.02,93.17,72856.06,3,1.77,1,42936673.44,10605517.84,11291063.97,-685546.13,1382.86,12,63706.52,Energy optimization; Vendor consolidation,Low,82.61
FAC-013,Hospital,2026-02,288045.62,668611.85,82529.19,35915.79,112346.19,762398.26,2587700.73,142146.54,51.2,25153.24,5,6.12,5,13363670.35,4682134.26,4597164.97,84969.28,1367.8,4,64586.48,Energy optimization; Space/resource optimization,Low,103.11
FAC-026,IT Park,2025-02,482358.17,506103.13,180729.48,116023.77,161825.9,480857.61,1764696.47,221012.74,58.01,57073.69,12,16.58,1,9023744.07,3825825.24,3732877.77,92947.47,1832.54,6,54796.46,Energy optimization; Predictive maintenance,Low,224.65
FAC-018,IT Park,2026-03,96066.75,2403135.19,39921.88,98307.76,130193.6,2508385.05,4359234.67,251402.04,93.46,11833.66,6,3.7,1,32267095.82,9737526.49,9846725.06,-109198.57,1361.17,11,16417.65,Vendor consolidation,Low,181.04
FAC-014,IT Park,2025-09,188945.82,116658.43,60354.61,61711.65,131682.04,156232.02,385162.32,177273.33,59.61,17739.65,13,6.9,1,1900080.39,1207177.63,1217665.61,-10487.98,2106.69,8,13747.31,Energy optimization; Predictive maintenance,Low,209.03
FAC-010,Corporate Office,2025-03,602365.93,2599874.57,219318.2,176889.49,52692.67,2614628.36,5901264.81,282728.21,63.26,76972.24,10,8.1,3,35256848.4,11385420.51,12230444.05,-845023.53,1893.26,10,91650.74,Energy optimization; Predictive maintenance,Low,318.33
FAC-030,Hospital,2025-01,408587.73,2379981.07,163339.35,66522.19,79467.34,3360916.43,7192074.79,223057.54,98.0,45972.73,13,9.36,0,41929531.44,12981918.45,13710607.08,-728688.63,1374.5,5,31533.09,Energy optimization; Predictive maintenance,Low,143.86
FAC-023,Hospital,2026-01,224821.32,247314.92,74991.78,179122.58,126874.51,163698.15,381267.49,111627.75,75.81,25762.78,11,3.9,0,3021188.18,1401193.74,1434726.71,-33532.97,2456.72,4,39815.57,Energy optimization; Predictive maintenance,Low,104.35
FAC-012,Corporate Office,2026-12,581146.6,2565983.14,168272.83,53784.29,128164.29,2191587.64,7129239.91,168905.3,73.21,54894.15,6,9.49,3,32029706.95,12304695.16,12818811.17,-514116.01,1577.89,7,21612.33,Energy optimization,Low,161.01
FAC-025,Corporate Office,2025-04,253663.02,542302.64,97820.75,54581.82,120781.9,1307096.36,2195258.47,160375.36,64.05,32059.96,9,16.46,1,11152298.11,4325690.06,4634059.57,-308369.51,1281.54,11,25922.96,Energy optimization; Vendor consolidation,Low,323.3
FAC-026,IT Park,2026-10,261375.57,357353.68,67668.74,78516.57,187016.29,532150.73,803649.42,262239.38,81.44,35255.98,15,25.8,3,6028457.86,2359415.93,2482301.63,-122885.7,1876.27,11,56662.02,Energy optimization; Predictive maintenance,Low,170.59
FAC-029,Corporate Office,2026-04,364533.27,1243675.36,153102.35,138628.66,202831.86,1218295.88,4102991.16,100936.56,60.04,36956.58,12,26.54,4,17517751.82,7456394.83,7371892.75,84502.08,1381.02,6,29173.9,Energy optimization; Predictive maintenance,Low,186.99
FAC-013,Corporate Office,2026-03,240861.1,1033907.33,77302.45,76166.21,76268.91,1643104.37,3558518.15,224376.26,64.09,32796.41,13,11.34,5,13174131.27,7418188.7,6853202.35,564986.35,1588.6,11,58823.75,Energy optimization; Predictive maintenance,Low,186.03
FAC-002,University,2025-11,362578.89,633862.97,104182.86,69360.94,96800.23,384998.63,1436953.75,293287.88,86.38,35791.22,8,11.66,3,8293673.92,3702993.33,3277843.29,425150.05,2150.82,10,47926.13,Energy optimization; Vendor consolidation,Low,350.71
FAC-002,IT Park,2025-12,38045.39,1503931.95,11953.44,126049.14,193166.39,1778553.65,4640187.14,56847.93,74.16,4524.11,8,10.45,6,30058981.16,9336986.3,8336781.59,1000204.71,892.78,4,11809.92,Security process optimization,Low,108.19
FAC-015,University,2026-01,122298.74,1028568.43,50853.64,79106.96,108550.49,832360.45,2411351.19,75406.85,48.06,17352.91,6,6.92,1,15487280.38,4961864.25,4657643.1,304221.15,1592.36,3,130881.11,Energy optimization; Space/resource optimization,Low,192.34
FAC-027,University,2026-10,431304.49,2474478.11,173842.21,101312.67,108003.54,2168525.66,4413432.24,346063.75,63.37,44933.16,7,27.29,5,30368373.68,10171657.49,10043120.45,128537.04,1308.55,11,95868.89,Energy optimization; Predictive maintenance,Low,260.26
FAC-012,Corporate Office,2025-09,377662.36,758238.57,130700.48,127840.39,143246.53,936493.75,2274027.99,209456.97,55.03,38780.36,9,6.94,2,13672294.48,5532687.83,4826966.57,705721.26,1077.93,9,61411.29,Energy optimization; Vendor consolidation,Low,186.46
FAC-006,IT Park,2025-09,342088.18,2009490.6,112935.09,118813.13,113328.88,1341359.2,2665323.78,165183.81,42.19,43318.11,13,25.5,3,27885178.08,7941509.1,6755587.59,1185921.51,1249.18,6,164422.59,Energy optimization; Predictive maintenance,Low,208.75
FAC-019,Hospital,2025-02,622921.66,2156985.47,249646.46,80739.98,141910.62,2100725.92,7530410.49,207967.96,93.96,56484.96,12,31.53,0,41702792.48,11898377.99,12841662.1,-943284.11,1518.64,11,85590.68,Energy optimization; Predictive maintenance,Low,112.69
FAC-002,IT Park,2026-09,201388.47,2322815.31,73379.47,75376.09,129264.76,2733171.56,5527773.72,161466.97,64.41,25760.71,11,16.2,2,28080799.15,10792767.23,11151256.87,-358489.64,1150.56,4,23037.09,Energy optimization; Predictive maintenance,Low,129.17
FAC-018,IT Park,2026-02,219018.62,246323.76,81171.76,166065.62,183107.04,320706.15,743500.86,220109.04,74.8,28340.79,10,1.92,4,4353125.18,2430647.3,2098831.08,331816.21,1394.57,5,29542.08,Energy optimization; Predictive maintenance,Low,139.91
FAC-006,University,2025-03,162081.56,2524135.49,41310.79,50323.13,124348.8,1465150.51,3653145.12,165315.4,75.83,15528.02,5,8.59,0,32495759.86,9313023.14,8144500.0,1168523.14,1138.77,8,9230.59,Energy optimization,Low,84.78
FAC-003,Corporate Office,2026-10,115403.16,3095591.54,32299.95,107961.46,174498.09,2309457.38,6274914.25,231968.34,75.72,16340.43,11,12.26,4,38415804.4,13821637.75,12309794.21,1511843.54,1554.66,10,55269.18,Energy optimization; Predictive maintenance,Low,320.65
FAC-002,IT Park,2026-09,187892.87,937895.53,52498.15,75837.66,149182.55,1536091.37,3158914.7,153110.82,58.54,21689.24,7,18.52,4,16804209.24,5876789.39,6198925.49,-322136.1,1608.86,7,9569.5,Energy optimization,Low,264.92
FAC-023,Hospital,2026-04,819807.34,2303297.33,227453.95,142155.72,84565.87,2578484.24,4167900.02,226285.86,51.24,73068.5,11,6.73,0,27994030.01,11405223.61,10322496.39,1082727.22,1434.88,8,205549.42,Energy optimization; Predictive maintenance,Low,104.24
FAC-029,Corporate Office,2025-05,485610.0,773920.53,160036.73,84097.34,71974.56,1130778.82,2666960.8,247091.13,66.17,62803.32,9,9.62,2,11533036.53,5675701.58,5460433.18,215268.41,1311.03,12,83864.55,Energy optimization; Vendor consolidation,Low,124.48
FAC-016,Corporate Office,2026-08,366122.32,1183954.88,125157.05,301643.38,113857.04,1552931.01,2571010.37,281332.81,70.23,36279.33,19,11.18,2,20957033.26,6704582.14,6370851.81,333730.33,1173.49,8,54176.81,Energy optimization; Predictive maintenance,Low,103.76
FAC-020,IT Park,2026-07,84701.61,1556649.79,28794.8,65327.94,111926.78,3087215.55,6748824.23,295982.87,57.76,7566.36,7,5.49,3,26686105.21,12276363.09,11950628.78,325734.32,1409.94,9,32569.12,Vendor consolidation,Low,362.0
FAC-016,Corporate Office,2026-08,254052.47,725426.42,80606.6,134022.76,173155.4,675702.45,2925020.16,198345.01,88.97,26511.7,8,9.85,0,11041217.05,4951946.44,5085724.66,-133778.22,1404.9,3,7688.7,Energy optimization,Low,84.1
FAC-022,Corporate Office,2025-08,225788.77,385182.77,90858.3,171481.97,150575.77,577889.92,1353228.59,164213.92,61.69,23517.06,10,10.26,0,8005796.43,3112498.33,3028361.71,84136.62,1969.03,8,26037.64,Energy optimization; Predictive maintenance,Low,311.78
FAC-010,IT Park,2025-11,118615.98,2861064.61,34172.24,42213.85,127921.53,2774561.13,5000233.77,322634.4,56.15,14691.24,7,27.98,7,36147135.94,12803574.32,11247245.27,1556329.04,1416.17,7,24042.53,Energy optimization; Predictive maintenance,Low,192.12
FAC-005,Corporate Office,2026-02,133550.84,355677.12,46556.93,134270.99,56908.74,448964.41,792243.42,205711.34,69.5,12834.07,11,27.58,1,5088943.03,2443446.16,2127326.87,316119.29,1338.78,11,32279.3,Energy optimization; Predictive maintenance,Low,94.2
FAC-002,University,2025-09,701774.35,4186119.25,241256.61,53789.13,121256.1,2429743.06,4473482.58,212156.39,79.3,68812.82,10,10.0,6,50621241.41,12454908.27,12178320.87,276587.4,1322.29,8,72040.79,Energy optimization; Predictive maintenance,Low,218.53
FAC-029,Hospital,2025-12,322650.02,724281.17,97587.17,116039.36,54639.84,878739.2,2626611.74,224375.96,57.86,31945.69,15,45.04,0,11885654.66,5758706.74,4947337.28,811369.46,1248.07,7,16573.48,Energy optimization; Predictive maintenance,Low,186.72
FAC-012,University,2026-01,525048.64,3708964.89,163625.09,95199.42,152029.43,2527464.31,6712826.71,266725.43,98.0,67729.33,7,3.63,0,51371385.94,13830467.62,13988258.82,-157791.2,1453.02,7,17942.12,Energy optimization,Low,398.27
FAC-020,IT Park,2026-04,449682.55,1099579.11,150769.57,71138.8,108297.32,750647.72,1669814.29,235602.79,61.98,58535.81,5,12.04,2,20038508.72,4050499.23,4384762.58,-334263.35,1211.93,6,41202.39,Energy optimization,Low,87.29
FAC-009,Corporate Office,2026-03,213547.45,748863.54,64650.29,72415.31,195449.07,1115243.5,2072563.77,190521.92,67.26,27854.54,11,13.34,8,15557823.08,4416580.01,4608604.56,-192024.54,1549.63,9,52080.87,Energy optimization; Predictive maintenance,Low,84.35
FAC-007,Hospital,2026-09,40971.04,1204326.45,14136.02,89217.83,206258.88,1245580.36,5071909.92,136207.72,63.25,5070.4,5,5.25,6,21142568.32,8159760.94,7994472.2,165288.74,1322.71,6,16085.87,Security process optimization,Low,335.66
FAC-006,University,2026-08,647044.5,1426874.75,245220.78,43844.95,105681.99,2531687.85,6842928.33,305521.71,77.82,75509.89,3,16.46,4,28101904.2,12890987.25,11903584.08,987403.17,1252.75,7,56150.88,Energy optimization,Low,83.38
FAC-014,IT Park,2026-07,417950.02,1524182.82,149886.22,168904.61,100170.69,987156.49,4141018.25,187399.21,48.72,39614.72,19,13.89,0,24967359.35,8036508.22,7526782.09,509726.14,1556.73,3,162800.72,Energy optimization; Predictive maintenance,Low,381.68
FAC-026,Hospital,2025-06,112999.68,779849.55,41443.35,80135.07,89383.52,1267160.68,2816455.32,235937.32,79.03,10663.13,15,26.6,4,15348992.7,5059118.4,5381921.14,-322802.74,1422.28,8,20646.17,Energy optimization; Predictive maintenance,Low,164.07
FAC-010,University,2026-05,307447.67,1202055.79,120879.13,210475.38,126158.08,1150998.85,2687142.27,275580.23,70.83,30005.67,13,18.29,0,17597812.39,6733695.56,5959858.27,773837.29,1141.52,12,54833.82,Energy optimization; Predictive maintenance,Low,154.81
FAC-024,University,2025-08,603788.68,1086756.59,172461.15,204664.23,86384.93,833256.41,1815131.82,300083.61,83.93,65690.87,12,8.68,0,16497196.35,5046455.63,4930066.27,116389.36,1653.83,10,100856.67,Energy optimization; Predictive maintenance,Low,358.71
FAC-002,Corporate Office,2026-02,334314.04,1888643.47,123948.32,102490.19,130495.49,1549235.86,4581575.87,268234.92,57.48,30572.12,8,7.73,6,27987844.62,10239891.8,8854989.83,1384901.96,1469.46,10,59753.38,Energy optimization; Vendor consolidation,Low,94.35
FAC-029,IT Park,2025-08,601424.76,2546237.75,242732.03,156772.93,161389.44,1869314.43,4323272.53,130720.11,58.7,69311.23,9,7.31,1,32392141.06,10346726.13,9789131.95,557594.18,1292.64,9,46733.9,Energy optimization; Vendor consolidation,Low,190.6
FAC-017,IT Park,2025-09,437100.28,1114556.29,131744.04,145474.95,80508.41,1720737.53,3191581.76,136232.05,65.14,50124.41,13,11.55,0,20755597.7,7020710.82,6826191.27,194519.55,1088.53,5,54304.61,Energy optimization; Predictive maintenance,Low,180.83
FAC-021,IT Park,2025-01,345983.59,1597293.73,101547.82,122073.99,165773.34,2183013.58,6615590.05,242004.65,65.67,32157.38,8,4.42,4,22925424.55,10904180.34,11271732.93,-367552.59,1277.39,10,57820.42,Energy optimization; Vendor consolidation,Low,332.71
FAC-011,Corporate Office,2026-07,253849.05,1789882.13,90056.34,75931.52,127690.39,1256537.7,2796814.47,266919.64,60.55,23162.63,6,10.96,2,22229242.74,6362195.05,6567624.91,-205429.87,1513.98,5,14708.72,Energy optimization,Low,103.08
FAC-010,IT Park,2025-08,55314.84,797087.48,18296.91,26672.79,121400.23,661053.79,2048229.24,231922.13,51.07,7227.42,5,5.47,0,9672129.49,4068245.76,3941680.5,126565.26,1145.5,3,84902.01,Space/resource optimization,Low,191.52
FAC-001,Hospital,2026-02,204573.57,803867.05,64632.62,172614.02,70147.18,1344116.7,2710670.83,314380.07,68.67,25269.74,16,48.23,2,14906769.32,6550146.1,5620369.42,929776.69,1708.32,9,66426.58,Energy optimization; Predictive maintenance,Low,284.29
FAC-004,University,2025-09,126695.34,173784.63,46433.5,68114.03,158340.44,129451.77,395276.83,151133.03,86.78,12163.0,5,6.25,1,2361048.14,1304340.08,1202796.07,101544.0,2286.68,5,12544.45,Energy optimization,Low,213.86
FAC-016,Corporate Office,2026-11,121151.25,1127446.91,37200.33,124366.57,151084.84,898461.77,3446738.8,162834.46,62.87,16430.59,7,13.41,1,19405275.7,6637080.25,6032084.59,604995.66,1294.16,8,4148.43,Energy optimization,Low,105.71
FAC-012,IT Park,2026-10,287328.06,3107139.76,117233.65,62848.8,179979.79,3910186.76,8258185.71,275107.23,70.22,37879.57,4,8.97,1,40783860.03,18634296.54,16080776.12,2553520.42,1715.47,7,23093.67,Energy optimization,Low,361.2
FAC-024,IT Park,2026-07,177444.57,2679557.01,58927.28,179101.28,113468.83,3123279.66,8257917.04,138431.68,72.92,19406.73,12,15.69,2,38446988.67,16535664.34,14669200.08,1866464.27,1550.0,6,29992.16,Energy optimization; Predictive maintenance,Low,144.78
FAC-001,Corporate Office,2026-09,280786.95,2075556.66,73646.23,41190.79,183623.95,2853546.77,5537975.84,129552.09,56.1,25522.4,8,7.51,9,26284678.42,12964329.29,11102233.05,1862096.24,1143.15,7,21453.66,Energy optimization; Security process optimization,Low,86.35
FAC-006,IT Park,2025-11,349269.39,1273633.02,108370.29,37151.9,155099.74,1193645.62,3050681.77,380525.93,49.64,31729.33,7,9.56,3,19645221.14,7219419.14,6440007.37,779411.77,1807.98,12,201107.52,Energy optimization; Space/resource optimization,Low,139.49
FAC-029,University,2026-05,70055.91,2789168.5,19551.99,71022.1,119932.06,1953641.92,5655007.91,108314.56,55.73,9029.49,6,23.6,2,44412221.81,10091759.51,10767142.95,-675383.45,1099.14,7,10349.95,Predictive maintenance,Low,211.4
FAC-007,University,2025-10,197837.01,1308673.46,65875.36,66587.29,168460.05,1455888.59,3934505.33,108596.1,78.65,23834.24,8,29.39,1,18544199.33,6720916.22,7240547.84,-519631.62,1181.94,5,19780.6,Energy optimization; Predictive maintenance,Low,251.01
FAC-023,Corporate Office,2026-04,344521.03,627647.96,96024.42,58160.77,55396.8,1290214.45,1831298.89,306594.2,58.38,34242.07,7,8.5,0,9310153.4,4443510.09,4513834.09,-70324.0,1468.87,11,68346.17,Energy optimization; Vendor consolidation,Low,345.71
FAC-001,Corporate Office,2026-10,326188.93,3756843.2,133497.31,118539.22,140651.89,2932686.96,6338531.17,98426.41,60.07,35837.33,9,3.71,0,51164543.65,15324104.33,13711867.79,1612236.54,1466.04,6,17011.71,Energy optimization,Low,201.7
FAC-001,IT Park,2026-01,494728.56,1079254.81,207086.31,35843.34,193914.37,755246.08,1828135.92,211846.34,56.63,47100.65,5,4.16,8,16791696.72,4580377.62,4598969.41,-18591.79,1282.12,3,35881.39,Energy optimization; Security process optimization,Low,266.0
FAC-016,University,2026-06,330483.57,2004149.21,115756.76,109292.78,76327.49,1844438.05,4180618.39,189632.7,53.02,33765.67,13,20.82,2,25551905.56,9851516.15,8734942.19,1116573.96,1766.78,3,292511.2,Energy optimization; Predictive maintenance,Low,124.6
FAC-021,University,2026-12,368556.43,1017373.08,147952.15,49882.82,159590.55,1965932.7,3168506.21,251787.28,48.48,46699.59,5,3.31,1,12493770.54,7384686.22,6981629.06,403057.16,1475.72,8,243277.54,Energy optimization; Space/resource optimization,Low,86.82
FAC-003,Corporate Office,2026-03,207856.74,533836.16,71034.64,53928.4,135630.56,549972.64,1181109.39,293128.43,53.79,20790.03,3,3.59,4,8541430.37,3138200.57,2955462.32,182738.25,1513.29,12,103269.81,Energy optimization; Space/resource optimization,Low,181.85
FAC-008,Hospital,2026-01,492436.28,1253603.6,127343.22,42986.25,141932.32,2164837.39,4373388.23,254743.61,81.47,59752.07,4,1.45,4,23442531.89,8072492.79,8723927.68,-651434.89,1471.4,7,21650.74,Energy optimization,Low,180.16
FAC-004,Hospital,2026-03,86772.64,1285584.04,35141.3,72278.11,128049.46,1571490.46,4154301.07,125091.43,80.13,8086.7,5,7.05,3,23327569.97,8264608.24,7423567.2,841041.05,1190.63,6,243689.53,Routine monitoring,Low,121.94
FAC-008,Corporate Office,2026-06,109356.83,1909377.12,44615.79,218857.36,171300.59,1295590.32,2350643.25,281256.47,76.23,9736.37,13,25.95,2,22808217.69,6583905.77,6336381.94,247523.83,1379.27,10,52039.51,Energy optimization; Predictive maintenance,Low,240.59
FAC-023,Corporate Office,2025-10,421401.95,1290267.75,167929.02,43121.21,112505.91,987160.96,2464968.48,248727.94,66.15,45292.27,9,11.33,3,22208714.53,5415855.94,5568154.2,-152298.26,1116.31,12,54160.64,Energy optimization; Vendor consolidation,Low,287.03
FAC-009,University,2025-06,248536.18,1786234.77,62786.62,111512.8,178000.89,3966919.24,7898431.35,282907.01,85.82,27393.34,16,19.36,1,29202096.01,14495151.09,14472542.25,22608.84,1514.81,9,75549.54,Energy optimization; Predictive maintenance,Low,384.31
FAC-007,Hospital,2026-02,737489.2,896687.03,285491.65,31084.39,199103.31,1684866.7,4329223.15,145850.46,72.61,64401.88,5,8.35,5,14988954.38,8476190.44,8024304.24,451886.2,1561.45,5,63824.31,Energy optimization; Security process optimization,Low,285.67
FAC-002,Corporate Office,2026-02,506005.48,2974215.49,152940.81,111242.8,91970.63,2735049.98,6077426.05,104153.18,70.73,47811.93,7,5.96,0,40087982.15,12656297.1,12600063.62,56233.48,1458.85,7,29298.06,Energy optimization,Low,136.68
FAC-002,Corporate Office,2025-01,140059.43,294283.4,43785.37,102878.27,177516.37,525794.97,714319.93,261032.28,48.5,15202.82,8,5.59,0,4091989.77,2132532.86,2215884.65,-83351.79,1672.37,6,61005.97,Energy optimization; Space/resource optimization,Low,115.58
FAC-005,Corporate Office,2026-07,95845.42,481504.42,32334.76,52736.29,109053.11,871568.64,973405.7,192981.92,52.41,8785.87,7,10.63,4,10196279.96,3172735.87,2777095.51,395640.36,1320.54,6,67240.46,Space/resource optimization,Low,191.47
FAC-001,Corporate Office,2025-08,402994.62,538177.56,134115.93,10852.82,85950.69,507205.96,1182882.75,90597.94,64.75,53538.52,1,7.56,3,8799761.0,3293120.3,2818662.33,474457.97,1088.71,3,12353.26,Energy optimization,Low,273.42
FAC-013,IT Park,2026-10,240742.47,709188.07,71831.5,40464.93,171147.72,536863.67,1590705.43,349859.59,59.01,24880.58,4,3.65,2,9060786.41,3546153.07,3638971.87,-92818.8,1326.16,10,44057.58,Energy optimization; Vendor consolidation,Low,94.98
FAC-022,IT Park,2025-06,350006.55,2519180.3,108904.9,44661.38,76289.87,3385428.82,4680498.63,221128.93,83.56,44751.58,4,7.09,5,37936799.41,12303214.77,11277194.48,1026020.29,1143.5,7,35780.67,Energy optimization; Security process optimization,Low,111.11
FAC-030,Corporate Office,2025-09,397419.94,3088736.89,154261.18,282784.15,102960.9,1736458.03,6347469.84,241093.73,82.87,48663.8,17,57.3,1,50022681.55,12051578.85,12196923.48,-145344.63,1382.09,10,73652.8,Energy optimization; Predictive maintenance,Low,119.83
FAC-023,Corporate Office,2025-04,58202.14,1228371.81,17856.38,167526.21,161889.95,1502324.7,4583369.98,228111.48,81.53,7111.99,13,33.02,1,23719340.56,7665528.01,7929796.27,-264268.26,981.9,11,36683.67,Predictive maintenance; Vendor consolidation,Low,150.55
FAC-025,IT Park,2025-11,92494.44,450770.69,35387.0,123279.05,203057.24,474204.14,1721461.32,137286.59,72.18,8386.96,12,38.07,4,5732302.71,3407248.61,3202553.47,204695.14,1535.26,7,8493.5,Predictive maintenance,Low,210.62
FAC-023,Corporate Office,2025-11,305631.86,745250.09,85976.11,172390.31,163463.34,1037429.53,1503708.19,326686.88,50.71,37516.34,13,24.92,2,11844059.81,4704463.93,4254560.21,449903.72,1451.57,10,179440.46,Energy optimization; Predictive maintenance,Low,155.34
FAC-026,IT Park,2025-08,165726.72,1458011.01,55775.67,51475.3,173420.89,2658092.85,4730514.4,130471.75,82.46,16064.38,6,2.52,3,21765983.84,9163942.72,9367712.92,-203770.19,1286.07,4,13220.63,Energy optimization,Low,94.65
FAC-018,Hospital,2026-03,436431.4,1919103.91,111950.68,159052.3,73016.46,1106678.76,4087320.69,113786.15,76.45,43988.5,11,22.16,2,26469570.13,9211600.67,7895389.67,1316211.0,1335.26,4,49595.26,Energy optimization; Predictive maintenance,Low,96.95
FAC-020,IT Park,2026-05,220112.48,1908189.39,65772.29,243157.54,106270.58,1708261.73,5373405.96,337237.28,72.31,25334.72,17,4.87,1,25693302.94,9666997.87,9896634.96,-229637.1,1598.29,10,67392.25,Energy optimization; Predictive maintenance,Low,285.78
FAC-013,University,2025-06,378091.7,2500839.35,155596.46,156744.27,58330.23,2379403.73,5213171.35,242358.29,25.0,38024.3,14,5.21,1,29598608.28,11039346.2,10928938.92,110407.27,1278.54,11,208286.38,Energy optimization; Predictive maintenance,Low,100.84
FAC-019,IT Park,2026-06,77543.29,511353.48,23945.2,9182.0,82015.2,455736.96,1627515.41,333937.4,63.31,7985.03,2,1.38,4,6192098.12,3046621.7,3097283.74,-50662.04,1497.72,11,22364.95,Vendor consolidation,Low,215.99
FAC-018,Corporate Office,2026-02,224048.08,2905332.68,75329.47,112123.0,142577.16,3359036.05,6717270.98,75391.75,84.77,22301.45,8,4.72,3,34961520.92,12809119.13,13535779.7,-726660.57,1660.63,4,12728.72,Energy optimization,Low,214.0
FAC-011,Hospital,2025-10,340604.24,285763.26,120493.56,160360.96,128046.22,461225.87,1095724.84,202282.31,78.41,38503.49,10,9.27,1,4569502.27,2800512.75,2674007.7,126505.05,2077.71,8,44998.27,Energy optimization; Predictive maintenance,Low,241.12
FAC-012,Hospital,2026-11,136571.85,1763846.12,49647.43,137097.24,112610.83,1599335.63,2121634.0,239200.05,52.43,13679.73,9,4.7,0,23689029.19,7151810.06,6110295.72,1041514.34,1464.6,9,217174.57,Energy optimization; Space/resource optimization,Low,242.32
FAC-022,University,2026-05,206975.79,292361.11,53234.4,184138.02,183364.1,160390.09,813578.55,241382.99,76.08,28216.99,12,16.22,1,3636873.24,1970673.93,2082190.66,-111516.73,2374.22,6,42700.67,Energy optimization; Predictive maintenance,Low,371.35
FAC-003,University,2025-12,223200.04,2031429.56,76859.88,51984.92,66755.77,3274970.6,8843629.59,128541.39,69.36,26062.31,6,2.43,3,26396775.99,15152179.15,14620511.86,531667.28,1538.68,5,19066.02,Energy optimization,Low,93.65
FAC-016,IT Park,2025-10,363242.26,1202878.5,101775.61,83699.22,188240.42,1744048.27,3469590.94,178527.05,80.15,43200.18,12,13.25,2,14885500.06,7588176.06,7230226.66,357949.41,1690.49,12,42022.15,Energy optimization; Predictive maintenance,Low,350.45
FAC-029,University,2026-02,488015.28,1349087.25,160601.55,72959.73,164648.26,1898059.63,4820036.88,259190.63,96.7,45824.35,6,13.3,3,26535623.6,10123750.6,9051997.66,1071752.93,1389.62,8,46872.59,Energy optimization,Low,99.51
FAC-006,Hospital,2026-10,483339.91,830285.58,200671.46,270714.33,181989.37,950228.16,1716609.03,97806.81,64.31,51181.97,16,17.26,1,12555269.14,4711467.41,4530973.18,180494.22,1604.45,6,38381.3,Energy optimization; Predictive maintenance,Low,334.15
FAC-007,IT Park,2026-02,504064.83,2038585.43,200399.21,27766.49,128406.15,2164883.76,7483265.72,332068.74,51.85,64084.69,2,18.08,3,41875599.41,14140265.92,12679041.12,1461224.8,1422.21,9,406126.42,Energy optimization; Space/resource optimization,Low,106.02
FAC-004,University,2026-01,379692.38,2456834.06,151557.32,121385.73,75260.53,2688882.18,5074672.49,212451.92,71.5,51171.64,13,2.81,0,32394465.3,12826205.63,11009179.3,1817026.32,1199.65,9,51646.61,Energy optimization; Predictive maintenance,Low,141.67
FAC-028,Corporate Office,2026-06,211554.13,1484884.38,71308.77,133038.99,77597.36,1563807.49,4764964.05,229656.1,49.82,27130.72,11,23.42,1,25674239.65,9188378.5,8465502.51,722875.99,1671.04,7,107509.2,Energy optimization; Predictive maintenance,Low,313.86
FAC-010,Corporate Office,2026-08,261876.38,196337.93,88233.07,175281.47,79116.83,224629.08,390871.57,117749.79,75.76,24925.78,10,8.02,2,3240653.83,1345929.95,1445863.04,-99933.09,2362.52,7,30303.87,Energy optimization; Predictive maintenance,Low,83.37
FAC-008,IT Park,2026-03,132347.63,613661.92,34738.61,160568.12,97119.49,550192.56,1901816.02,174137.05,67.96,14461.93,9,9.12,0,7635885.72,3701193.99,3629842.78,71351.21,1713.0,3,7862.84,Energy optimization,Low,226.1
FAC-003,Hospital,2026-01,537632.77,2166039.66,150103.29,172728.2,144307.08,1445498.6,5715622.08,62122.71,66.59,64775.71,11,24.63,4,34861262.38,10268109.76,10243951.11,24158.65,1567.07,3,45246.85,Energy optimization; Predictive maintenance,Low,179.52
FAC-022,Hospital,2026-02,392927.96,1349086.92,116437.75,82543.84,200348.04,606808.71,1625656.7,224120.0,57.62,35965.05,17,51.66,4,16269849.13,4450144.52,4481492.16,-31347.64,1498.33,7,35471.72,Energy optimization; Predictive maintenance,Low,156.21
FAC-019,Corporate Office,2026-11,134533.94,2726922.78,54850.32,101370.64,197183.72,3819688.69,4338368.61,328317.06,70.6,13082.82,6,0.59,4,39671275.38,11282122.33,11646385.44,-364263.11,1215.32,11,53790.64,Energy optimization; Vendor consolidation,Low,209.52
FAC-009,University,2025-02,91188.48,1775272.03,32956.54,61043.59,143274.0,1673857.08,6711564.1,89667.71,70.46,11756.65,11,1.67,5,24975175.32,10617072.74,10545866.99,71205.75,1440.69,4,10546.5,Predictive maintenance; Security process optimization,Low,159.63
FAC-006,IT Park,2025-01,96932.8,2346330.28,27200.58,44137.45,80357.46,1318625.62,5443682.47,105104.79,82.76,10591.29,8,4.92,2,28020562.55,9977836.49,9435170.86,542665.63,1291.07,3,353335.34,Routine monitoring,Low,103.73
FAC-015,Hospital,2026-09,413063.56,1011064.0,109353.72,195655.07,126482.69,1061247.92,3118543.14,113503.28,57.0,42225.81,12,23.99,0,14132793.6,6638025.32,6039559.65,598465.66,1608.4,3,35151.98,Energy optimization; Predictive maintenance,Low,112.5
FAC-004,IT Park,2025-01,774719.87,1606202.59,246758.13,41447.18,155894.3,1965347.71,2944792.9,181815.86,85.5,68893.34,6,2.14,4,34380900.97,8567343.18,7670220.4,897122.78,1232.36,3,49203.97,Energy optimization,Low,118.43
FAC-028,Corporate Office,2025-05,84071.76,166407.21,33239.11,219345.44,81499.06,157692.58,384067.32,157228.41,96.54,9213.53,16,27.83,5,2408767.07,1466650.05,1250311.79,216338.27,1477.91,6,14085.01,Predictive maintenance; Security process optimization,Low,124.47
FAC-009,Corporate Office,2025-06,428074.84,449914.66,114986.58,63428.95,163862.94,373148.67,848511.12,203390.03,53.85,47365.69,4,11.49,6,9994552.61,2917520.43,2530331.21,387189.22,1441.78,6,82531.16,Energy optimization; Space/resource optimization,Low,102.33
FAC-016,Hospital,2025-04,343161.4,1414054.44,136218.94,34521.47,137924.31,1828181.95,5545308.08,237271.11,49.98,43203.24,3,9.45,1,20630603.37,10796182.0,9540422.77,1255759.22,1234.85,11,219695.64,Energy optimization; Space/resource optimization,Low,187.48
FAC-027,Hospital,2026-02,307746.15,2047847.44,114432.46,98704.0,121431.65,1254627.68,3279172.07,287046.54,43.17,29799.21,16,7.34,2,33209921.33,7366346.31,7396575.54,-30229.23,1142.86,10,188380.42,Energy optimization; Predictive maintenance,Low,91.67
FAC-029,Corporate Office,2026-03,257459.64,2616802.35,95297.67,124124.34,168266.98,1453418.79,5142128.29,272179.87,57.01,36517.97,15,10.06,0,33030636.2,11045253.29,10034380.26,1010873.03,1421.3,9,68708.83,Energy optimization; Predictive maintenance,Low,103.52
FAC-022,Hospital,2026-11,132742.85,1184121.01,33787.54,91095.37,143110.15,1926088.03,4580883.55,234211.52,92.6,15034.06,6,4.2,3,20232489.53,8346625.45,8292252.49,54372.96,1292.63,8,5152.57,Energy optimization,Low,127.81
FAC-027,University,2025-11,155601.5,2609729.86,60090.15,4632.39,170543.77,1772529.58,8920840.16,253365.64,46.11,19043.31,1,2.6,4,41273068.63,12990464.33,13887242.91,-896778.58,1452.34,10,175103.31,Energy optimization; Space/resource optimization,Low,164.2
FAC-030,IT Park,2026-01,487202.77,546010.64,122999.04,40028.89,59637.33,469977.11,1177609.34,161443.62,71.76,61205.8,7,5.03,0,7487702.17,2707450.43,2941909.7,-234459.26,2038.75,7,18382.91,Energy optimization,Low,124.03
FAC-024,Hospital,2026-01,213250.13,801154.76,76898.85,42026.58,128830.67,720354.84,1403014.6,257733.27,78.15,27401.52,9,14.13,0,9592348.74,3384202.77,3566364.87,-182162.1,1762.04,9,31907.9,Energy optimization; Vendor consolidation,Low,216.44
FAC-010,IT Park,2026-06,80764.37,891131.53,29868.01,82573.78,81243.5,585723.63,1869177.95,190604.73,64.4,7840.34,6,20.12,8,11544916.55,3962277.32,3781219.49,181057.83,1369.51,12,31833.09,Predictive maintenance; Vendor consolidation,Low,93.54
FAC-007,University,2025-06,225223.8,700221.57,85548.48,33687.69,67407.33,764251.51,1525242.2,205361.39,42.66,27047.66,7,11.62,0,13473851.03,3704468.82,3521395.51,183073.31,1411.38,6,114464.3,Energy optimization; Space/resource optimization,Low,286.91
FAC-020,Hospital,2025-02,305023.83,91848.75,88336.39,113662.21,143706.77,204799.55,408304.41,167017.7,81.07,33729.21,10,8.76,1,1660681.79,1343845.18,1434363.22,-90518.04,2418.82,4,34596.01,Energy optimization; Predictive maintenance,Low,105.02
FAC-023,Hospital,2025-07,228256.48,1495043.61,89829.46,70583.35,88569.15,1637659.25,2084394.79,352860.52,74.48,28036.11,6,13.85,3,21053361.86,6832868.35,5957367.14,875501.21,1449.83,11,63941.94,Energy optimization; Vendor consolidation,Low,102.32
FAC-027,Hospital,2025-12,472419.98,2424509.86,124384.68,122184.13,79818.91,2485896.03,6405972.6,120882.26,56.94,57803.55,16,23.49,3,33840776.0,13602091.32,12111683.77,1490407.55,1272.1,11,65835.11,Energy optimization; Predictive maintenance,Low,114.23
FAC-010,IT Park,2026-01,247907.69,70136.52,67189.02,43127.57,66980.63,139678.93,341235.0,180079.42,86.85,32237.92,8,8.31,3,1242960.06,1057349.78,1089145.74,-31795.96,2858.65,6,22344.15,Energy optimization,Low,178.19
FAC-008,Corporate Office,2025-04,318974.97,1583562.82,82859.82,49040.19,158942.1,1672689.08,3110366.29,147690.45,62.49,35171.7,3,4.44,1,32607296.26,7650859.26,7041265.89,609593.37,1069.94,10,27221.96,Energy optimization; Vendor consolidation,Low,82.58
FAC-029,Hospital,2026-08,458835.51,763892.16,176171.94,224950.81,67669.58,1707097.27,3788578.05,179577.35,78.56,45901.67,14,27.37,1,16078480.15,7143933.18,7190600.73,-46667.56,1736.44,8,78137.33,Energy optimization; Predictive maintenance,Low,118.65
FAC-021,Corporate Office,2025-02,435809.19,658096.82,146766.33,74956.15,150896.22,1294268.42,2014049.12,173904.48,63.95,43937.71,12,27.16,4,12965414.63,4632426.39,4801980.4,-169554.01,1290.85,8,47134.55,Energy optimization; Predictive maintenance,Low,123.69
FAC-030,University,2025-04,265854.52,867515.41,79511.69,128966.94,129895.31,596862.54,2368671.27,217251.48,75.31,34473.37,19,28.71,2,10651283.74,5114938.73,4575017.48,539921.25,1420.81,12,66325.8,Energy optimization; Predictive maintenance,Low,337.9
FAC-029,University,2026-09,855617.85,849199.56,346397.7,71389.94,101172.65,1063790.3,1492489.17,155705.86,98.0,94032.23,5,2.75,1,10519258.11,5209251.59,4589365.32,619886.27,1646.11,8,34557.24,Energy optimization,Low,184.03
FAC-011,University,2026-06,179131.3,1034817.24,54603.65,161185.94,181096.6,1017070.13,2862813.21,181085.84,61.34,17201.57,11,17.68,1,21828210.54,5880771.49,5617200.26,263571.22,1266.85,9,58302.08,Energy optimization; Predictive maintenance,Low,194.84
FAC-027,Hospital,2025-05,219196.18,1456403.55,66618.83,80697.07,113383.57,1908242.17,3904999.35,269577.52,53.04,20665.5,9,19.6,0,26823786.47,8353973.46,7952499.41,401474.05,1639.69,5,157090.69,Energy optimization; Space/resource optimization,Low,333.66
FAC-011,University,2026-08,520842.43,275635.91,138263.28,183311.04,225324.57,416395.58,793754.25,143055.5,70.77,51671.05,11,19.46,9,3972717.73,2610989.21,2558319.28,52669.92,2051.58,9,94457.36,Energy optimization; Predictive maintenance,Low,235.03
FAC-002,Corporate Office,2025-10,527155.82,80534.25,186808.48,45577.95,109469.27,63368.65,321231.54,239300.55,48.79,57558.44,10,2.37,1,1531734.49,1442567.58,1386638.03,55929.55,3939.31,8,37940.68,Energy optimization; Predictive maintenance,Low,203.18
FAC-016,Hospital,2025-08,40726.07,2092171.28,10629.93,151519.29,80103.27,2380719.58,8421859.5,313103.7,39.22,5748.5,13,22.12,1,42596610.8,13607379.36,13480202.68,127176.68,1475.34,9,313037.32,Predictive maintenance; Space/resource optimization,Low,323.81
FAC-028,IT Park,2025-03,231889.66,1095968.97,95248.91,196877.14,86037.02,889838.96,3399699.2,172792.28,45.88,31910.59,12,4.74,0,24177631.7,6471942.31,6073103.24,398839.07,1409.73,9,176075.48,Energy optimization; Predictive maintenance,Low,83.2
FAC-009,Hospital,2026-11,287358.98,855459.4,95166.14,108489.76,104207.08,1665862.49,3505445.07,75443.45,64.82,37165.16,15,6.07,1,18796537.61,6992021.5,6602266.23,389755.27,1391.42,4,21252.39,Energy optimization; Predictive maintenance,Low,108.61
FAC-008,Corporate Office,2025-08,142139.98,1567625.53,45706.02,237600.86,260597.79,970016.88,2382096.74,205864.27,56.21,13249.32,17,14.02,10,19849962.8,6463869.28,5765942.07,697927.22,1518.15,10,83505.13,Energy optimization; Predictive maintenance,Low,112.87
FAC-017,IT Park,2026-12,600210.56,860226.52,156823.12,143059.47,155487.26,982704.24,1973575.59,284183.31,53.57,69609.52,15,9.69,2,14711582.0,4864561.19,4999446.95,-134885.76,1174.41,11,149690.09,Energy optimization; Predictive maintenance,Low,129.32
FAC-020,University,2026-09,193394.59,853962.68,68980.57,131348.24,111910.11,1126026.41,2806507.29,221482.44,75.27,19533.49,13,13.62,3,17277251.21,5483429.78,5444631.76,38798.02,1117.99,6,26475.97,Energy optimization; Predictive maintenance,Low,121.12
FAC-001,Hospital,2026-02,62932.4,1376566.1,22264.68,14096.78,158136.51,1639886.81,6488023.06,143142.7,53.23,7788.05,3,6.41,0,22878434.07,10335179.48,9882784.36,452395.12,1154.13,9,185116.42,Space/resource optimization; Vendor consolidation,Low,131.44
FAC-018,Hospital,2025-01,472853.34,786298.4,149295.21,68823.74,51995.45,1306635.14,2584887.01,90618.47,46.94,54699.08,4,9.37,0,12268313.51,5588463.98,5362111.54,226352.44,1352.02,3,218847.82,Energy optimization; Space/resource optimization,Low,393.52
FAC-016,Hospital,2026-09,530341.51,1732533.88,180983.15,43143.5,173717.41,1167078.3,2631319.07,221257.77,66.45,54483.59,7,8.25,0,24090231.35,7356628.36,6499391.43,857236.92,1451.73,12,68445.45,Energy optimization; Vendor consolidation,Low,108.08
FAC-016,Corporate Office,2026-05,375885.88,138887.19,116956.51,111676.94,177777.19,196702.71,243974.73,233389.91,91.68,38907.13,7,30.93,4,2124710.96,1565042.67,1478294.55,86748.12,2876.06,11,63320.76,Energy optimization; Predictive maintenance,Low,310.85
FAC-013,Corporate Office,2026-06,93819.14,2195255.74,35065.54,13252.73,113396.5,3005698.13,5096999.28,257691.73,72.82,13298.19,2,12.25,4,41480496.32,10787524.16,10776113.25,11410.91,1301.46,8,221133.25,Routine monitoring,Low,149.28
FAC-018,Hospital,2026-06,240301.87,3202650.14,88963.91,125871.33,107660.65,1792490.78,6627855.16,102071.23,80.3,31002.27,9,10.73,2,39658215.73,11720218.05,12198901.17,-478683.12,1573.65,8,17185.73,Energy optimization,Low,197.2
FAC-028,IT Park,2025-04,342551.3,712474.8,117084.42,28527.49,71361.27,808421.92,1806884.49,247127.41,65.04,36991.14,3,12.8,1,12385054.62,4591523.03,4017348.68,574174.36,1373.92,12,57291.93,Energy optimization; Vendor consolidation,Low,123.83
FAC-020,Corporate Office,2025-01,189682.93,103691.99,51943.31,67482.98,204898.13,72260.89,151348.84,249157.3,76.96,21923.93,4,2.89,6,1302985.3,1203712.57,1038523.05,165189.52,3175.91,5,27227.14,Energy optimization; Security process optimization,Low,176.22
FAC-001,Corporate Office,2025-10,649714.85,457129.34,255018.0,125401.8,69630.65,532630.41,1136140.65,154638.45,76.43,65987.98,7,6.09,1,6977625.4,3432169.75,3125286.16,306883.6,2443.54,3,50771.8,Energy optimization,Low,109.9
FAC-005,Corporate Office,2025-04,398227.8,2058367.18,149166.83,72395.61,197792.54,2698585.19,6297233.88,247194.81,53.76,47490.23,9,6.45,9,39593684.67,13519390.11,11969797.02,1549593.1,1366.88,10,276925.74,Energy optimization; Space/resource optimization,Low,82.89
FAC-030,University,2026-08,710148.95,1718461.16,279450.96,105498.14,127494.4,3997003.16,8882913.65,268061.81,86.73,69254.84,11,21.94,2,29832604.05,14616638.26,15809581.26,-1192943.01,1634.23,10,108994.24,Energy optimization; Predictive maintenance,Low,227.29
FAC-026,Hospital,2025-10,442874.69,970156.28,185945.4,91538.82,171604.31,1420874.13,4445017.71,200943.5,78.18,41262.35,8,6.92,0,14235332.99,7348323.54,7743009.44,-394685.9,1476.55,5,37959.04,Energy optimization,Low,151.55
FAC-010,University,2025-06,110569.2,700455.3,29677.13,60203.43,70311.76,688324.69,1910421.98,361892.9,77.24,14011.2,6,4.57,3,8832549.75,3631205.95,3902179.26,-270973.31,1279.82,12,32367.51,Energy optimization; Vendor consolidation,Low,221.17
FAC-003,Corporate Office,2025-02,410792.9,365523.03,111728.09,124977.64,116324.92,451288.16,1656860.56,258674.08,46.91,36358.48,9,3.99,2,6468667.18,3743113.55,3384441.29,358672.27,1563.25,11,118410.37,Energy optimization; Space/resource optimization,Low,84.71
FAC-013,IT Park,2025-10,244851.25,362680.34,82764.99,61087.64,140378.31,503208.67,997509.64,248215.49,44.43,24031.67,8,9.88,7,4466803.39,2681487.34,2557931.34,123556.0,1530.78,11,98304.68,Energy optimization; Space/resource optimization,Low,207.58
FAC-009,Corporate Office,2026-01,271086.84,418263.99,73163.07,100579.82,152566.0,631134.84,1347436.42,211357.38,73.1,33659.85,11,6.19,1,5590431.91,2972646.06,3132425.29,-159779.23,1829.69,11,35011.72,Energy optimization; Predictive maintenance,Low,84.97
FAC-017,Corporate Office,2025-09,152046.34,252773.93,42055.1,87419.41,126989.02,367987.39,437428.84,174950.78,75.54,13824.63,11,13.45,1,4735836.7,1529869.8,1599595.7,-69725.9,1720.0,6,14363.44,Energy optimization; Predictive maintenance,Low,201.91
FAC-029,IT Park,2025-08,129977.0,276176.99,38608.07,179223.36,130317.16,169612.75,425628.9,211458.14,69.98,12588.37,13,12.77,0,3805344.77,1536514.89,1522394.29,14120.6,1922.22,6,31791.34,Energy optimization; Predictive maintenance,Low,93.33
FAC-010,Corporate Office,2025-04,532811.22,2114090.49,142270.97,89541.48,171823.93,2260368.59,5719315.29,120276.02,84.04,70409.5,6,2.11,2,26130222.96,12125834.31,11008227.02,1117607.29,1818.64,11,39474.26,Energy optimization; Vendor consolidation,Low,112.88
FAC-011,Corporate Office,2026-06,64238.49,1478454.21,26453.74,93295.49,175694.76,1422686.04,1989074.56,166549.71,42.09,8311.89,13,12.48,4,19200319.36,5075599.76,5389993.26,-314393.5,1382.05,6,159245.06,Predictive maintenance; Space/resource optimization,Low,94.71
FAC-004,Corporate Office,2025-12,289714.8,645186.11,82367.86,89186.91,97564.59,1074402.6,1455423.99,144017.76,73.04,28114.14,10,12.39,4,11279942.35,3829574.66,3795496.75,34077.91,1229.91,3,33588.62,Energy optimization; Predictive maintenance,Low,208.09
FAC-001,Corporate Office,2026-01,347005.15,136949.5,95068.69,121298.41,120938.21,136229.29,412853.93,171015.53,92.02,30290.87,8,12.1,0,2088920.16,1440886.32,1446290.01,-5403.69,3294.51,5,23164.32,Energy optimization,Low,129.54
FAC-004,IT Park,2025-02,203806.42,1421313.99,83359.14,104472.16,109281.03,2326102.87,4152551.07,101693.31,64.91,26793.02,8,3.89,0,26679141.1,9008280.38,8419220.86,589059.53,1305.1,10,27184.25,Energy optimization; Vendor consolidation,Low,371.97
FAC-030,University,2026-06,657134.01,2144673.9,224957.47,23806.54,48648.94,2808289.41,4608387.39,88854.68,58.77,67899.77,3,4.55,0,33437024.64,11223545.8,10379794.88,843750.91,1368.28,3,28556.81,Energy optimization,Low,263.13
FAC-011,Corporate Office,2026-03,215225.07,1697339.06,86319.47,170429.65,138836.24,1115109.81,3806217.13,294391.57,65.33,19817.97,22,40.27,2,24069536.37,8204820.72,7437548.53,767272.19,1599.13,8,16730.06,Energy optimization; Predictive maintenance,Low,125.54
FAC-027,University,2026-09,410697.44,2104347.69,105443.19,86869.09,153496.44,2198059.22,5809574.77,263059.69,83.05,40909.74,10,4.04,3,35256286.98,11629149.37,11026104.34,603045.03,1730.13,9,74715.4,Energy optimization; Predictive maintenance,Low,219.55
FAC-022,Corporate Office,2026-02,711990.68,1235132.83,229364.08,78359.25,168625.22,2276544.83,5012111.06,130659.8,65.94,76166.04,8,15.29,2,19613379.89,10149282.29,9613423.66,535858.62,1730.59,8,47055.42,Energy optimization,Low,304.96
FAC-022,Corporate Office,2025-01,202381.52,1672066.75,75561.46,35831.47,121352.33,2201078.17,3904854.24,145153.27,69.69,25320.15,6,10.66,1,36223544.45,9764512.96,8282717.76,1481795.2,1105.69,11,17068.04,Energy optimization; Vendor consolidation,Low,101.9
FAC-029,Hospital,2026-08,249766.32,1140153.7,101023.2,116182.26,163660.24,2301147.96,3065578.33,301060.55,60.02,31860.38,8,14.14,0,16771474.66,7267184.39,7337549.37,-70364.98,1243.86,12,51135.49,Energy optimization; Vendor consolidation,Low,276.37
FAC-003,IT Park,2026-11,722488.88,2957597.22,235272.6,120909.29,129845.58,2449790.66,6859495.3,392367.04,78.57,63605.17,8,12.8,2,44107649.9,14312444.92,13632493.97,679950.96,1678.05,12,87668.54,Energy optimization; Vendor consolidation,Low,92.05
FAC-027,Hospital,2026-09,314097.72,1279556.41,95686.37,158049.9,97186.98,1360335.21,3135450.11,262552.48,98.0,35465.95,14,12.87,3,15912801.93,6973824.46,6607228.81,366595.65,1800.33,12,59272.75,Energy optimization; Predictive maintenance,Low,138.81
FAC-014,IT Park,2025-11,71656.49,3629894.19,19668.27,119807.95,150924.6,3297262.62,6162558.45,220407.88,48.0,7721.28,8,6.07,5,43456687.96,13776684.08,13652512.17,124171.91,1496.17,4,317139.02,Space/resource optimization; Security process optimization,Low,325.39
FAC-027,Hospital,2026-11,552684.12,238828.74,193218.12,24763.54,84591.81,384437.44,638041.69,141967.03,35.62,57920.25,5,9.32,3,5029014.96,2136011.54,2065314.36,70697.17,1869.06,6,70971.25,Energy optimization; Space/resource optimization,Low,287.18
FAC-025,University,2026-07,690206.51,1586200.94,264032.63,106618.68,84693.79,2119895.66,5982132.02,87469.9,62.67,66063.38,10,20.35,1,30933287.63,10816667.68,10657217.49,159450.19,1091.59,3,37824.47,Energy optimization; Predictive maintenance,Low,87.36
FAC-030,IT Park,2025-06,176870.37,1162417.34,48478.36,47838.25,115299.73,1112749.06,1383728.42,132531.02,68.41,20690.19,10,7.27,1,14444419.22,4518249.93,4131434.19,386815.74,1537.56,7,16741.5,Energy optimization; Predictive maintenance,Low,105.62
FAC-027,IT Park,2025-04,158314.12,176888.58,52204.37,94412.15,103676.52,308287.85,871068.25,215993.02,54.27,19379.19,6,4.7,3,3148671.37,1843981.57,1928640.49,-84658.92,1662.62,11,72689.81,Energy optimization; Space/resource optimization,Low,124.5
FAC-011,University,2026-04,531303.46,1026089.3,134456.48,35418.7,76796.39,1144300.3,1815002.62,114881.0,59.52,53876.85,3,9.76,2,14849976.98,4598162.02,4743791.77,-145629.75,1335.15,4,26175.74,Energy optimization,Low,124.27
FAC-025,IT Park,2025-04,157999.63,2143070.38,51341.76,143053.23,86800.53,2672614.24,4964772.43,132319.2,67.93,21370.63,11,12.48,2,33688148.51,9706751.45,10300629.65,-593878.2,1176.01,5,25773.93,Energy optimization; Predictive maintenance,Low,243.23
FAC-021,Hospital,2026-03,371529.37,1949572.07,130501.48,23996.76,46527.27,3250781.49,6724392.68,105800.78,69.89,40048.07,3,7.5,0,31698069.79,12297851.66,12472600.43,-174748.77,1481.31,3,13073.92,Energy optimization,Low,229.85
FAC-005,IT Park,2026-02,135564.98,3830410.19,34704.27,17213.47,79440.64,2792471.08,4639201.71,124312.69,66.5,13231.7,2,2.54,2,49351811.25,11959268.15,11618614.77,340653.38,1319.85,4,7129.24,Energy optimization,Low,153.09
FAC-028,IT Park,2025-09,47873.73,1812362.59,12458.32,309354.53,148045.36,2612191.99,5904119.46,311189.98,56.52,4609.68,20,3.3,1,39493974.1,12824610.28,11145137.63,1679472.64,1374.92,9,51042.68,Predictive maintenance; Vendor consolidation,Low,137.76
FAC-017,Corporate Office,2026-12,248441.89,1469094.6,104253.08,176718.61,66908.19,2510253.75,4497489.39,143108.2,76.05,24017.42,10,4.83,0,21471854.01,9980603.62,9112014.62,868589.0,1221.61,4,28692.73,Energy optimization; Predictive maintenance,Low,213.0
FAC-020,Corporate Office,2026-02,181362.28,518277.17,56547.65,115800.57,136945.47,635639.46,2693908.74,254792.67,59.04,24387.42,9,11.17,3,9843112.78,4993652.1,4536726.37,456925.73,1376.85,12,43732.94,Energy optimization; Vendor consolidation,Low,177.95
FAC-022,Hospital,2026-01,364109.67,1540733.4,114725.15,106631.07,105178.29,1223213.99,1482130.73,186918.22,63.22,33708.93,7,16.36,4,18495270.14,5346405.24,5008915.36,337489.88,1540.73,8,22493.03,Energy optimization,Low,275.48
FAC-006,IT Park,2025-07,430994.7,444277.16,170291.37,126007.1,155423.7,463895.14,1411732.72,118391.73,71.08,38806.08,17,20.26,2,5786454.22,3005706.94,3150722.24,-145015.3,1412.88,7,46330.31,Energy optimization; Predictive maintenance,Low,124.2
FAC-011,Corporate Office,2025-10,164571.28,1729358.55,48015.95,177085.19,149882.31,1448014.44,3526398.97,194637.02,78.68,14874.7,12,6.45,8,20572387.93,7705961.56,7389947.75,316013.81,1625.24,4,51285.09,Energy optimization; Predictive maintenance,Low,379.18
FAC-012,Hospital,2026-08,412650.01,2503491.11,126205.69,121757.16,166943.71,1766017.43,6695441.76,201936.26,74.76,51692.9,11,16.44,3,38068628.7,12085404.18,11868237.47,217166.72,1514.97,11,86216.21,Energy optimization; Predictive maintenance,Low,88.55
FAC-025,Corporate Office,2026-12,119593.04,1250697.15,45331.1,199322.14,210015.93,1722159.07,3274761.73,103214.61,74.69,11610.12,12,9.92,6,21236681.55,7642294.9,6879763.66,762531.24,1513.37,6,34508.4,Energy optimization; Predictive maintenance,Low,232.08
FAC-020,IT Park,2025-06,255923.41,618072.6,83215.35,100989.02,72275.11,453497.45,906137.48,129416.76,91.78,34677.25,6,16.71,1,9344514.38,2421385.31,2536311.84,-114926.52,1328.61,7,18044.26,Energy optimization,Low,168.21
FAC-004,IT Park,2026-10,193135.34,218688.72,65634.4,179303.76,57071.49,164513.8,298415.82,112688.99,82.37,22677.02,11,52.99,3,3469480.09,1368434.88,1223817.93,144616.95,1909.23,4,34846.95,Energy optimization; Predictive maintenance,Low,113.95
FAC-023,Corporate Office,2026-10,137768.09,572182.7,34644.47,36334.59,81554.28,488639.92,1378696.37,87709.47,55.23,15754.09,8,14.56,2,9751995.54,2562055.25,2782885.43,-220830.18,1537.51,5,4827.06,Energy optimization,Low,136.79
FAC-010,IT Park,2026-04,535257.39,2874312.25,179327.18,74543.82,86045.66,3539155.67,8021809.57,179406.83,57.45,57413.42,7,9.08,3,40132211.17,15710410.29,15310531.2,399879.09,1658.96,5,46260.39,Energy optimization,Low,141.44
FAC-022,Corporate Office,2025-08,215188.98,2489384.18,82399.06,69072.76,135996.04,2451623.4,7233209.09,225009.03,54.82,20816.74,4,2.09,1,46984003.6,12206980.16,12819483.47,-612503.31,1532.33,11,193286.25,Energy optimization; Space/resource optimization,Low,85.83
FAC-001,University,2025-06,75048.46,467217.81,26565.59,194521.39,122456.89,525396.8,1090708.98,240406.55,52.6,7795.31,11,15.47,5,5739078.89,2706109.35,2715756.88,-9647.53,1703.74,7,87310.25,Predictive maintenance; Space/resource optimization,Low,83.33
FAC-011,IT Park,2025-04,819058.08,1356586.29,277562.05,102900.46,90225.04,968142.93,2545000.49,198804.64,74.61,75122.67,8,6.13,2,18352847.73,6067873.37,6080717.94,-12844.57,1507.74,6,32422.69,Energy optimization,Low,285.95
FAC-010,Hospital,2026-06,202482.36,2612246.5,72936.05,124880.99,127032.02,2407075.04,3952070.16,249730.17,88.79,27626.76,7,3.51,2,31243958.56,10233924.22,9675517.24,558406.98,1509.68,12,57365.25,Energy optimization; Vendor consolidation,Low,141.96
FAC-024,Corporate Office,2025-09,239111.78,1505389.64,74378.3,53643.79,143365.38,2428797.25,3649845.02,143200.98,63.25,25746.7,5,10.06,1,17745805.2,8359535.39,8163353.85,196181.54,1234.25,7,20671.61,Energy optimization,Low,356.08
FAC-017,Corporate Office,2026-10,571027.35,901339.5,166216.13,42396.79,63285.09,880411.9,1322069.37,231497.58,91.1,55760.44,9,22.23,0,11850005.03,4327847.11,4012027.59,315819.52,1788.69,11,62993.68,Energy optimization; Predictive maintenance,Low,170.33
FAC-011,IT Park,2026-12,471710.14,1420154.37,174393.12,56824.97,173397.25,1786575.84,3400168.68,106296.3,65.48,57256.79,8,6.58,4,26894663.94,7934472.35,7415127.56,519344.78,1268.84,7,21616.32,Energy optimization,Low,177.18
FAC-003,Hospital,2026-11,328597.34,2488782.9,126083.43,131645.57,62109.24,2153878.4,4131111.53,266956.21,65.23,38066.45,16,4.83,3,35334072.65,10266233.5,9563081.19,703152.31,1247.14,6,39789.6,Energy optimization; Predictive maintenance,Low,127.1
FAC-006,IT Park,2025-10,536532.51,846546.64,184471.73,216866.95,95889.76,392484.06,1432421.56,376012.91,58.91,70281.65,13,26.67,3,10440370.52,4098970.69,3896754.39,202216.3,2082.71,12,100228.59,Energy optimization; Predictive maintenance,Low,181.37
FAC-011,Corporate Office,2025-09,434221.82,2267663.36,130844.72,35274.3,158856.03,1941174.06,8565671.94,244638.07,41.5,51833.0,3,8.79,4,36092622.51,13483723.12,13647499.57,-163776.45,1455.27,9,205737.78,Energy optimization; Space/resource optimization,Low,132.4
FAC-028,IT Park,2026-06,635923.58,1913039.04,232971.02,123331.72,104042.35,1361696.7,2993026.42,239998.25,74.67,72213.62,14,15.52,0,23278744.74,7739822.49,7371058.06,368764.43,1187.73,11,75893.94,Energy optimization; Predictive maintenance,Low,93.55
FAC-017,Hospital,2026-08,441082.31,242714.7,113726.19,118934.54,173368.23,679941.33,1213975.14,210144.66,39.98,40954.72,8,17.38,3,5339838.92,3513242.91,3080160.93,433081.98,1519.57,11,162061.78,Energy optimization; Space/resource optimization,Medium,270.12
FAC-008,Corporate Office,2025-04,250406.43,1347169.29,74672.03,72027.83,159903.52,1887430.61,4352007.14,338782.23,91.93,21866.67,9,3.45,4,19260184.39,8509851.4,8407727.05,102124.35,1520.11,10,35417.61,Energy optimization; Vendor consolidation,Low,94.46
FAC-028,University,2025-02,271056.17,1795525.14,97035.9,31453.88,62100.49,1806595.53,6353901.56,125274.52,62.91,29074.71,2,7.64,1,33994945.76,10028959.11,10445907.29,-416948.18,1310.49,8,18294.91,Energy optimization,Low,183.32
FAC-028,Corporate Office,2025-12,57103.04,2762318.8,16152.95,97388.34,176048.59,1836068.3,6899249.18,270959.83,74.65,7030.73,11,21.25,5,37329405.35,14014623.14,12099136.08,1915487.07,1331.48,10,48242.5,Predictive maintenance; Vendor consolidation,Low,281.97
FAC-013,University,2026-01,481469.18,1733836.36,165860.52,194377.18,155024.69,1176008.27,4171453.17,287087.05,66.13,51581.3,12,9.98,4,25855590.15,8013214.85,8199255.9,-186041.05,1510.83,8,67806.44,Energy optimization; Predictive maintenance,Low,160.36
FAC-026,Corporate Office,2025-04,205255.64,819044.09,82114.6,89393.75,224129.02,1057844.57,2961182.65,156418.26,78.5,19999.64,17,7.14,8,12839588.16,5278028.79,5513267.97,-235239.18,1753.58,4,34457.04,Energy optimization; Predictive maintenance,Low,237.75
FAC-029,Corporate Office,2026-10,270131.13,1184555.33,86870.87,93556.25,57173.47,1163647.27,2559898.69,215954.26,72.72,29436.69,6,10.4,0,14395660.27,5866818.97,5544916.39,321902.58,1611.89,9,38567.27,Energy optimization; Vendor consolidation,Low,306.55
FAC-016,IT Park,2025-10,84845.84,671351.42,32936.86,111524.76,157778.76,1692388.92,4163017.39,219198.93,66.18,11265.65,11,9.23,5,13080698.29,7540174.11,7100106.02,440068.1,1542.83,11,41351.07,Predictive maintenance; Vendor consolidation,Low,167.53
FAC-026,University,2025-12,134096.92,196426.38,54147.39,109979.32,146693.41,324280.57,685895.32,186585.21,79.88,18449.44,11,5.47,0,3412781.55,2017561.72,1783957.14,233604.58,1833.46,6,25408.35,Energy optimization; Predictive maintenance,Low,177.16
FAC-014,IT Park,2025-11,511630.38,2640605.1,172452.66,138667.67,86576.24,3725155.66,5788792.92,90966.55,63.08,52765.95,8,3.51,1,36062220.17,15071791.57,12982394.51,2089397.07,1327.99,3,46601.18,Energy optimization,Low,224.7
FAC-013,IT Park,2025-08,174751.63,1944670.37,55415.94,214132.23,55123.48,2323996.74,6262221.15,82497.54,68.25,21885.2,17,33.65,2,42570757.03,11575653.99,11057393.15,518260.84,1417.07,5,33336.13,Energy optimization; Predictive maintenance,Low,364.72
FAC-018,Corporate Office,2025-08,222374.95,1347692.83,85852.76,183275.0,151516.26,1773562.7,3663120.42,176737.19,61.23,30026.69,11,12.44,5,24580971.57,8105979.9,7518279.34,587700.56,1501.55,6,41114.61,Energy optimization; Predictive maintenance,Low,349.49
FAC-021,Corporate Office,2025-08,808766.26,1158278.98,265805.12,117527.45,102800.76,1000432.09,2940612.84,290748.84,75.72,73158.15,9,18.83,0,15800771.48,6226091.97,6419167.22,-193075.25,1669.92,8,72883.26,Energy optimization,Low,220.7
FAC-018,Corporate Office,2025-11,313913.8,431794.05,91722.28,70385.05,179936.67,429305.98,789441.48,224947.42,65.96,43973.23,12,27.18,4,7364885.72,2362312.89,2439724.44,-77411.56,1707.29,7,22508.02,Energy optimization; Predictive maintenance,Low,174.29
FAC-020,University,2026-08,221213.15,69922.53,81592.89,103375.26,93282.0,118475.25,226326.02,156227.07,60.6,25041.79,7,14.05,3,1186055.9,1012219.73,988821.3,23398.43,3263.44,8,11525.79,Energy optimization,Low,112.65
FAC-013,Hospital,2025-08,413325.91,3266761.82,170595.61,176638.42,199314.2,3367680.69,5780511.18,134302.97,54.59,45188.46,11,3.99,8,53981045.61,14280677.82,13338535.19,942142.63,1407.32,5,409335.59,Energy optimization; Predictive maintenance,Low,166.35
FAC-002,Corporate Office,2025-07,322215.08,1898709.45,133923.88,96141.93,178934.73,1965390.28,2496514.53,129457.47,60.24,37751.52,13,8.69,3,23078224.27,7383584.9,7087363.47,296221.43,1490.82,4,38177.25,Energy optimization; Predictive maintenance,Low,143.91
FAC-017,Hospital,2026-03,777053.69,2362762.99,256012.17,38223.77,116673.34,3002405.88,3539823.09,382980.44,75.14,75695.09,3,2.58,2,31481600.34,11581221.06,10219923.19,1361297.87,1317.51,11,111301.04,Energy optimization; Vendor consolidation,Low,151.36
FAC-008,Hospital,2025-12,191352.64,604855.64,68904.3,124301.27,130798.59,532090.35,1359311.24,126428.4,68.39,25173.22,9,2.63,5,7898066.8,2948603.91,3069138.11,-120534.2,1038.98,4,22874.73,Energy optimization; Security process optimization,Low,290.25
FAC-001,Hospital,2026-07,145602.18,1863221.42,45661.31,31584.29,172342.27,1423064.18,3302073.86,318754.65,55.0,15301.43,3,10.31,0,26085119.61,7127409.86,7256642.85,-129232.99,1566.29,12,46883.6,Energy optimization; Vendor consolidation,Low,124.66
FAC-009,IT Park,2025-06,498020.03,336303.64,134113.28,93809.43,139139.41,307451.11,1212512.33,181569.07,63.32,56841.15,14,31.93,3,4205121.33,2650023.76,2768805.02,-118781.25,2107.16,5,47362.81,Energy optimization; Predictive maintenance,Low,238.09
FAC-021,Corporate Office,2026-08,79895.01,136755.66,32000.06,87843.89,63327.8,135568.54,280324.06,223553.58,58.55,7029.62,9,16.84,1,2082025.92,1116109.9,1007268.54,108841.36,2184.96,4,21074.19,Routine monitoring,Low,167.61
FAC-030,Hospital,2026-09,318954.1,651586.65,133237.33,84135.58,58529.93,811049.03,1374444.83,119057.48,89.86,31773.4,8,26.18,1,11194842.71,3463426.26,3417757.6,45668.66,1391.03,11,58414.38,Energy optimization; Predictive maintenance,Low,298.95
FAC-025,University,2025-02,287460.66,1273852.31,82395.57,117996.14,64199.53,2439873.61,5536736.25,142759.19,57.9,33248.11,11,9.5,2,22824438.13,9530229.78,9862877.69,-332647.91,1649.31,6,42894.45,Energy optimization; Predictive maintenance,Low,225.49
FAC-022,Corporate Office,2026-09,559764.39,743199.18,180606.15,60356.74,180596.45,1150526.58,1664385.16,192103.46,85.26,79831.82,4,3.0,1,12721100.5,5211028.62,4550931.95,660096.67,1500.47,6,51571.29,Energy optimization,Low,127.3
FAC-030,Corporate Office,2026-04,265585.19,2830831.28,71876.2,125196.73,118479.34,3689960.4,8395010.91,83159.03,70.78,25403.18,8,18.04,4,50823336.47,15683854.84,15508222.88,175631.96,1702.52,5,21924.55,Energy optimization,Low,152.48
FAC-006,IT Park,2025-05,193611.22,1077309.17,61051.85,178716.08,78225.34,1976647.87,3503538.3,213969.66,64.62,23888.63,11,24.0,3,22515154.44,7304787.07,7222017.63,82769.44,1321.5,10,64103.08,Energy optimization; Predictive maintenance,Low,126.93
FAC-002,Hospital,2025-11,340420.43,3623736.4,91289.24,87803.64,207693.28,2629807.42,4677031.57,210009.06,67.31,35854.14,8,10.39,8,45222262.65,11988547.97,11776501.8,212046.17,1446.74,5,23978.4,Energy optimization; Security process optimization,Low,113.56
FAC-002,Hospital,2026-12,568591.69,2285342.31,202471.86,165422.24,87253.73,3318904.3,7272191.6,307661.85,84.54,66723.29,12,6.25,1,32585294.94,16461501.41,14005367.73,2456133.67,1710.27,8,51116.41,Energy optimization; Predictive maintenance,Low,249.02
FAC-030,Corporate Office,2025-09,105586.55,2100971.86,33616.93,22203.63,129189.16,1754723.57,4078862.79,201713.66,84.72,12913.86,3,2.68,3,35268517.69,8291853.11,8393251.23,-101398.12,1082.58,8,10540.38,Energy optimization,Low,113.33
FAC-024,IT Park,2026-07,117145.46,382844.33,32812.7,19743.88,106745.38,767506.36,1372155.39,243882.88,61.06,14897.85,4,14.69,2,7310840.67,3351201.72,3010023.68,341178.04,1601.93,5,9258.97,Energy optimization,Low,169.04
FAC-003,Corporate Office,2026-03,370059.66,283785.53,95753.8,148219.45,90228.57,280861.69,779438.17,339201.29,56.55,35264.85,14,18.83,1,4991147.09,2320228.13,2291794.36,28433.77,1479.53,10,57410.26,Energy optimization; Predictive maintenance,Low,128.06
FAC-003,University,2026-03,594755.99,1950672.1,204721.24,190131.59,159693.7,2213949.4,5195133.24,277146.93,85.19,60207.78,13,4.9,3,24390709.69,10579646.84,10581482.94,-1836.1,1672.96,9,78344.98,Energy optimization; Predictive maintenance,Low,122.62
FAC-014,Corporate Office,2025-06,328920.56,2250748.33,100520.94,65135.95,91370.14,1551675.02,4626910.74,79176.15,63.71,41377.92,11,28.57,3,28951281.11,10591462.1,8993936.89,1597525.21,1511.84,3,23423.88,Energy optimization; Predictive maintenance,Low,133.53
FAC-024,IT Park,2026-11,540309.59,1758366.65,205526.86,106659.5,58873.09,2697846.52,8805936.48,306979.34,77.06,48519.35,9,22.99,1,28232689.11,13657659.03,14274971.17,-617312.15,1491.64,9,74697.63,Energy optimization; Predictive maintenance,Low,115.55
FAC-030,IT Park,2026-07,326719.28,3422968.38,106433.22,84650.06,126082.77,1990541.51,4892674.41,176462.11,69.01,40763.02,5,4.52,4,41997922.61,12326445.84,11020098.53,1306347.31,1470.52,3,25054.04,Energy optimization,Low,268.53
FAC-028,Corporate Office,2025-08,413711.24,1346579.9,165793.19,103933.97,189371.41,625245.09,2362345.66,271502.25,68.58,36704.01,6,27.6,3,16513472.35,6249727.52,5312689.52,937038.0,1777.41,10,73797.06,Energy optimization; Predictive maintenance,Low,242.86
FAC-027,IT Park,2025-03,192002.05,2406680.89,50886.34,240717.2,64689.1,1280451.55,4607816.02,344250.41,83.48,24854.08,15,18.27,4,32958984.92,10183934.34,9136607.22,1047327.12,1389.6,12,74876.28,Energy optimization; Predictive maintenance,Low,221.02
FAC-028,Corporate Office,2025-06,225519.55,311340.69,89683.52,76462.7,147021.28,310446.68,681202.78,175931.96,73.23,25560.77,5,14.03,2,3745353.45,2199989.06,1927925.64,272063.42,1468.34,11,27725.1,Energy optimization; Vendor consolidation,Low,289.7
FAC-017,Corporate Office,2026-07,598247.65,1464144.48,156936.81,83282.26,139200.73,1393841.36,6768938.67,212157.95,82.29,58499.66,6,11.79,2,22345215.06,11604548.88,10659813.1,944735.78,1429.12,6,55191.23,Energy optimization,Low,145.0
FAC-030,Hospital,2026-11,623820.36,557653.12,260300.11,113642.82,115691.77,1369311.08,2021768.91,143014.46,98.0,76088.52,13,5.83,5,9689829.83,4780913.45,4944902.51,-163989.07,1412.83,11,82156.57,Energy optimization; Predictive maintenance,Low,97.7
FAC-029,Hospital,2026-05,437815.48,534523.43,160522.65,113495.57,189553.11,397018.23,1003954.62,201175.38,66.6,44775.15,7,6.77,6,7289917.35,2791698.67,2877535.82,-85837.15,1857.67,5,41280.95,Energy optimization; Security process optimization,Low,332.75
FAC-020,IT Park,2025-12,364658.81,230434.6,103532.18,126778.84,124715.47,320250.22,760487.77,281475.13,65.97,38373.39,8,4.52,5,4335283.21,2565667.31,2208800.85,356866.46,1362.62,7,37859.34,Energy optimization; Security process optimization,Low,289.78
FAC-021,Corporate Office,2026-10,309521.56,536379.7,129950.78,113247.01,58518.61,362945.93,720824.64,228782.44,40.03,27123.96,7,9.0,0,6616050.95,2295055.18,2330219.9,-35164.72,1637.54,3,44124.61,Energy optimization; Space/resource optimization,Low,306.26
FAC-023,University,2025-09,436626.64,1981605.38,143655.0,52719.67,109427.21,1647116.57,4132425.93,250866.23,34.54,39882.39,7,1.87,1,40436820.02,9435236.81,8610787.62,824449.18,1037.82,12,295756.97,Energy optimization; Space/resource optimization,Low,263.78
FAC-005,University,2026-05,150482.78,1598077.51,62452.42,97041.44,98382.99,1205360.29,4308991.01,320833.45,89.47,14525.67,10,12.75,2,25789683.38,7586861.44,7779169.48,-192308.04,1308.08,11,65049.94,Energy optimization; Predictive maintenance,Low,178.99
FAC-002,Corporate Office,2025-01,325488.41,83920.73,103986.78,180009.33,74146.03,107130.24,369093.79,81427.31,79.0,31778.13,14,7.39,2,1574624.16,1338270.09,1221215.84,117054.25,2169.12,3,34540.24,Energy optimization; Predictive maintenance,Low,270.84
FAC-016,Corporate Office,2025-10,302740.88,2508406.54,87523.02,65207.75,171438.16,3073881.58,6646135.69,260035.64,85.47,34772.07,11,30.56,2,42692479.74,12253400.57,13027846.24,-774445.67,1544.68,12,60985.62,Energy optimization; Predictive maintenance,Low,117.94
FAC-022,Corporate Office,2026-04,306633.46,1076248.75,111877.58,106583.15,56754.79,1458411.63,6550203.94,122729.47,61.4,26977.24,11,13.32,1,19615265.32,10537089.9,9677565.2,859524.7,1387.86,9,49862.32,Energy optimization; Predictive maintenance,Low,335.3
FAC-005,Corporate Office,2026-11,305165.73,179916.08,88681.09,5857.19,111265.94,211732.42,321615.69,149039.18,52.84,28621.06,1,1.95,4,2593724.78,1393675.32,1284592.23,109083.1,2428.34,9,51036.72,Energy optimization; Space/resource optimization,Low,163.23
FAC-012,Corporate Office,2025-05,142770.45,1511043.32,47179.15,74953.16,92669.88,2108225.88,4636318.92,202627.44,47.43,15307.66,14,14.52,1,21563822.46,8188742.94,8768609.05,-579866.11,1327.37,10,269862.19,Energy optimization; Predictive maintenance,Low,115.41
FAC-021,University,2025-04,187650.55,1069684.13,56549.33,148723.21,167214.94,1254021.3,2940533.36,201079.65,81.63,22619.1,17,7.91,6,17153160.57,5760030.67,5968907.14,-208876.47,1662.19,4,41052.29,Energy optimization; Predictive maintenance,Low,99.11
FAC-021,University,2025-01,246701.21,2296619.75,84606.55,37615.36,161867.29,1879662.48,7254575.28,220464.9,57.88,24620.44,5,0.66,8,32112195.29,13658550.2,12097506.27,1561043.94,1364.02,6,24349.05,Energy optimization; Security process optimization,Low,287.66
FAC-027,Hospital,2025-07,261381.9,1158173.66,82676.77,147779.68,177041.2,1153769.04,4241856.14,102638.7,63.88,23877.39,13,3.35,3,14346125.2,7450545.47,7242640.31,207905.16,1550.22,6,23971.19,Energy optimization; Predictive maintenance,Low,220.29
FAC-012,Hospital,2025-11,597687.59,1491344.44,208742.0,45818.42,109153.53,1068984.96,4249188.27,317621.13,70.17,55422.31,9,16.32,2,31262407.71,7978415.37,7879798.33,98617.04,1372.55,8,36248.76,Energy optimization,Low,129.91
FAC-023,IT Park,2025-12,115087.99,2332534.08,41152.32,79766.66,75002.81,1725273.06,5231553.28,135602.9,64.97,14757.47,6,3.73,2,29003513.93,10345786.59,9694820.78,650965.81,1516.24,6,4337.21,Energy optimization,Low,106.38
FAC-019,Corporate Office,2026-10,457956.46,1347282.54,164447.29,85183.44,124818.31,1945624.62,4802793.47,158417.41,61.24,62624.25,12,27.05,2,17825134.28,9327502.14,8922076.25,405425.9,1660.85,4,52253.41,Energy optimization; Predictive maintenance,Low,101.59
FAC-014,IT Park,2026-05,224707.79,239500.16,68967.35,24147.26,52817.6,270652.48,559374.77,188645.82,55.0,30337.27,4,4.11,1,3482384.15,1691469.48,1559845.87,131623.61,2002.37,9,39098.26,Energy optimization; Vendor consolidation,Low,230.51
FAC-029,University,2025-09,284754.06,1623076.11,90962.69,43648.93,133673.12,1790704.53,3007494.15,140184.0,90.46,34542.66,8,11.47,1,24862976.86,7850369.24,7023534.89,826834.35,1454.45,4,10877.07,Energy optimization,Low,229.42
FAC-007,Corporate Office,2026-09,263887.96,1132937.69,84317.56,49704.26,113548.75,3094938.85,6328324.19,259869.89,56.03,32027.58,6,5.75,1,21489187.14,11600322.23,11243211.61,357110.62,1414.77,9,46722.3,Energy optimization; Vendor consolidation,Low,150.73
FAC-002,Corporate Office,2025-08,826139.56,1890354.67,339156.01,132990.75,103928.57,2218784.94,8098992.71,180174.4,71.26,76492.95,15,19.16,1,32185292.02,13597560.65,13451365.6,146195.04,1520.79,12,62989.17,Energy optimization; Predictive maintenance,Low,111.68
FAC-018,University,2025-11,652977.41,1108477.44,250686.02,66724.38,174531.15,1612290.54,3097340.77,276487.87,85.49,75910.01,10,3.73,1,17113005.64,8177654.18,6988829.55,1188824.63,1378.47,8,59895.58,Energy optimization; Predictive maintenance,Low,228.2
FAC-017,University,2025-06,414063.44,435736.54,146346.69,18361.58,140410.95,416257.73,1247335.72,141567.82,52.36,49800.59,2,9.3,2,8403921.48,3167964.48,2813733.78,354230.69,1695.02,3,95675.66,Energy optimization; Space/resource optimization,Low,92.72
FAC-025,Corporate Office,2025-09,214165.63,261744.35,73476.1,126959.53,126076.62,198865.69,1040204.87,293546.58,76.52,18716.49,11,8.3,1,3540022.35,2558263.13,2261563.28,296699.86,2052.24,7,31028.98,Energy optimization; Predictive maintenance,Low,204.37
FAC-030,IT Park,2026-03,380747.36,516662.77,144744.0,107247.33,200621.91,871332.3,965854.74,371345.32,63.54,51801.21,12,20.01,6,8014405.17,3429267.78,3413811.73,15456.05,1635.75,12,85469.02,Energy optimization; Predictive maintenance,Low,101.17
FAC-003,IT Park,2026-04,241352.91,3004923.53,96143.61,142928.34,112655.35,3212452.58,6436433.05,165239.4,56.01,25943.98,13,8.73,1,43806932.79,13723212.83,13315985.16,407227.67,1610.54,8,27812.74,Energy optimization; Predictive maintenance,Low,166.95
FAC-019,IT Park,2026-10,401145.84,1247303.67,150149.52,142881.42,157252.87,2023840.11,6789447.77,192250.3,77.65,52297.14,13,22.54,0,22329600.51,10505058.65,10954121.98,-449063.33,1336.85,3,29848.77,Energy optimization; Predictive maintenance,Low,135.33
FAC-002,Hospital,2026-02,519726.52,1851977.59,171926.9,107462.63,103993.68,2025036.25,4124488.01,198022.51,82.0,71262.2,7,14.13,1,29732360.33,8793006.53,8930707.19,-137700.66,1510.35,7,17583.1,Energy optimization,Low,151.5
FAC-008,University,2026-05,623685.63,1158779.68,213484.48,115245.34,193954.58,1238655.92,3272840.2,324475.83,63.88,60838.87,12,1.31,9,18527270.16,7958166.08,6927637.17,1030528.9,1124.07,10,94658.98,Energy optimization; Predictive maintenance,Low,178.32
FAC-007,Corporate Office,2025-08,508356.18,1138922.66,156707.93,89076.52,100039.08,1527971.59,5198406.67,268883.59,66.88,66166.99,8,6.42,0,17909134.31,10031832.36,8831656.27,1200176.09,1543.19,7,36775.5,Energy optimization,Low,390.45
FAC-002,IT Park,2025-07,284130.1,911339.95,103799.59,84086.82,176682.88,760542.25,1228627.13,159566.32,49.59,29561.37,9,5.49,0,13166973.46,4224399.47,3604975.45,619424.01,1329.76,10,142098.65,Energy optimization; Space/resource optimization,Low,191.87
FAC-012,Corporate Office,2025-06,295073.69,2908309.56,78804.07,44539.51,85067.23,3749255.13,7609861.49,172150.21,65.14,32501.23,5,2.37,4,41627999.78,15779979.44,14864256.83,915722.61,1498.56,5,28698.22,Energy optimization,Low,130.85
FAC-023,Hospital,2026-07,428844.29,2262936.73,170537.54,33642.75,177636.13,1407577.8,7152100.71,273851.72,64.93,46686.37,7,0.8,1,32377118.01,11655626.05,11736590.13,-80964.08,1513.23,10,49685.56,Energy optimization; Vendor consolidation,Low,331.08
FAC-021,Corporate Office,2025-07,88191.0,1561923.65,22980.94,187462.87,116346.04,1400300.82,6906800.13,81581.59,58.6,7824.69,11,20.12,2,32951254.23,10815515.24,10342606.1,472909.14,1415.83,3,21871.43,Predictive maintenance,Low,156.45
FAC-019,IT Park,2026-05,585114.95,2246254.72,234657.89,70542.61,131360.07,2118239.21,5601678.68,212170.07,54.0,55408.28,8,9.68,1,27249653.52,11515902.97,10965360.31,550542.65,1206.71,8,140460.45,Energy optimization; Space/resource optimization,Low,127.67
FAC-024,Corporate Office,2025-02,318216.16,1185377.96,85218.52,222928.33,156779.51,925669.14,2535713.28,178391.47,60.43,34645.72,20,24.13,9,16904902.4,5156241.46,5523075.85,-366834.39,1655.6,3,56235.21,Energy optimization; Predictive maintenance,Low,156.55
FAC-006,IT Park,2025-02,313916.26,1718047.2,125336.05,31039.64,116499.31,2451657.87,6965481.08,139211.13,52.93,29931.82,2,16.67,1,27005740.21,13183995.4,11735852.49,1448142.91,1474.91,6,183543.66,Energy optimization; Space/resource optimization,Low,375.99
FAC-028,IT Park,2026-07,151518.67,1102013.12,58855.71,184045.13,131137.76,1450775.41,4357016.74,254866.05,68.47,15447.43,15,5.28,5,20565485.49,7503119.32,7631372.87,-128253.56,1240.67,10,69803.26,Energy optimization; Predictive maintenance,Low,134.15
FAC-019,Corporate Office,2026-03,403841.98,1715180.01,120859.91,233563.88,174918.01,687927.1,2269664.44,224177.07,76.89,49355.18,13,27.7,2,20220109.56,6675327.98,5709272.49,966055.48,1502.04,4,53752.0,Energy optimization; Predictive maintenance,Low,142.49
FAC-018,Hospital,2026-10,273649.44,2320478.77,101160.29,178839.45,135878.76,2335523.14,4761590.48,181019.63,67.95,34831.04,16,13.05,8,37530255.44,9554055.82,10186979.67,-632923.85,1151.46,12,61662.42,Energy optimization; Predictive maintenance,Low,292.06
FAC-022,IT Park,2026-12,236753.91,1907995.4,72801.75,84267.56,97104.75,1093404.24,5446614.91,212882.04,70.5,33750.76,14,23.98,6,23898347.6,9820234.58,9079022.81,741211.77,1507.64,6,41375.3,Energy optimization; Predictive maintenance,Low,114.12
FAC-013,Hospital,2025-07,217331.7,2266578.46,71938.72,122455.83,142107.85,1938484.96,4574406.89,344815.57,47.42,21185.38,15,15.38,2,29745251.54,8864209.43,9606181.26,-741971.83,1502.61,12,284854.11,Energy optimization; Predictive maintenance,Low,100.65
FAC-001,Corporate Office,2026-07,225202.02,3529231.97,64176.25,75726.21,146584.09,2250095.4,6029918.72,237249.97,71.58,24384.14,10,26.37,4,49976359.58,11782926.98,12494008.38,-711081.39,1269.85,12,47547.45,Energy optimization; Predictive maintenance,Low,111.42
FAC-025,IT Park,2025-03,441838.4,2097302.09,142156.85,107014.92,100099.4,2905497.67,6264478.27,187802.85,74.24,51862.23,17,39.64,2,32715681.28,11910100.83,12104033.61,-193932.78,1352.25,10,39285.88,Energy optimization; Predictive maintenance,Low,234.01
FAC-013,Hospital,2026-06,192058.05,4191455.48,75957.23,46001.03,207085.41,2806387.02,8690986.18,78052.42,64.75,26086.44,7,2.54,5,52495203.0,16701156.85,16212025.59,489131.26,1685.24,5,17310.91,Energy optimization; Security process optimization,Low,162.84
FAC-008,University,2025-11,527238.76,470117.73,213912.34,108915.03,76230.15,705082.69,1544732.42,125092.79,64.06,48764.14,20,72.5,6,7934252.05,3544478.51,3557409.56,-12931.05,1625.87,4,27719.47,Energy optimization; Predictive maintenance,Low,280.94
FAC-020,IT Park,2025-08,192512.84,1687283.42,60724.31,61420.9,94132.32,2945678.38,7023765.31,140806.78,79.67,19523.87,8,18.67,0,32390816.95,11297902.83,12145599.95,-847697.12,1308.93,9,36013.25,Energy optimization; Vendor consolidation,Low,191.3
FAC-005,Corporate Office,2025-07,635785.22,1981547.58,206453.5,26618.36,102148.82,1559950.86,4956298.44,343107.48,71.6,66737.33,2,7.13,3,28015960.3,9713176.68,9605456.75,107719.93,1160.36,9,66485.29,Energy optimization; Vendor consolidation,Low,134.59
FAC-028,Hospital,2026-11,452011.62,1598755.81,133790.22,46093.45,167068.62,1722979.07,3680392.47,254174.7,68.17,63532.57,5,14.34,4,29375200.43,7946618.24,7921475.73,25142.51,1265.61,6,42713.7,Energy optimization,Low,346.13
FAC-026,Hospital,2026-10,398034.87,476477.36,139326.28,62316.67,49293.27,670980.72,1332503.93,194370.63,43.2,39985.57,13,10.71,1,7122527.29,3543627.12,3183977.45,359649.67,1362.42,9,133031.94,Energy optimization; Predictive maintenance,Low,280.53
FAC-013,University,2025-11,295379.14,1643828.21,87719.85,110891.5,55267.88,1315324.8,5215117.77,129940.32,75.85,30335.67,9,9.89,0,33724041.52,9469181.68,8765749.62,703432.06,1476.71,9,30262.97,Energy optimization; Vendor consolidation,Low,92.95
FAC-007,University,2026-10,251187.79,310288.08,99138.42,76695.94,91656.62,454069.99,1841733.1,212257.56,79.79,21947.97,7,5.16,5,6595291.41,3583992.96,3237889.08,346103.88,1528.03,6,21590.29,Energy optimization; Security process optimization,Low,139.77
FAC-023,Corporate Office,2026-04,73121.11,1276185.12,24468.86,113475.59,146167.12,2290366.06,3943904.77,116431.21,70.6,9572.15,11,16.69,7,15199326.43,8482146.57,7959650.98,522495.59,1414.29,10,38099.67,Predictive maintenance; Vendor consolidation,Low,243.39
FAC-029,Corporate Office,2026-01,316976.6,735956.64,122665.42,25213.43,125442.5,1036520.6,2512764.12,242691.53,39.35,30215.51,5,5.05,2,12617724.19,4845881.41,4995565.42,-149684.01,1649.25,8,141377.02,Energy optimization; Space/resource optimization,Low,136.34
FAC-017,Hospital,2025-05,709823.46,1219844.11,186034.17,64619.3,159167.03,1415281.47,2751581.36,163322.41,42.0,67126.04,10,13.28,4,19571949.0,7468621.57,6483639.13,984982.44,1681.01,10,266178.47,Energy optimization; Predictive maintenance,Low,124.97
FAC-026,Corporate Office,2025-08,300180.34,661732.11,98935.84,90284.07,190596.17,691893.95,2045722.9,172397.6,70.52,30161.24,9,9.27,4,10968509.2,4501378.19,4152807.13,348571.06,1728.18,10,45587.45,Energy optimization; Vendor consolidation,Low,313.71
FAC-023,University,2026-02,242255.71,417948.97,76108.1,68763.34,150844.67,701080.85,1291685.0,256615.66,55.66,30501.27,6,21.11,2,6366178.57,3413577.55,3129194.2,284383.36,1526.44,6,22594.7,Energy optimization; Predictive maintenance,Low,118.27
FAC-025,University,2026-03,106278.72,362689.36,35768.82,121787.17,178746.07,439506.54,728901.92,156889.86,60.67,10393.48,8,28.3,2,7544667.31,2262647.86,2094799.64,167848.22,1507.05,4,14751.94,Energy optimization; Predictive maintenance,Low,170.74
FAC-001,University,2025-10,927421.3,552376.68,275103.25,20074.57,188461.75,642252.91,1117421.89,275340.71,66.86,85053.8,4,14.15,4,7459424.98,4211791.76,3723349.81,488441.95,1813.61,12,60886.51,Energy optimization; Vendor consolidation,Low,141.11
FAC-012,Corporate Office,2026-07,438525.47,1265713.8,133727.49,54998.21,138785.3,709479.48,1938290.63,120155.36,40.32,44760.92,8,5.73,3,19673063.53,4938129.76,4665948.26,272181.5,1231.12,8,118494.67,Energy optimization; Space/resource optimization,Low,100.4
FAC-022,IT Park,2026-10,645090.08,347248.8,169497.67,190647.7,144044.65,249288.68,1151920.45,305752.42,98.0,56192.81,11,22.93,5,5308954.6,3168535.49,3033992.78,134542.72,2216.21,9,73371.61,Energy optimization; Predictive maintenance,Low,357.97
FAC-019,IT Park,2025-09,684203.97,2028284.89,200849.64,112242.61,48224.56,2411611.03,8056702.83,216415.35,64.64,63068.7,13,19.91,0,36782073.26,13450105.34,13557685.24,-107579.89,1357.67,11,72720.09,Energy optimization; Predictive maintenance,Low,335.39
FAC-010,IT Park,2025-08,465617.85,2350807.35,183271.69,52112.13,187321.64,2923221.72,5799623.34,163036.95,81.49,49644.09,3,2.66,5,28544896.12,11879401.87,11941740.97,-62339.1,1226.18,5,27336.65,Energy optimization; Security process optimization,Low,313.63
FAC-022,IT Park,2025-04,221344.62,2398679.89,81288.83,100194.15,170429.96,3433857.83,5422499.14,212461.1,60.32,25754.94,10,4.14,7,31745734.58,12678831.15,11959466.69,719364.46,1328.09,9,41007.12,Energy optimization; Predictive maintenance,Low,141.49
FAC-005,Corporate Office,2025-05,302049.04,340944.84,99285.37,25797.78,84568.65,603931.44,769636.79,318409.02,63.15,35786.27,4,3.78,3,5530455.19,2822882.07,2445337.55,377544.52,1521.68,12,66748.96,Energy optimization; Vendor consolidation,Low,178.13
FAC-022,Corporate Office,2026-09,441893.37,935731.12,154725.03,75381.31,120821.68,1801246.51,2454851.72,191282.26,53.41,57988.93,6,7.3,1,19196375.11,6172220.35,6021207.97,151012.38,1301.32,6,255700.54,Energy optimization; Space/resource optimization,Low,221.09
FAC-017,University,2026-09,740483.88,1602597.75,210739.02,57243.61,157556.02,1895779.76,4404766.63,225469.42,39.34,65669.4,10,6.63,2,21163926.89,8409505.7,9083897.08,-674391.39,1221.77,7,242352.15,Energy optimization; Predictive maintenance,Low,122.06
FAC-024,Corporate Office,2026-07,257175.32,55364.27,94811.11,38130.29,47214.45,59324.46,169740.89,104450.44,48.27,24255.35,5,2.76,0,1027424.18,830964.55,731400.13,99564.43,2390.2,6,15498.61,Energy optimization; Space/resource optimization,Low,167.53
FAC-022,IT Park,2025-08,513928.35,1758760.54,213487.66,75572.8,84350.13,2114330.23,3168590.62,193019.96,84.62,50203.76,6,5.26,0,21660063.98,7963559.84,7908552.63,55007.21,1511.28,6,33979.96,Energy optimization,Low,230.23
FAC-026,Hospital,2026-05,112433.63,525275.44,29308.71,290021.61,79971.6,658898.35,2134086.61,152933.99,89.59,10969.27,17,10.44,3,8803185.23,3890518.9,3953621.24,-63102.33,1363.32,3,41938.82,Energy optimization; Predictive maintenance,Low,138.63
FAC-023,Corporate Office,2025-07,184769.6,350959.02,59860.07,89137.79,100202.81,398463.65,858197.94,254931.38,71.52,17799.23,8,15.8,4,4242691.16,2212922.5,2236662.19,-23739.69,1611.43,8,12794.46,Energy optimization,Low,196.28
FAC-007,Corporate Office,2026-03,442123.69,945455.17,174278.32,240253.97,83372.42,672020.44,2453776.45,172078.53,84.43,61763.21,17,5.39,3,13669418.42,5244797.89,5009080.67,235717.23,1378.39,10,86112.93,Energy optimization; Predictive maintenance,Low,179.86
FAC-030,IT Park,2025-09,327987.35,154301.84,111522.85,45704.83,138362.66,205030.83,537073.31,215452.77,41.84,37471.0,10,13.71,3,3380279.39,1645068.48,1623913.6,21154.88,2402.24,11,81649.39,Energy optimization; Predictive maintenance,Medium,215.31
FAC-026,Hospital,2026-06,293899.82,777425.35,96689.54,41735.63,61436.01,1600993.56,2536712.15,232080.95,58.45,31099.59,5,12.23,1,16217479.72,5679945.41,5544283.47,135661.94,1287.57,9,44293.58,Energy optimization; Vendor consolidation,Low,223.73
FAC-009,University,2026-08,264817.74,2185475.05,76555.3,67528.54,141044.33,2877379.05,4899886.74,217246.04,67.24,26395.75,8,20.18,3,34380633.08,11751273.61,10653377.5,1097896.11,1499.42,5,31835.32,Energy optimization; Predictive maintenance,Low,236.9
FAC-026,University,2025-10,246289.83,806090.75,82637.83,14045.44,186907.24,869683.98,2145587.8,202440.93,67.14,34685.6,3,4.8,2,14403353.07,4119426.04,4471045.98,-351619.93,1631.77,4,19160.3,Energy optimization,Low,107.13
FAC-018,Hospital,2025-12,192052.11,1373517.02,64089.22,167655.71,161297.33,2703864.57,5682076.77,83196.4,98.0,23449.71,13,18.04,3,24721351.42,10669253.27,10363659.9,305593.37,1228.8,3,31061.79,Energy optimization; Predictive maintenance,Low,159.06
FAC-005,University,2026-07,129047.97,911611.07,33842.84,86746.13,135202.53,1232322.69,1498711.9,92334.64,60.65,12192.14,7,10.92,2,14078680.68,3915483.64,4085976.93,-170493.29,1270.12,10,19998.37,Energy optimization; Vendor consolidation,Low,115.85
FAC-006,Corporate Office,2026-11,522225.33,1198959.81,212378.15,56662.89,144353.67,944937.92,2194127.29,126497.86,75.83,51129.3,5,10.44,4,26069141.87,5838509.4,5187764.76,650744.65,1105.43,4,36861.23,Energy optimization,Low,206.55
FAC-002,University,2025-06,270728.9,1876044.29,106323.02,42541.81,148540.18,1233472.88,4906792.86,104553.62,42.85,29956.07,4,5.59,8,30296883.0,9837169.54,8582674.53,1254495.01,1460.88,3,175807.5,Energy optimization; Space/resource optimization,Low,106.59
FAC-022,University,2025-11,66290.43,2165505.12,17051.88,240105.92,176823.84,1978283.68,8061755.14,270896.48,43.58,6486.97,15,17.63,1,25969571.3,14408866.0,12959660.61,1449205.38,1456.31,12,314453.47,Predictive maintenance; Space/resource optimization,Low,253.72
FAC-029,IT Park,2026-03,308109.58,1125696.06,97206.08,94358.0,98910.74,2183782.0,5948997.59,237981.59,71.04,40930.09,11,11.24,3,20585274.68,9995723.62,9997835.58,-2111.96,1327.56,9,46888.76,Energy optimization; Predictive maintenance,Low,103.5
FAC-029,IT Park,2025-06,597212.3,1692279.69,237147.05,49738.41,148590.71,1648975.29,5881739.93,275823.36,70.4,52223.24,4,6.79,1,28177400.6,11599993.84,10294359.69,1305634.15,1407.29,7,38393.1,Energy optimization,Low,239.7
FAC-027,University,2026-05,303256.3,1507075.65,121090.42,85111.17,90351.99,2538036.9,4402671.34,352293.21,75.16,36796.63,10,22.67,2,28279465.14,9410293.6,9278796.57,131497.03,1353.38,12,75553.37,Energy optimization; Predictive maintenance,Low,108.84
FAC-004,Hospital,2026-11,172867.36,190367.76,71607.77,163102.72,119799.99,200677.45,252585.37,201234.8,65.15,20010.84,13,17.74,2,2388980.21,1358105.07,1300635.44,57469.63,2404.13,9,46171.09,Energy optimization; Predictive maintenance,Low,100.28
FAC-003,Corporate Office,2026-02,165004.83,311580.61,54779.67,68101.46,110354.76,359015.84,984316.65,151023.58,59.26,23456.15,11,40.07,2,6602140.3,2037243.91,2149397.73,-112153.82,1150.03,3,16930.81,Energy optimization; Predictive maintenance,Low,174.37
FAC-026,University,2025-06,164103.32,422085.39,52344.14,52183.65,194558.62,1226819.46,2370868.56,240126.8,71.12,19252.62,9,5.61,4,7959660.83,5247132.06,4670745.79,576386.27,1516.97,11,36665.23,Energy optimization; Vendor consolidation,Low,82.44
FAC-003,Hospital,2025-01,296445.77,1582406.15,122042.06,85804.27,154921.78,2668643.15,4078339.87,113663.6,66.2,36666.57,5,11.05,2,28611810.43,8333062.95,8980224.6,-647161.65,1297.53,5,27582.41,Energy optimization,Low,81.91
FAC-014,IT Park,2026-02,184111.78,1369622.3,50284.41,48188.74,158056.54,1699953.38,3383969.91,72655.36,73.03,23492.55,3,4.07,3,25428325.24,6748896.68,6916558.0,-167661.31,1038.37,5,13688.8,Energy optimization,Low,105.67
FAC-025,IT Park,2025-01,245438.43,944086.15,94142.99,36917.95,115180.91,904825.67,2767707.09,208328.19,71.5,32827.32,4,4.29,8,11344447.06,5153393.78,5222484.38,-69090.61,1214.81,3,15716.87,Energy optimization; Security process optimization,Low,166.66
FAC-018,IT Park,2026-08,210985.32,850494.63,57626.49,126504.24,155661.09,1414844.8,2437582.23,179954.52,66.87,21091.01,14,29.22,3,14623820.26,6256950.8,5376026.83,880923.97,1151.68,9,65297.79,Energy optimization; Predictive maintenance,Low,340.24
FAC-016,IT Park,2026-09,715666.97,476383.66,243576.42,87230.72,85774.41,324250.56,1082626.13,94259.41,50.29,65047.74,8,16.85,0,6943779.81,2771534.43,2866191.87,-94657.44,1697.98,7,55740.25,Energy optimization; Space/resource optimization,Low,245.53
FAC-008,IT Park,2025-11,337433.35,1583781.21,109208.88,57289.03,121806.26,1673302.46,6219104.89,151100.69,69.61,30238.48,5,10.03,2,25497572.83,11819083.76,10143817.88,1675265.89,1218.92,3,21114.39,Energy optimization,Low,178.05
FAC-009,Corporate Office,2025-05,423689.79,2304921.73,110111.43,108082.65,231326.11,2718111.25,8051769.99,211932.28,83.0,42972.96,7,10.73,12,27505932.66,15576785.44,14049833.8,1526951.63,1476.13,9,55080.66,Energy optimization; Vendor consolidation,Low,123.88
FAC-021,IT Park,2026-02,290075.52,3125131.99,102073.0,174349.64,72001.43,3153199.59,4961243.9,425039.45,70.06,40360.12,14,12.34,3,48444993.24,11254541.22,12201041.51,-946500.29,1319.32,12,78855.44,Energy optimization; Predictive maintenance,Low,189.57
FAC-018,Corporate Office,2025-09,477310.66,2973677.74,124565.77,67590.96,85100.8,2422555.78,5195403.81,278488.35,63.41,57213.73,4,8.96,8,42024631.36,11501859.16,11500128.1,1731.05,1320.03,10,66714.72,Energy optimization; Vendor consolidation,Low,174.81
FAC-021,Hospital,2026-11,172425.94,3380147.99,63010.97,91698.9,178325.0,1613192.05,5042361.33,338445.87,59.36,22628.65,12,6.4,3,43548365.22,10085600.14,10816597.09,-730996.94,1367.11,9,60716.39,Energy optimization; Predictive maintenance,Low,135.46
FAC-001,Hospital,2026-07,490257.76,1635690.78,181448.76,82650.41,58705.67,3202984.19,7396792.78,105151.13,44.05,49967.06,13,18.1,1,21891085.93,14307024.38,12972232.73,1334791.65,1662.68,7,384816.51,Energy optimization; Predictive maintenance,Low,223.36
FAC-019,Hospital,2025-08,514805.62,216545.48,151675.03,205295.23,131286.68,339672.36,775851.61,79931.86,84.11,50017.15,15,4.95,4,3990853.69,2212677.9,2263388.84,-50710.94,2545.99,3,69165.19,Energy optimization; Predictive maintenance,Low,118.95
FAC-021,University,2026-01,456117.27,2214044.06,156168.06,89525.6,105603.09,1714725.03,6124248.12,175185.42,54.69,62346.51,18,17.51,0,36480257.75,12227279.95,10879448.6,1347831.35,1151.51,3,174826.9,Energy optimization; Predictive maintenance,Low,334.96
FAC-023,Hospital,2025-12,369814.66,857979.81,122144.86,84130.6,80550.27,2249118.58,4102344.74,145638.39,58.08,34783.04,7,9.4,1,18085757.62,7895709.89,7889577.05,6132.83,1437.87,3,31834.3,Energy optimization,Low,96.07
FAC-024,Hospital,2026-02,362377.05,895305.98,117497.75,49193.23,146204.32,1551633.3,4180492.06,122568.79,62.5,34081.1,9,5.32,4,14256996.18,7973444.82,7307774.72,665670.1,1441.94,3,27333.61,Energy optimization,Low,384.28
FAC-022,IT Park,2026-11,210861.96,237093.44,55817.27,125325.49,226188.64,322164.95,999389.99,256919.02,68.19,21609.84,8,18.83,9,4659287.06,2643949.49,2377943.49,266006.0,1760.14,6,28292.7,Energy optimization; Security process optimization,Low,85.3
FAC-018,Corporate Office,2026-11,102519.78,1090752.51,30808.41,58362.78,91923.44,1514509.44,2412313.06,191597.68,51.5,12699.98,11,9.75,8,16872869.84,5154351.53,5461978.7,-307627.17,1213.77,9,254611.3,Energy optimization; Predictive maintenance,Low,153.41
FAC-008,Hospital,2025-06,337318.51,284475.91,104936.23,74893.62,65436.37,289229.57,1010989.7,158882.9,62.79,34364.08,8,23.31,1,4628273.52,2289917.25,2221226.59,68690.66,1977.94,3,25487.48,Energy optimization; Predictive maintenance,Low,106.23
FAC-017,Corporate Office,2026-10,381407.64,1631537.21,155519.37,99221.59,94148.54,1205405.91,2645577.68,132027.43,64.68,42326.21,10,28.07,0,21677310.14,5778718.87,6189326.0,-410607.13,1104.65,4,24699.52,Energy optimization; Predictive maintenance,Low,321.24
FAC-006,IT Park,2025-10,315005.46,340050.03,108334.08,62277.45,59604.41,277661.76,530464.95,349874.2,63.01,38848.03,8,14.2,1,5473871.18,2252656.72,1934938.26,317718.47,1771.92,12,70884.13,Energy optimization; Vendor consolidation,Low,270.76
FAC-021,IT Park,2026-09,153534.87,2258979.42,39552.96,84233.46,147308.31,2565491.12,7311832.41,197496.33,76.55,17893.52,7,15.84,0,34586038.25,13170014.48,12718875.92,451138.56,1600.87,9,18821.89,Energy optimization; Vendor consolidation,Low,295.53
FAC-023,Hospital,2025-06,329215.06,1062493.33,94237.58,50512.22,157079.28,2020815.22,6673100.94,216466.02,74.25,35952.63,8,1.2,0,23249093.65,11570909.55,10509682.07,1061227.48,1240.96,7,30983.13,Energy optimization,Low,158.0
FAC-003,Corporate Office,2026-06,414081.77,303281.88,163528.77,101157.28,150498.21,489480.33,1583038.8,316451.32,68.83,44602.09,6,6.85,1,5003741.36,3784793.4,3357989.59,426803.81,1959.15,12,63238.82,Energy optimization; Vendor consolidation,Low,88.61
FAC-016,Hospital,2025-06,212456.62,184615.38,81229.67,20334.38,213194.8,253547.64,417867.84,86695.4,61.45,21891.55,3,2.49,8,3919616.99,1509359.29,1388712.08,120647.21,2015.55,5,16068.76,Energy optimization; Security process optimization,Low,116.0
FAC-014,IT Park,2026-08,374043.02,577328.37,125666.39,44838.68,47588.34,656912.91,2455259.13,117916.29,88.51,32852.78,8,10.22,0,7416279.3,4210562.97,4273886.75,-63323.78,1649.51,9,32742.8,Energy optimization; Vendor consolidation,Low,277.49
FAC-024,IT Park,2025-12,71149.77,394141.43,28062.88,33204.75,137929.48,700722.45,1062337.72,234590.68,77.12,7691.27,5,3.22,5,8193524.98,2718281.85,2634076.26,84205.58,1523.47,7,5638.09,Security process optimization,Low,209.5
FAC-005,Corporate Office,2026-05,362438.03,969108.65,145215.06,67567.34,118072.71,875975.8,2104227.31,268728.0,87.08,33047.95,12,11.61,2,11662831.23,4698738.24,4766117.85,-67379.61,1982.58,12,40265.68,Energy optimization; Predictive maintenance,Low,110.54
FAC-030,IT Park,2026-07,290643.54,547840.97,108004.1,53533.44,198466.13,456760.04,1058371.91,256048.83,62.26,32423.96,4,2.66,4,7426934.13,2710229.12,2861664.86,-151435.74,1413.17,7,14853.33,Energy optimization,Low,164.87
FAC-009,Corporate Office,2025-01,270451.5,1004232.72,72991.1,66446.12,130891.92,1396640.68,3145166.01,115128.56,60.54,28315.7,9,6.48,6,19625191.42,6426088.38,6128957.51,297130.87,969.46,3,30718.21,Energy optimization; Security process optimization,Low,183.63
FAC-019,IT Park,2026-03,905002.44,1630629.26,251892.81,157178.64,159637.65,1078581.01,4280568.48,103301.24,85.21,79657.02,10,17.54,3,26126627.62,9558294.03,8314898.72,1243395.31,1727.59,9,86800.53,Energy optimization; Predictive maintenance,Low,202.05
FAC-011,Corporate Office,2025-06,273040.65,799403.13,83099.96,127981.88,74151.83,1390632.09,1809986.14,75240.57,47.94,33621.49,12,26.68,2,15526853.86,5326384.3,4550436.29,775948.01,1133.64,4,186910.36,Energy optimization; Predictive maintenance,Low,144.24
FAC-028,University,2026-11,605341.69,2373897.29,199706.06,36672.39,96216.3,3503643.99,6092548.48,188203.81,42.26,63904.95,6,8.66,0,51043480.53,12389960.73,12896523.96,-506563.23,1381.82,12,312452.43,Energy optimization; Space/resource optimization,Low,135.22
FAC-022,Corporate Office,2025-07,208574.37,1033244.51,70339.0,110937.28,175675.05,1359703.78,2123612.56,293084.28,45.15,25773.6,15,34.1,2,16849648.81,6214281.05,5304831.84,909449.21,1472.34,7,95123.96,Energy optimization; Predictive maintenance,Low,279.92
FAC-017,IT Park,2025-10,552016.88,2362761.67,230500.66,44850.43,48095.84,2666669.13,6879449.52,133526.93,81.85,63547.95,4,2.4,0,37809482.72,13683074.21,12687370.4,995703.81,1590.89,4,25173.94,Energy optimization,Low,129.36
FAC-019,IT Park,2026-07,186012.13,177080.77,62852.15,64595.0,56389.17,286416.57,451424.85,189714.71,83.82,20291.07,8,1.75,2,2182199.31,1457543.58,1411633.21,45910.37,1753.58,5,15902.55,Energy optimization,Low,91.24
FAC-013,IT Park,2026-09,424711.97,2888512.02,119261.3,100271.6,127677.82,3593728.43,6159609.35,116001.75,55.58,51183.51,8,6.09,1,51917453.77,12703631.85,13410512.92,-706881.07,1432.29,5,24005.27,Energy optimization,Low,389.15
FAC-021,University,2025-07,334004.55,319081.71,107748.37,43381.85,95327.15,423346.49,740225.1,108472.13,75.92,45037.4,8,19.19,2,3808491.09,2284103.22,2063838.98,220264.24,1429.25,7,16783.48,Energy optimization,Low,197.42
FAC-024,Hospital,2025-01,190246.57,2351221.69,62985.24,16487.97,102295.26,2484038.49,6502326.9,145924.02,82.46,23307.33,2,5.08,3,41076697.08,13909177.94,11792540.91,2116637.03,1489.33,7,10448.97,Energy optimization,Low,186.01
FAC-017,IT Park,2026-07,64393.19,1888439.68,18767.76,265525.43,100945.21,1555151.86,4997233.53,225616.85,79.9,6602.39,15,7.05,1,23430171.78,10401674.42,9097305.76,1304368.66,1056.11,9,47029.86,Predictive maintenance; Vendor consolidation,Low,300.02
FAC-006,Hospital,2026-01,361011.7,715648.02,136939.59,161256.87,153517.34,981129.13,2208402.74,206990.96,50.37,49947.44,9,15.62,2,11293107.18,4841424.07,4787956.76,53467.31,1865.92,4,101101.92,Energy optimization; Space/resource optimization,Low,154.49
FAC-001,IT Park,2026-06,130255.47,2816727.75,51434.29,123532.28,225371.95,2240904.88,3141878.45,225390.01,72.74,15047.29,18,6.21,8,35705362.49,9149603.74,8904060.78,245542.96,1367.75,12,68317.09,Energy optimization; Predictive maintenance,Low,136.56
FAC-015,IT Park,2025-11,243900.62,3149617.85,88337.9,131286.83,96144.43,1779306.15,5922852.69,224414.12,83.15,22499.68,10,14.68,1,37323976.06,11821992.95,11547522.7,274470.25,1325.17,3,21766.79,Energy optimization; Predictive maintenance,Low,128.17
FAC-021,Corporate Office,2025-11,179886.66,222175.38,65840.02,41997.1,97123.07,302428.59,1030737.53,133420.58,54.34,16347.29,3,6.08,2,3982640.3,2004950.19,2007768.91,-2818.71,1459.13,4,58385.0,Energy optimization; Space/resource optimization,Low,366.39
FAC-022,Hospital,2025-02,263076.46,2097556.96,72678.57,5402.51,84819.96,2625994.72,4126652.47,274908.28,67.6,37305.02,1,3.53,2,27805873.66,10781250.97,9478411.36,1302839.6,1261.1,10,41276.52,Energy optimization; Vendor consolidation,Low,82.57
FAC-025,Corporate Office,2026-03,401310.99,1245336.2,138482.36,33714.91,157142.39,2697030.8,6675123.38,227546.11,58.83,47194.07,6,6.82,3,23811381.11,10815849.91,11437204.79,-621354.88,1537.67,7,19781.52,Energy optimization,Low,202.51
FAC-026,Hospital,2025-12,363916.54,2338158.04,151037.01,336232.84,166450.29,2601259.1,3796045.56,260612.21,72.11,44480.49,21,50.14,6,37242170.6,11246671.13,9862674.58,1383996.55,1221.84,11,101797.02,Energy optimization; Predictive maintenance,Low,334.12
FAC-004,IT Park,2026-01,511334.27,938608.62,156402.43,185158.82,75204.93,744745.71,2228273.19,168593.31,61.29,57928.65,16,17.41,2,16981991.19,5375148.02,4851918.85,523229.18,1236.79,9,76858.57,Energy optimization; Predictive maintenance,Low,86.71
FAC-014,IT Park,2026-10,190474.62,306828.35,75014.91,44404.96,183001.28,319609.59,728718.85,131874.42,78.54,22787.7,5,6.33,4,3877651.71,2190088.51,1904912.08,285176.43,1435.5,10,22484.21,Energy optimization; Vendor consolidation,Low,238.48
FAC-019,University,2025-11,153901.98,395853.54,62096.56,85260.07,91165.56,982806.6,1557770.96,259710.85,51.97,18914.65,9,0.87,4,8686515.7,3892664.74,3526469.56,366195.18,1431.2,8,74904.79,Energy optimization; Space/resource optimization,Low,140.11
FAC-030,IT Park,2025-02,264180.46,1148989.24,98228.57,320835.48,91047.36,559884.96,1670381.93,346610.63,88.37,29823.25,18,17.13,5,13559937.06,4178707.45,4401930.06,-223222.61,1641.9,8,65575.45,Energy optimization; Predictive maintenance,Low,88.33
FAC-008,Corporate Office,2026-11,588627.54,502225.0,228215.4,68686.43,154160.2,656579.73,2067730.92,214797.03,68.56,59597.23,10,2.24,3,9596006.77,4728723.91,4252806.86,475917.05,1848.24,7,58116.13,Energy optimization; Predictive maintenance,Low,200.5
FAC-023,IT Park,2026-01,242818.64,2774017.42,86573.08,36322.47,143532.34,2440311.93,4606929.29,176214.03,61.6,26262.62,5,11.61,0,37225017.05,10977114.27,10420146.14,556968.13,1171.72,5,8793.99,Energy optimization,Low,152.94
FAC-030,IT Park,2025-12,307538.13,454782.89,92872.62,73280.28,93600.75,672059.57,2553178.85,235754.39,89.11,39408.64,16,8.58,0,10036387.05,5027812.22,4390194.85,637617.37,1279.57,12,45352.57,Energy optimization; Predictive maintenance,Low,154.51
FAC-005,Corporate Office,2026-09,154976.77,1157453.7,63578.82,103310.45,179666.67,1516498.01,2663880.48,207683.28,53.39,14755.45,8,15.07,2,16790564.71,6439434.75,5983469.37,455965.38,1054.36,5,180239.62,Energy optimization; Space/resource optimization,Low,100.7
FAC-013,University,2026-12,435487.04,874596.18,157902.66,88844.16,114242.0,1355134.53,1574522.42,276805.88,76.73,62073.16,8,8.36,1,19194580.68,5443117.17,4719632.21,723484.95,1353.49,7,30908.64,Energy optimization,Low,126.47
FAC-021,University,2026-04,337113.58,3351209.29,88695.67,138089.54,78321.7,2652557.19,6178390.35,217392.46,73.05,31708.63,12,7.23,2,47827012.23,13178996.15,12953074.11,225922.04,1524.79,5,50696.67,Energy optimization; Predictive maintenance,Low,94.27
FAC-012,Hospital,2026-06,729891.49,336439.72,216436.81,247657.93,173816.89,308670.95,552429.91,177117.46,49.19,65532.95,16,17.54,2,4408315.82,2355194.41,2526024.35,-170829.94,2077.32,5,87496.19,Energy optimization; Predictive maintenance,Low,114.71
FAC-006,Corporate Office,2026-06,414419.8,1505387.59,129971.03,39471.17,151745.88,2113922.72,6546487.2,364798.33,59.21,39932.41,7,1.17,0,21432323.44,11102121.44,11136232.68,-34111.24,1464.14,12,77876.23,Energy optimization; Vendor consolidation,Low,341.27
FAC-005,IT Park,2026-05,502152.02,1291373.78,150799.47,267502.2,64615.59,1228922.7,4451943.29,180857.58,98.0,64536.28,17,16.01,0,20838460.37,7875273.42,7987367.16,-112093.74,1586.68,3,68049.71,Energy optimization; Predictive maintenance,Low,252.38
FAC-025,University,2025-09,180382.63,1364905.65,51121.43,60453.99,202420.35,3158462.21,7416724.27,270765.08,73.03,19040.34,5,10.19,7,29619342.69,13499782.82,12654114.18,845668.63,1604.02,6,20906.58,Energy optimization; Security process optimization,Low,281.75
FAC-004,University,2025-08,475666.7,695987.8,123269.85,81118.95,117394.8,1262967.68,2716996.98,295879.38,69.94,63847.76,13,36.72,1,13860819.6,6079943.27,5646012.29,433930.98,1643.67,11,89139.53,Energy optimization; Predictive maintenance,Low,254.08
FAC-022,IT Park,2025-11,50345.49,265218.71,14929.01,47342.78,75432.22,241467.53,715727.58,84520.85,69.95,5133.67,3,6.88,3,3464732.21,1440121.31,1480055.15,-39933.84,1653.69,3,28680.5,Routine monitoring,Low,118.47
FAC-014,Corporate Office,2025-11,691772.6,2201898.22,219956.13,75931.18,74185.19,3178868.22,5201119.49,188298.82,74.7,82058.65,6,8.59,4,26687596.94,12098458.46,11612073.74,486384.72,1279.29,8,62654.77,Energy optimization,Low,233.62
FAC-021,Corporate Office,2025-05,229965.76,274800.26,60908.34,78991.89,94209.65,602497.67,1606612.11,268069.4,41.59,21664.39,11,17.17,3,4596227.91,3599869.09,3155146.75,444722.34,1835.45,7,52573.1,Energy optimization; Predictive maintenance,Low,298.22
FAC-019,Corporate Office,2026-07,401690.7,886301.37,118359.02,33961.07,153300.23,1481741.36,3301286.15,260617.92,57.61,41225.58,6,2.33,0,11755039.55,7580558.02,6518898.8,1061659.22,1535.67,6,15665.93,Energy optimization,Low,224.99
FAC-012,Corporate Office,2026-12,734518.55,3124182.8,307458.48,85178.69,68031.51,2059164.31,5494247.93,346201.32,82.08,71936.18,5,18.58,1,41934042.82,11166128.69,11911525.12,-745396.44,1376.42,12,78647.96,Energy optimization; Vendor consolidation,Low,134.36
FAC-001,Corporate Office,2025-01,839286.83,2487858.41,216985.05,89103.39,96233.93,2050883.42,3207650.62,285070.92,61.45,73718.14,14,27.63,2,31792448.02,10188156.64,9056087.52,1132069.11,1563.55,10,112023.48,Energy optimization; Predictive maintenance,Low,99.47
FAC-020,Hospital,2025-12,482124.88,2421417.36,165507.2,59837.56,194081.11,1946338.99,6246982.97,220915.54,63.59,50868.53,8,7.22,3,42066056.12,12072134.2,11571698.41,500435.8,1293.94,8,40489.18,Energy optimization,Low,129.1
FAC-030,Hospital,2025-04,588023.82,2384160.93,222656.71,94127.33,160529.59,2313337.55,5726159.14,291540.78,51.27,59163.0,9,32.93,1,47532704.32,13531012.84,11557879.14,1973133.71,1271.63,11,401294.26,Energy optimization; Predictive maintenance,Low,110.44
FAC-024,Hospital,2026-02,555171.74,2221910.47,214278.63,38703.28,56960.76,3062236.86,6081664.53,162863.99,68.83,50271.46,3,2.18,0,28942674.59,13320198.86,12179511.63,1140687.23,1444.1,6,35249.46,Energy optimization,Low,143.38
FAC-010,Hospital,2026-09,102230.92,2988962.08,27456.38,95635.55,126354.58,2636032.26,5731092.38,122077.87,87.47,13111.85,14,9.97,1,46172076.95,12046434.17,11802385.64,244048.53,1443.36,6,22014.1,Energy optimization; Predictive maintenance,Low,95.19
FAC-018,University,2025-11,569788.53,254986.35,197627.88,63911.47,102983.43,155991.48,350777.65,344569.11,68.08,52922.2,6,3.39,0,3087486.54,1844048.41,1843008.02,1040.39,3239.03,10,73021.83,Energy optimization; Vendor consolidation,Low,355.32
FAC-021,Hospital,2025-08,346415.96,2074227.91,116618.86,80828.97,123400.0,2168272.83,4428029.34,208503.89,90.97,44347.85,7,2.31,6,38061468.28,9002514.05,9429678.88,-427164.83,1054.07,8,38497.16,Energy optimization; Security process optimization,Low,126.83
FAC-026,Corporate Office,2025-03,135440.97,3454240.15,50775.08,136161.8,165708.58,2924632.79,9346816.21,77103.43,75.85,11977.62,10,40.83,4,43188976.42,16209918.66,16240103.93,-30185.27,1634.31,4,16867.02,Energy optimization; Predictive maintenance,Low,186.79
FAC-020,Corporate Office,2026-10,537557.5,2443024.13,190976.41,58827.13,142653.42,2709250.36,8176742.89,254403.2,38.88,72035.25,4,4.7,5,50411311.27,16127980.26,14322458.62,1805521.64,1553.24,9,400050.01,Energy optimization; Space/resource optimization,Low,221.18
FAC-021,Corporate Office,2026-05,393788.27,1501176.92,157333.96,80293.33,179132.24,1165144.2,4067890.23,243652.58,62.28,35517.13,7,23.44,0,30661538.33,8259957.06,7631077.78,628879.28,1388.48,11,51616.83,Energy optimization; Predictive maintenance,Low,190.6
FAC-013,Hospital,2025-02,421701.59,1056054.36,142983.88,122370.05,109519.58,796904.51,2388673.16,374818.86,65.45,50257.57,15,14.55,6,15630504.15,5906093.77,5270042.1,636051.67,1907.36,12,81214.34,Energy optimization; Predictive maintenance,Low,230.54
FAC-014,Corporate Office,2026-08,450398.4,638889.38,117913.44,28329.91,189763.33,845106.61,1825537.39,180603.5,75.77,49576.71,2,10.05,6,9722071.28,4359983.8,4158628.53,201355.27,2063.84,6,39308.31,Energy optimization; Security process optimization,Low,290.71
FAC-004,Hospital,2025-01,301817.26,1139762.46,109548.1,239898.78,81376.31,1167732.4,2462442.23,390579.95,43.94,27818.74,14,6.43,2,17285379.04,6281952.35,5783609.39,498342.96,1663.87,10,149088.39,Energy optimization; Predictive maintenance,Low,119.91
FAC-013,IT Park,2025-11,697665.77,307543.05,291609.27,210647.77,105999.15,534943.33,1585126.6,244449.16,69.59,60964.51,13,3.41,3,4838999.29,3523150.68,3686374.84,-163224.16,2017.72,7,51698.34,Energy optimization; Predictive maintenance,Low,226.35
FAC-028,IT Park,2026-09,98559.21,1011847.52,33985.36,249328.29,120375.31,1108985.25,1774583.61,199408.28,63.35,11508.14,16,16.52,1,16669068.39,4423076.17,4563087.48,-140011.31,1449.98,10,57393.3,Predictive maintenance; Vendor consolidation,Low,107.22
FAC-020,Corporate Office,2025-07,57908.69,1526801.31,16580.44,56248.08,187873.85,1671901.73,5440342.76,342618.87,60.95,7609.13,5,3.05,3,28817851.41,8869442.79,9283695.29,-414252.5,1075.87,12,22233.76,Vendor consolidation,Low,102.43
FAC-018,IT Park,2026-02,532032.62,252269.62,134877.93,66251.27,130085.34,551081.97,1079060.82,99772.91,66.63,53365.66,12,27.74,1,5096006.72,3032580.37,2710554.55,322025.81,1674.22,4,53769.04,Energy optimization; Predictive maintenance,Low,279.93
FAC-024,IT Park,2025-12,102544.21,2634741.5,33851.54,70114.92,101145.61,1793125.9,3604241.44,107922.07,81.58,13055.27,5,6.2,4,32764955.63,8209239.33,8413835.64,-204596.32,1443.2,10,11761.82,Energy optimization; Vendor consolidation,Low,263.31
FAC-018,IT Park,2026-09,201518.3,2807572.09,53229.47,87817.8,132922.68,2251306.5,7293310.85,229476.41,61.2,23565.93,8,22.56,5,34094818.67,15256891.46,13003924.63,2252966.83,1610.59,10,55350.79,Energy optimization; Predictive maintenance,Low,149.61
FAC-023,University,2026-04,407911.67,335672.88,110394.27,288650.25,210237.91,339175.9,938164.56,232150.4,73.74,37975.97,18,17.36,4,7278977.65,2632021.64,2751963.57,-119941.94,1568.07,9,86837.67,Energy optimization; Predictive maintenance,Low,227.72
FAC-006,Corporate Office,2026-03,71391.47,1188983.48,18695.63,75617.73,177277.8,2980542.05,6558316.17,222597.8,62.23,6888.05,8,5.55,5,23272395.37,10580692.76,11274726.51,-694033.75,1554.49,8,7009.74,Security process optimization,Low,277.9
FAC-028,University,2025-11,491257.44,1884612.74,153447.5,93584.29,92521.16,1908566.3,4606357.92,114971.96,65.25,67248.46,8,2.83,2,27769373.5,9210852.83,9191871.81,18981.02,1232.65,10,54616.51,Energy optimization; Vendor consolidation,Low,189.62
FAC-016,Hospital,2026-03,165857.06,1579130.51,53867.78,128208.3,181185.16,1007524.9,2068071.72,232792.02,53.99,16120.68,15,22.92,2,20321875.38,5572825.0,5362769.68,210055.32,1339.02,10,203791.76,Energy optimization; Predictive maintenance,Low,101.09
FAC-017,Hospital,2025-10,55995.73,526773.79,14336.14,64339.52,88285.81,655737.16,3124262.37,165282.34,49.88,5630.74,10,13.52,3,10479134.03,5291419.48,4680676.72,610742.76,1325.22,7,94831.02,Predictive maintenance; Space/resource optimization,Low,161.34
FAC-002,IT Park,2026-09,174544.48,575866.49,51224.53,98211.61,139789.06,742448.74,1259869.21,132012.39,86.02,24498.69,16,15.91,6,11138446.36,2915852.19,3122741.98,-206889.79,1248.6,8,26756.5,Energy optimization; Predictive maintenance,Low,323.59
FAC-013,University,2026-07,376299.37,2491169.29,104794.39,177022.77,143402.73,2376589.41,7026121.29,189167.3,76.7,47136.5,10,7.34,3,54554472.66,12719179.97,12779772.15,-60592.18,1306.59,8,36906.64,Energy optimization; Predictive maintenance,Low,165.8
FAC-021,Hospital,2025-12,687095.19,291497.87,205059.96,204370.45,128771.71,781195.89,934952.23,241334.75,43.13,61342.94,12,15.32,5,5235423.42,3787928.89,3269218.11,518710.78,1693.9,6,135491.5,Energy optimization; Predictive maintenance,Low,166.68
FAC-005,IT Park,2026-05,634465.98,105245.65,215913.6,166935.97,70299.99,136784.22,424635.69,246884.28,70.57,59247.5,18,42.98,2,1267015.79,1957787.94,1785251.77,172536.17,3680.93,12,94691.35,Energy optimization; Predictive maintenance,Medium,319.93
FAC-020,IT Park,2026-08,404860.13,1918496.7,127689.08,307420.4,92292.78,3123712.64,7168254.77,247470.34,51.57,46355.75,18,19.49,6,30447312.03,12660160.67,13262507.76,-602347.09,1491.17,11,254701.47,Energy optimization; Predictive maintenance,Low,196.72
FAC-028,IT Park,2026-01,206129.43,332032.08,54820.63,213179.16,121732.86,558848.5,1275200.84,111936.99,60.29,21559.94,13,19.8,2,7093757.92,2700065.11,2819059.87,-118994.76,1950.91,3,29923.34,Energy optimization; Predictive maintenance,Low,164.02
FAC-014,Hospital,2025-09,595176.84,1014863.11,225554.42,112279.67,180529.62,1322080.69,2704287.91,234583.51,52.05,80405.54,8,22.94,2,13906630.36,6292814.87,6163801.34,129013.53,1296.55,6,166348.42,Energy optimization; Predictive maintenance,Low,361.52
FAC-026,Corporate Office,2026-07,217048.17,486567.53,62165.06,111772.44,122610.49,552169.17,1427090.41,182107.36,62.69,25262.28,9,13.93,0,5905576.75,3117046.01,3099365.57,17680.44,1661.86,5,13761.13,Energy optimization,Low,243.92
FAC-016,IT Park,2025-05,669323.9,804388.02,272907.39,56688.38,152852.97,1796649.7,3393650.69,179041.63,83.98,68047.85,11,23.76,1,15563230.97,7652836.86,7052595.3,600241.56,1563.08,10,60379.81,Energy optimization; Predictive maintenance,Low,271.16
FAC-003,Hospital,2026-12,342193.98,1214924.3,130666.31,182467.85,109709.28,829988.53,2947571.91,389687.6,64.99,39423.01,12,4.98,3,19830077.02,6386865.39,6016543.46,370321.93,1524.33,11,87492.18,Energy optimization; Predictive maintenance,Low,200.5
FAC-015,Corporate Office,2025-10,290221.97,686197.02,80619.32,185946.22,91444.17,1047348.14,2119714.79,171794.24,59.91,31414.4,11,30.8,1,14283692.57,4358525.59,4592666.55,-234140.97,1593.02,5,35508.15,Energy optimization; Predictive maintenance,Low,274.1
FAC-019,Corporate Office,2025-03,593895.05,1106555.17,242677.59,45099.88,108415.62,806730.62,1529263.54,131995.7,57.91,68221.52,5,0.88,5,13211118.37,4362644.74,4321955.59,40689.15,1658.46,3,59528.3,Energy optimization; Security process optimization,Low,142.98
FAC-014,Hospital,2025-07,94998.35,583824.25,33854.94,70458.32,71001.57,460321.54,1981931.11,168336.24,65.98,11000.37,6,13.73,0,12149893.69,4022009.22,3430871.39,591137.82,1413.63,7,39976.94,Routine monitoring,Low,88.3
FAC-002,Corporate Office,2025-01,315582.91,255141.38,86695.43,60765.38,109954.84,257858.46,676625.03,115768.72,79.01,34514.82,8,14.16,3,4572209.64,1901895.15,1791696.71,110198.44,2166.5,4,31022.36,Energy optimization,Low,190.41
FAC-022,University,2025-08,315126.19,1583591.02,113953.35,99304.17,187810.61,1736635.53,6979484.56,159149.33,64.07,44048.21,6,8.56,1,25111386.13,11165998.96,11061101.4,104897.55,1149.56,5,20462.52,Energy optimization,Low,134.58
FAC-014,IT Park,2026-07,156345.18,2207185.93,50188.66,67091.28,75043.74,2280166.32,5935669.09,199788.29,87.52,20261.92,5,6.43,2,34398955.52,12566667.79,10921289.84,1645377.95,1522.34,9,21272.6,Energy optimization; Vendor consolidation,Low,227.31
FAC-013,Hospital,2025-03,122404.2,756218.7,44772.18,102518.66,52441.62,555269.33,2407073.7,111029.45,59.41,11576.04,12,11.0,1,14846018.37,3816477.8,4106955.66,-290477.86,1537.03,4,15448.61,Energy optimization; Predictive maintenance,Low,325.64
FAC-017,IT Park,2025-01,112625.93,2448030.29,31592.46,95450.53,55509.08,2132950.59,5265282.15,174365.73,51.12,13834.18,17,23.69,1,30302894.26,10635275.03,10284214.3,351060.73,1108.57,6,194554.61,Energy optimization; Predictive maintenance,Low,376.37
FAC-008,Hospital,2025-08,554207.95,2567538.01,156040.92,94897.41,101560.74,2103822.51,4939793.89,281390.77,59.12,57696.51,7,17.98,5,38391948.41,11627473.67,10643211.3,984262.37,1466.01,11,55727.8,Energy optimization; Vendor consolidation,Low,135.25
FAC-008,Corporate Office,2026-12,106039.95,296745.62,31862.17,21884.52,206294.26,293270.12,779857.93,190492.3,77.04,10559.82,3,0.8,6,4370746.12,1829191.11,1894584.7,-65393.59,2258.15,9,51721.1,Energy optimization; Vendor consolidation,Low,287.35
FAC-009,IT Park,2026-08,533706.62,947022.44,210167.94,118835.87,155890.36,1218197.67,3552820.89,229074.26,69.95,51926.45,7,4.09,1,21043198.59,7909253.52,6755548.11,1153705.41,1562.7,11,63067.08,Energy optimization; Vendor consolidation,Low,116.46
FAC-025,IT Park,2025-05,129017.44,359546.36,34667.01,35781.47,130848.61,1167840.54,1750937.92,277879.56,74.05,15258.98,2,2.59,7,7800844.06,3662190.44,3851851.9,-189661.46,1384.06,11,50520.7,Energy optimization; Vendor consolidation,Low,84.23
FAC-001,Corporate Office,2026-05,521478.39,886841.02,174901.45,142261.17,93921.61,948869.05,1624948.88,236171.17,61.18,57885.24,14,22.41,1,12717510.07,4196051.84,4454491.3,-258439.46,1252.67,4,65279.5,Energy optimization; Predictive maintenance,Low,378.32
FAC-011,IT Park,2026-10,41466.6,604543.6,13211.97,303219.77,174902.53,844900.97,1553871.68,188035.52,64.0,4284.65,17,6.32,4,11564927.06,3756141.38,3710940.68,45200.7,1783.25,7,43408.33,Predictive maintenance,Low,120.33
FAC-028,University,2026-06,129874.97,913455.13,41157.86,170861.21,156029.26,1207290.41,3140464.6,155121.51,51.24,11791.14,13,16.17,4,13795697.41,5877118.16,5873097.08,4021.08,1663.77,8,122089.57,Energy optimization; Predictive maintenance,Low,323.84
FAC-008,Corporate Office,2026-07,515564.64,458074.52,212445.78,287712.34,179769.04,399111.84,1380049.84,402017.16,65.83,59990.82,20,25.13,0,8757403.56,3382375.48,3622299.37,-239923.89,1894.51,12,153401.13,Energy optimization; Predictive maintenance,Low,320.28
FAC-029,University,2025-07,65274.1,1198181.53,18471.18,221451.44,178696.98,1735764.23,4306624.2,241588.87,52.49,6394.42,14,19.68,1,20324542.14,8875882.32,7947581.36,928300.96,1446.59,6,152087.81,Predictive maintenance; Space/resource optimization,Low,135.68
FAC-022,IT Park,2026-09,290367.31,201057.77,106702.81,189078.74,98142.33,305100.95,643953.45,175717.58,75.32,34280.7,11,31.99,3,4314238.24,2209533.47,1903418.13,306115.34,2394.24,6,37603.91,Energy optimization; Predictive maintenance,Low,284.09
FAC-021,University,2026-07,546934.09,1916087.14,168765.46,41694.05,139767.7,1779375.36,4066373.24,170160.39,90.01,56009.67,6,17.11,4,23063140.08,8833183.65,8660391.96,172791.68,1990.44,4,24892.35,Energy optimization,Low,231.31
FAC-029,Corporate Office,2026-05,238819.02,633467.39,87161.3,32118.41,107675.79,548048.46,1306678.83,242152.91,58.36,23998.03,2,6.37,1,13770481.64,2981797.88,3108960.8,-127162.92,1259.2,8,12281.14,Energy optimization,Low,243.18
FAC-018,Corporate Office,2026-10,144620.29,276839.89,47518.19,191319.29,169353.67,276050.95,385096.95,245781.05,72.08,19209.01,11,28.15,3,3618429.64,1586306.09,1689062.1,-102756.01,2423.33,10,37942.54,Energy optimization; Predictive maintenance,Low,159.06
FAC-019,Hospital,2026-07,280061.85,482821.82,94314.49,134370.9,222387.32,689942.03,1618616.26,430204.21,51.01,28552.02,10,16.88,7,7118540.74,4388350.58,3858404.39,529946.19,1614.4,12,174783.62,Energy optimization; Predictive maintenance,Low,245.58
FAC-009,IT Park,2025-05,491415.08,1770740.66,127451.79,187776.66,109821.13,1849155.97,7702064.53,234846.02,80.87,43308.38,13,15.97,2,36110788.24,12373625.72,12345820.03,27805.69,1381.58,3,47508.89,Energy optimization; Predictive maintenance,Low,335.79
FAC-020,Hospital,2025-08,571814.87,1297632.05,233042.33,184029.12,139548.11,2365204.02,3820753.06,157657.79,54.83,72269.65,15,15.55,2,24902330.86,8435452.57,8536639.02,-101186.45,1226.53,5,340519.22,Energy optimization; Predictive maintenance,Low,304.38
FAC-011,University,2025-03,158464.79,923652.15,49330.46,61824.18,72216.93,1634854.1,3000272.65,235460.7,84.59,15107.79,8,7.77,3,13119252.67,6370158.55,6086745.51,283413.05,1296.98,12,30476.33,Energy optimization; Vendor consolidation,Low,177.5
FAC-008,University,2026-05,248586.44,1158503.75,62837.97,143139.79,119069.41,651456.26,2597089.55,62739.85,89.43,31365.73,13,7.53,4,18298936.24,5577523.99,4980585.06,596938.93,1431.61,3,34626.05,Energy optimization; Predictive maintenance,Low,124.9
FAC-025,Corporate Office,2026-08,528004.41,654482.2,171593.4,61533.17,136297.76,988043.77,2427481.7,344617.4,77.62,58313.07,12,14.2,3,10111172.77,5142791.83,5140460.42,2331.41,1504.82,9,60951.86,Energy optimization; Predictive maintenance,Low,104.4
FAC-006,Hospital,2026-08,268845.52,2885136.13,73076.62,46920.94,66931.56,1570318.1,7043233.78,72543.55,65.63,23781.69,4,12.6,2,46085294.98,11847994.07,11953929.58,-105935.51,1417.52,5,20340.41,Energy optimization,Low,281.24
FAC-020,IT Park,2025-09,445551.79,2960916.92,141247.19,27130.93,146433.46,2124155.48,6151181.33,174047.4,54.07,42094.76,2,6.44,6,42555896.25,12032090.79,12029417.3,2673.48,1557.81,3,205083.65,Energy optimization; Space/resource optimization,Low,117.79
FAC-017,Hospital,2025-02,363618.59,824545.91,126170.87,131675.09,186095.2,608698.88,2678852.94,219318.01,70.39,36445.03,10,2.81,3,16181626.43,5664256.65,5012804.62,651452.03,1722.61,11,77241.31,Energy optimization; Predictive maintenance,Low,273.06
FAC-025,Hospital,2026-06,178899.86,174369.63,45453.04,54567.6,101489.53,241869.6,706898.1,156981.95,71.33,23476.8,5,2.65,1,3287559.09,1614767.79,1615076.27,-308.48,1778.72,7,7633.94,Energy optimization,Low,218.31
FAC-008,Hospital,2025-02,431983.73,2010307.56,140789.05,50926.7,168355.93,3595308.56,4321929.53,326653.73,65.99,48293.68,9,3.06,2,31463721.78,12818165.72,10905465.73,1912699.99,1170.37,9,53254.54,Energy optimization; Vendor consolidation,Low,340.52
FAC-029,Corporate Office,2025-04,274709.98,1759950.11,81588.76,27135.8,180094.31,1263868.0,4058819.14,194383.46,60.56,31868.26,2,4.3,2,23528869.96,8982066.12,7758960.8,1223105.31,1704.14,4,17167.47,Energy optimization,Low,104.11
FAC-029,IT Park,2025-04,163426.2,127003.75,59826.63,49721.75,165630.74,249794.22,313070.78,207480.79,86.34,20153.45,8,20.31,1,2322743.47,1469748.67,1276128.23,193620.44,2041.81,12,45900.3,Energy optimization; Predictive maintenance,Low,189.48
FAC-009,University,2026-04,598766.06,2418931.33,190107.76,87122.77,189490.05,2155416.75,5017743.06,190245.52,64.8,60158.06,9,6.69,6,46619956.75,10710703.53,10657715.53,52987.99,1299.88,4,52554.16,Energy optimization; Security process optimization,Low,126.89
FAC-022,Corporate Office,2026-11,814822.69,360451.06,315497.97,158391.61,207231.85,306350.74,749003.57,224313.99,59.31,74452.14,11,10.17,4,5095526.2,2634146.72,2820565.51,-186418.78,3099.52,11,88307.0,Energy optimization; Predictive maintenance,Low,82.07
FAC-021,Corporate Office,2026-04,275932.01,1100283.73,85281.25,70239.1,53777.99,2124447.44,2974136.25,253917.49,59.41,34847.01,4,5.93,2,19992644.15,7257834.24,6852734.02,405100.23,1198.03,8,25733.14,Energy optimization,Low,293.01
FAC-018,Hospital,2025-08,498664.4,1922406.07,197153.48,241861.56,130275.95,1806786.59,4080325.71,321393.38,74.06,67821.89,22,0.6,1,39613798.13,10480426.91,9001713.66,1478713.26,1019.91,9,122051.91,Energy optimization; Predictive maintenance,Low,131.73
FAC-022,Hospital,2026-02,211379.12,1495817.29,56501.53,31503.73,142860.12,2267187.87,2906930.21,133801.43,78.64,25358.49,5,23.4,1,20302695.59,7414940.52,7189479.77,225460.75,1137.4,4,13241.86,Energy optimization; Predictive maintenance,Low,278.97
FAC-008,Corporate Office,2025-03,373233.62,601611.46,137962.09,61389.17,120659.24,844118.3,1243963.68,93917.74,56.97,33874.68,11,12.07,3,11486981.93,3284028.79,3338893.2,-54864.41,1293.14,3,20141.7,Energy optimization; Predictive maintenance,Low,366.47
FAC-030,University,2025-02,397485.98,1626962.0,135985.86,87562.32,165343.33,2202093.75,4132733.49,236242.46,61.26,43601.61,6,4.2,3,29281798.24,9155283.79,8848423.32,306860.47,1645.91,5,24830.08,Energy optimization,Low,282.28
FAC-008,Corporate Office,2026-10,482704.63,2046289.14,136324.46,69683.16,152330.44,1702196.2,6886213.39,106593.33,48.23,44043.87,11,15.76,2,36062969.02,12904960.29,11446010.3,1458950.0,1512.42,3,228837.57,Energy optimization; Predictive maintenance,Low,145.87
FAC-018,University,2025-04,277899.98,2817259.67,93140.48,39927.95,165956.08,3312842.67,4754281.61,153782.98,76.24,25459.69,3,3.81,5,35581783.5,11357211.56,11521950.94,-164739.38,1161.37,5,28472.15,Energy optimization; Security process optimization,Low,123.88
FAC-002,Corporate Office,2026-04,418510.88,604712.15,132106.76,67325.06,212910.88,867715.34,2179353.71,98570.67,60.46,42067.5,9,10.17,5,12445324.61,4959537.05,4449098.69,510438.36,1410.17,3,34468.45,Energy optimization; Security process optimization,Low,203.93
FAC-023,Corporate Office,2026-09,562066.35,119801.43,153636.57,32550.18,170676.95,163350.3,286177.05,220510.44,57.42,65543.47,6,6.44,3,1525080.76,1542866.72,1555132.7,-12265.98,3897.58,10,66302.29,Energy optimization; Vendor consolidation,Low,145.88
FAC-023,University,2025-03,99934.34,1595543.06,39700.15,35260.63,89991.38,1592487.37,4682468.69,300115.16,81.94,11889.47,4,15.56,4,20300409.35,8422627.72,8395800.64,26827.08,1385.22,8,228388.28,Routine monitoring,Low,241.65
FAC-022,Hospital,2025-01,704339.64,807883.84,199244.39,164389.52,118361.66,856140.36,1811124.45,223806.44,31.39,62112.16,11,19.65,2,9931056.38,4499886.72,4686045.9,-186159.19,1392.17,9,174550.54,Energy optimization; Predictive maintenance,Low,136.47
FAC-002,University,2025-04,448258.9,1619926.2,166488.8,254416.58,168388.08,2618011.17,4402034.17,183931.08,33.68,42608.35,23,64.89,0,19820834.13,9348490.1,9694966.19,-346476.09,1275.49,3,212103.68,Energy optimization; Predictive maintenance,Low,120.57
FAC-005,Corporate Office,2025-07,281650.62,3407545.53,90108.5,49330.91,61337.17,2611460.88,6768136.83,250100.86,64.3,25527.5,6,6.5,2,43332654.48,12559103.62,13429562.79,-870459.18,1607.56,12,50992.89,Energy optimization; Vendor consolidation,Low,305.74
FAC-027,Corporate Office,2025-06,381363.97,233653.38,143169.19,154232.18,166613.62,563538.15,1515871.2,264747.98,68.84,34676.5,13,15.01,10,4768918.32,3487221.08,3280020.48,207200.6,1828.33,9,86714.26,Energy optimization; Predictive maintenance,Low,359.42
FAC-020,IT Park,2026-12,498719.43,1799713.43,191299.94,163083.1,60514.07,1812036.11,3156641.09,220060.58,71.16,58841.24,10,9.24,2,25709011.01,7482485.28,7710767.81,-228282.54,1568.5,6,57515.33,Energy optimization; Predictive maintenance,Low,118.39
FAC-029,IT Park,2025-02,340400.22,461701.6,134556.01,46258.43,74393.41,667490.17,897024.24,192794.98,73.6,31101.99,7,19.08,0,5455520.41,2850836.06,2680063.05,170773.01,1435.49,8,13882.05,Energy optimization,Low,232.72
FAC-015,University,2025-05,93808.96,2637719.6,28727.56,89101.01,77384.0,2017334.92,7533909.38,276191.86,72.91,10025.88,11,11.47,3,38083264.24,12520788.44,12725449.73,-204661.29,1385.46,10,50180.12,Predictive maintenance; Vendor consolidation,Low,176.27
FAC-015,Corporate Office,2025-07,381297.75,1135823.16,154053.84,86801.73,91019.99,1407559.73,3552016.34,149411.66,98.0,52597.99,12,4.17,4,17849178.5,7906758.08,6803930.36,1102827.71,1399.41,6,31814.99,Energy optimization; Predictive maintenance,Low,160.14
FAC-007,Corporate Office,2025-10,152771.95,621676.26,60871.98,83060.65,88923.08,745474.11,1899544.66,143729.36,57.56,17835.98,5,10.1,2,7817559.12,3666128.87,3735180.08,-69051.22,1688.6,9,26938.81,Energy optimization; Vendor consolidation,Low,252.04
FAC-019,Corporate Office,2025-03,75286.91,177399.35,30657.83,119515.42,170644.42,204256.72,607395.05,95570.98,71.69,8712.69,7,10.46,3,2796273.92,1633032.96,1450068.85,182964.1,1487.25,4,27435.21,Routine monitoring,Low,268.21
FAC-027,Corporate Office,2025-08,186062.57,781216.92,77724.36,198980.04,82245.94,569537.45,2620676.6,254463.57,69.95,22932.18,13,2.93,4,14099832.23,5079795.06,4693183.08,386611.97,1487.07,8,25901.32,Energy optimization; Predictive maintenance,Low,96.68
FAC-025,University,2026-03,187674.18,3665800.02,68984.01,87055.82,96484.57,2021249.4,5547255.9,119792.12,71.29,19774.91,15,38.52,0,48692113.75,13527740.71,11725312.0,1802428.71,1280.62,10,40553.45,Energy optimization; Predictive maintenance,Low,102.73
FAC-027,Corporate Office,2026-01,95147.97,852028.56,28172.39,94329.99,70466.77,1241866.92,5127168.99,282067.66,55.47,12370.87,10,15.44,3,15476584.94,8212246.95,7763076.86,449170.08,1376.92,10,43188.44,Predictive maintenance; Vendor consolidation,Low,221.16
FAC-004,IT Park,2026-11,203369.11,1595108.76,82639.61,229170.93,76762.38,1283547.82,2690611.67,271849.65,83.17,24365.73,14,7.53,2,22604398.52,6279430.18,6350420.32,-70990.15,1517.42,6,53064.95,Energy optimization; Predictive maintenance,Low,106.28
FAC-012,Hospital,2025-08,295259.67,1459579.35,87909.58,91692.3,144175.61,972424.25,1883110.2,299447.96,89.77,30862.2,7,10.87,1,19939186.74,4972527.12,5145689.33,-173162.22,1303.7,8,21313.68,Energy optimization,Low,186.94
FAC-023,Corporate Office,2026-05,292473.74,109979.08,83723.36,56350.75,77876.07,159226.07,295348.42,135220.4,75.12,33737.75,6,1.36,0,1726729.13,1300002.82,1126474.53,173528.29,1877.46,4,19581.16,Energy optimization,Low,144.08
FAC-003,IT Park,2025-01,91152.64,1139920.27,36159.49,72685.66,191938.92,2081157.64,4200695.82,288307.15,64.48,8396.51,7,2.99,3,13805012.51,7476157.57,8065858.1,-589700.53,1514.15,11,22152.89,Vendor consolidation,Low,95.79
FAC-004,University,2025-12,95622.24,1045432.93,24903.93,36372.42,101187.68,1489379.06,3937244.93,224682.04,78.28,11075.52,7,13.49,6,15713814.15,7420629.85,6929921.3,490708.55,1491.27,8,7115.48,Security process optimization,Low,175.61
FAC-007,Corporate Office,2026-03,260248.97,397139.47,103924.18,175097.92,183927.34,221313.69,861487.97,306706.23,70.15,29320.11,14,15.24,3,4950103.12,2600716.6,2405921.58,194795.02,2401.12,7,35476.67,Energy optimization; Predictive maintenance,Low,268.0
FAC-002,IT Park,2025-01,228563.08,573982.15,84911.64,164566.15,171319.26,549843.69,1829839.59,340171.99,78.56,28108.27,10,12.51,0,9562931.55,4400059.55,3858285.91,541773.64,1513.05,12,60198.28,Energy optimization; Predictive maintenance,Low,155.55
FAC-003,IT Park,2025-01,109287.7,3319601.15,34688.63,29258.3,72960.28,3847515.58,4351795.55,165470.88,71.29,14468.34,5,7.89,1,51399139.04,13726177.91,11895889.44,1830288.47,1267.68,6,5823.12,Energy optimization,Low,107.27
FAC-001,University,2026-11,372593.85,1554350.66,97647.2,293632.78,115035.3,852769.81,2749073.25,345655.67,73.15,50237.45,21,9.6,2,19828371.96,6708683.04,6283111.31,425571.73,1759.98,12,71446.6,Energy optimization; Predictive maintenance,Low,121.0
FAC-020,Hospital,2025-05,443394.02,596667.68,126124.09,142725.33,93629.96,1276316.68,2868832.05,170242.64,77.28,46859.48,13,7.99,5,8536514.66,6315266.09,5591808.37,723457.72,1746.89,4,67298.99,Energy optimization; Predictive maintenance,Low,252.08
FAC-003,IT Park,2025-05,179365.97,979489.44,47457.1,71179.31,59325.95,1536400.14,5282984.18,340919.76,68.52,18746.59,11,13.74,1,17844372.8,9242658.82,8449664.74,792994.07,1473.61,12,67143.69,Energy optimization; Predictive maintenance,Low,106.84
FAC-011,Corporate Office,2025-06,491047.2,1309385.51,197092.05,11763.57,123791.8,1482797.17,3284009.49,216083.62,68.13,48243.22,1,15.49,2,23692869.45,7646776.93,6918878.36,727898.58,1180.29,9,60217.88,Energy optimization; Vendor consolidation,Low,253.51
FAC-026,IT Park,2025-05,302705.49,2313696.02,80091.3,87535.07,96297.81,1862428.13,3231684.89,213328.15,55.54,39303.68,13,39.11,0,33540111.18,7717505.65,8107675.56,-390169.91,1190.2,11,52329.63,Energy optimization; Predictive maintenance,Low,351.64
FAC-009,IT Park,2026-11,44344.13,2321538.71,11322.37,193941.94,67217.64,2052137.67,4266287.12,240288.01,63.3,5895.78,13,40.36,3,28031825.53,9632908.53,9185755.22,447153.31,1674.7,10,47288.46,Predictive maintenance; Vendor consolidation,Low,137.01
FAC-026,University,2025-05,456181.98,807695.85,130707.24,189252.64,69572.23,954522.57,1773241.57,242216.38,69.97,57319.98,13,12.12,2,11216661.03,4252664.32,4492683.21,-240018.89,1683.91,9,76317.74,Energy optimization; Predictive maintenance,Low,127.86
FAC-026,IT Park,2025-04,280704.96,453304.6,113224.42,47498.23,108108.06,684744.9,1443581.22,184052.48,54.68,26106.72,5,4.09,3,9313812.51,3499590.05,3201994.46,297595.59,1000.94,9,145659.44,Energy optimization; Space/resource optimization,Low,88.63
FAC-002,Corporate Office,2026-10,448492.24,153930.88,127987.21,132844.23,85006.96,384971.9,1012787.43,233833.05,68.98,44753.28,10,1.93,2,2828306.33,2635093.05,2451866.7,183226.36,2278.69,10,71577.1,Energy optimization; Predictive maintenance,Low,268.26
FAC-026,Corporate Office,2025-11,149699.4,398013.49,57120.54,27195.51,159264.55,700559.73,1633759.44,203751.11,59.22,19728.99,6,7.56,0,7521763.26,3340833.55,3272243.24,68590.31,1340.53,7,10683.74,Energy optimization,Low,150.29
FAC-013,Hospital,2026-09,209825.13,1173229.78,72526.89,66371.68,127778.9,935043.3,2772778.92,245434.39,31.64,28597.11,11,16.98,0,25443415.22,5674245.29,5530462.11,143783.18,1185.78,8,156422.28,Energy optimization; Predictive maintenance,Low,148.34
FAC-018,Corporate Office,2026-09,71390.83,290150.42,21518.56,72206.03,209769.36,468763.49,646834.21,193777.47,56.83,7780.45,9,3.79,10,5749318.31,2220456.96,1952891.81,267565.15,1635.59,7,7655.81,Security process optimization,Low,167.69
FAC-018,IT Park,2025-07,394219.92,596876.29,130514.17,127508.69,132420.03,673093.09,873261.56,224141.43,75.14,34294.38,9,1.69,7,9803603.87,3198055.8,3021521.01,176534.79,1571.25,12,54541.08,Energy optimization; Vendor consolidation,Low,250.06
FAC-026,Corporate Office,2025-07,165698.62,548739.82,61969.95,91954.67,90914.78,803005.32,2875494.95,184763.4,55.64,18172.41,6,2.72,5,11314067.38,5152420.67,4760571.56,391849.11,1097.16,6,17664.07,Energy optimization; Security process optimization,Low,200.09
FAC-022,IT Park,2025-09,95906.81,1239756.37,33920.98,64534.31,120786.76,1314753.6,3848963.04,183438.72,70.88,9270.22,6,9.33,0,16023897.33,6836770.95,6868139.62,-31368.67,1399.66,6,152994.26,Routine monitoring,Low,340.38
FAC-018,Corporate Office,2025-09,691466.73,1386384.1,204576.95,18161.35,148788.9,841183.83,1920319.82,133041.93,97.3,74926.78,3,11.68,0,16834041.29,5163578.56,5139346.66,24231.89,1549.86,10,49800.78,Energy optimization; Vendor consolidation,Low,203.88
FAC-013,Corporate Office,2026-11,298711.59,1621472.17,103108.08,253995.42,96949.89,1343403.58,3807926.89,402703.84,83.95,28491.81,17,3.85,1,25087348.23,8444526.77,7825163.36,619363.41,1743.96,12,110292.81,Energy optimization; Predictive maintenance,Low,138.18
FAC-011,University,2026-11,143030.53,987152.8,49224.58,79155.61,66006.44,938305.9,1662019.2,136011.3,69.21,12964.95,8,5.53,2,15928591.0,4449990.81,4011681.77,438309.04,1227.19,4,5712.94,Energy optimization,Low,166.11
FAC-028,IT Park,2025-06,307484.5,2885231.28,125853.21,27497.94,143667.15,2894074.24,5824232.16,239091.1,40.31,41089.17,2,2.26,0,36150945.37,13713684.37,12321278.36,1392406.01,1296.84,11,190123.98,Energy optimization; Space/resource optimization,Low,298.01
FAC-010,University,2025-12,268665.08,379537.1,108661.05,41543.51,160570.61,422167.31,868471.97,355813.27,44.04,24876.9,5,3.92,0,6786420.68,2457986.39,2496768.85,-38782.46,1662.3,12,98852.74,Energy optimization; Space/resource optimization,Low,307.84
FAC-026,University,2026-08,653849.92,994443.08,228025.45,55003.54,130354.86,1308947.6,2985096.42,177033.38,44.78,67428.87,8,12.32,5,12278540.02,6091658.94,6304728.82,-213069.88,1703.06,5,122480.79,Energy optimization; Space/resource optimization,Low,95.35
FAC-022,IT Park,2026-09,354806.88,2603841.0,115653.68,96821.96,133969.66,3097468.16,6697976.25,284457.43,98.0,48161.13,6,5.74,3,33839330.36,13411457.86,13269341.33,142116.52,1436.39,6,20083.77,Energy optimization,Low,217.92
FAC-008,IT Park,2026-01,349119.12,1924962.99,144069.63,32291.08,168956.29,2656952.01,4095055.23,128517.9,77.77,45922.25,7,3.85,4,31423619.54,9525071.05,9355854.61,169216.44,1351.03,8,26535.47,Energy optimization,Low,174.51
FAC-014,Corporate Office,2026-10,824341.06,1536018.03,334239.9,162850.97,168112.81,2458965.69,5234169.18,127697.26,88.29,76587.93,10,9.29,2,28633203.41,11443779.55,10512154.99,931624.56,1386.1,8,62293.93,Energy optimization; Predictive maintenance,Low,255.41
FAC-004,IT Park,2026-07,633331.44,1911563.51,240135.79,10382.79,125756.75,2205371.75,2719390.27,272515.44,68.61,79206.16,1,5.79,6,23508490.19,8736045.8,7878311.95,857733.84,1373.72,10,83583.19,Energy optimization; Vendor consolidation,Low,236.21
FAC-021,Hospital,2026-11,439584.66,1223005.36,134752.13,184138.21,118858.16,1509733.97,5523727.92,104373.22,86.13,49733.39,11,34.79,1,24012052.64,10673073.4,9103421.49,1569651.91,1464.75,5,30100.17,Energy optimization; Predictive maintenance,Low,174.48
FAC-009,IT Park,2026-03,42139.57,184725.59,12791.2,110077.48,155686.26,300940.72,986726.67,111544.89,59.31,5273.45,17,10.66,7,4002452.9,1860148.37,1891841.17,-31692.8,1716.73,11,20893.6,Predictive maintenance; Vendor consolidation,Low,91.84
FAC-012,IT Park,2026-12,209039.34,1198353.38,78655.37,137573.42,88208.22,1291967.84,2859709.44,290323.47,56.07,28340.65,8,6.76,6,23941819.62,5868706.28,6075175.09,-206468.82,1065.63,11,44615.22,Energy optimization; Vendor consolidation,Low,146.16
FAC-011,University,2025-12,352031.65,2549368.63,121480.15,142558.07,63217.29,2020617.85,4228831.4,332956.32,57.71,46462.54,13,19.97,3,31173638.11,10034910.02,9689581.19,345328.83,1578.11,11,56534.2,Energy optimization; Predictive maintenance,Low,153.63
FAC-002,IT Park,2025-12,445560.99,1178675.3,140668.29,230286.04,80962.89,1053072.05,2033830.17,110057.15,68.69,58434.11,14,6.12,1,15125685.15,4832697.19,5132444.58,-299747.4,1928.77,4,66961.37,Energy optimization; Predictive maintenance,Low,192.36
FAC-028,Hospital,2025-09,551917.11,2033089.48,146610.7,105296.72,102780.77,2115545.44,5643340.2,224115.75,77.54,68963.74,9,19.9,5,40918543.79,11953821.98,10776085.48,1177736.5,1301.93,3,52836.39,Energy optimization; Security process optimization,Low,113.31
FAC-001,University,2025-04,518861.97,1375509.91,208488.61,141737.31,100295.77,748776.29,3473194.54,212043.03,60.17,45459.36,11,14.18,2,22079564.73,7560739.81,6570418.83,990320.99,1689.49,7,39997.76,Energy optimization; Predictive maintenance,Low,205.88
FAC-002,Corporate Office,2026-07,513469.89,2452054.64,199656.0,49234.53,154029.47,2679796.04,5475016.31,290069.68,57.23,48841.51,9,3.97,1,29532518.29,10834736.74,11613670.56,-778933.83,1609.88,9,94485.08,Energy optimization; Vendor consolidation,Low,215.32
FAC-007,IT Park,2026-06,392531.37,159580.04,144593.48,95659.59,77111.37,293305.97,790669.56,282116.71,91.33,36741.47,7,13.48,6,2348157.26,2277234.27,2090974.61,186259.66,2483.34,11,70288.74,Energy optimization; Vendor consolidation,Low,299.65
FAC-003,Corporate Office,2025-05,180282.99,580639.66,71664.83,21801.75,245036.53,365995.84,1662454.48,86518.31,77.19,17751.87,3,5.95,8,7737844.88,2935913.77,3142729.56,-206815.8,1548.14,9,32606.69,Energy optimization; Vendor consolidation,Low,233.63
FAC-010,University,2026-07,355991.88,137342.41,109469.82,77147.32,119270.54,163624.75,336370.1,305726.09,63.47,39218.07,12,6.57,2,1965426.55,1601307.49,1495473.08,105834.42,2556.36,8,34486.69,Energy optimization; Predictive maintenance,Low,88.97
FAC-002,Corporate Office,2025-01,154910.95,3399346.28,48518.66,29899.62,64873.4,1546592.14,4775530.73,322241.54,67.8,14004.62,6,10.66,1,42770868.22,12083317.75,10293394.65,1789923.1,1260.67,11,42853.83,Energy optimization; Vendor consolidation,Low,105.15
FAC-017,Corporate Office,2025-06,178663.24,1178581.33,50206.28,32613.99,159360.28,2309766.92,3005710.72,170355.73,61.72,25375.21,6,10.21,3,16989404.96,8090876.62,7035052.21,1055824.41,1178.01,10,28436.86,Energy optimization; Vendor consolidation,Low,174.59
FAC-023,IT Park,2026-05,588697.4,978991.53,210008.57,68810.15,175023.14,1118587.19,4395916.87,237016.52,60.8,69609.66,8,10.45,0,18954188.11,8573344.03,7563042.81,1010301.21,1603.02,6,33390.27,Energy optimization,Low,193.56
FAC-021,Corporate Office,2025-08,309097.12,1960340.24,104762.26,88752.57,87299.17,2480028.45,7918485.61,262649.41,62.97,31391.4,12,6.37,2,35447542.87,14869825.67,13106652.58,1763173.1,1328.6,4,31102.75,Energy optimization; Predictive maintenance,Low,217.32
FAC-013,Corporate Office,2025-10,399751.69,2624933.23,164087.35,61077.23,126286.1,2127058.89,7511755.55,186106.69,92.8,56974.44,5,2.16,3,34008043.91,13504965.05,13036969.38,467995.67,1455.99,7,29607.26,Energy optimization,Low,159.32
FAC-015,IT Park,2026-11,423121.71,2827214.05,166859.24,60851.17,116991.61,1924308.43,5308412.81,260180.56,47.63,51259.83,10,6.61,3,34275272.81,11344975.79,10921080.32,423895.47,1685.61,11,308184.72,Energy optimization; Predictive maintenance,Low,313.54
FAC-020,IT Park,2026-10,401257.81,1352182.15,123456.42,214732.48,206927.4,2061018.48,3586607.15,235511.36,65.77,51028.46,12,3.4,8,17090372.42,8589738.5,8058236.82,531501.69,1629.9,3,43993.16,Energy optimization; Predictive maintenance,Low,269.65
FAC-028,University,2026-10,584905.8,628301.25,228586.47,139648.4,72496.92,405239.97,826777.02,262860.31,89.86,53878.07,9,37.42,1,7462687.98,3292804.34,2920229.68,372574.65,1814.93,11,71368.08,Energy optimization; Predictive maintenance,Low,124.51
FAC-027,Hospital,2026-05,179848.23,495278.99,60123.92,147996.13,109800.29,1406187.52,2776494.04,175031.35,62.91,18985.31,9,12.37,2,9071959.29,5269019.59,5290636.55,-21616.96,1489.48,4,13864.69,Energy optimization,Low,107.29
FAC-030,University,2026-03,383557.8,1968006.93,130845.77,44023.5,184390.64,2569478.77,6317042.23,185316.47,79.09,48783.96,5,5.98,9,24770380.0,13180478.77,11651816.35,1528662.42,1395.59,6,37728.73,Energy optimization; Security process optimization,Low,284.43
FAC-025,Corporate Office,2025-04,478893.31,235964.86,196630.16,228766.39,165913.13,329649.55,856308.28,215486.11,80.7,47826.94,14,54.48,0,4441792.13,2311858.28,2510981.63,-199123.36,1523.65,11,64321.73,Energy optimization; Predictive maintenance,Low,337.77
FAC-021,Corporate Office,2025-10,167195.68,801460.27,57076.92,32421.84,69050.13,2232550.45,3047102.14,51328.29,78.92,20238.52,4,8.95,5,16993935.12,6871579.4,6401108.81,470470.59,1168.94,3,16813.86,Energy optimization; Security process optimization,Low,156.73
FAC-017,University,2025-06,537336.93,612793.24,146731.81,106705.02,109524.58,727286.26,2199641.72,229941.69,76.14,50296.68,8,2.62,1,7892153.58,4915726.96,4523229.42,392497.54,1526.57,12,66464.67,Energy optimization; Vendor consolidation,Low,183.78
FAC-006,Corporate Office,2025-09,197427.01,2070407.82,54718.09,171705.84,115462.93,3079813.83,5329379.25,128165.26,54.77,18305.39,11,10.18,1,29321024.9,10537580.37,11092361.95,-554781.57,1489.51,3,210324.59,Energy optimization; Predictive maintenance,Low,82.92
FAC-011,Corporate Office,2025-04,533229.43,451493.77,191244.95,158548.88,91819.04,356654.56,810457.66,180408.89,74.28,47484.07,11,7.5,1,5707224.86,2860583.59,2582612.23,277971.36,2291.58,8,62473.78,Energy optimization; Predictive maintenance,Low,268.53
FAC-001,Hospital,2025-05,254370.13,866881.87,71151.04,91393.65,84519.23,797160.56,2715852.79,208230.69,36.07,31144.45,7,7.8,1,16776512.41,4924058.99,5018408.91,-94349.92,1292.41,9,133785.83,Energy optimization; Space/resource optimization,Low,180.9
FAC-027,University,2026-04,344158.33,1307131.14,140832.49,16049.37,76844.39,1294314.27,5217917.67,90499.39,79.36,37512.39,3,10.92,2,17617101.7,8068918.69,8346914.57,-277995.88,1236.03,4,26515.04,Energy optimization,Low,82.14
FAC-020,IT Park,2026-04,246652.3,1539985.99,85661.05,125001.63,207601.76,1465883.25,4981346.59,229422.62,71.69,21844.66,15,22.04,9,29774306.95,9733990.32,8795894.14,938096.19,1332.31,3,35059.1,Energy optimization; Predictive maintenance,Low,169.49
FAC-020,IT Park,2026-02,315843.3,1011800.31,83994.92,137751.12,185586.53,1463199.06,5201504.73,204488.32,66.4,32967.26,9,27.47,7,19190379.69,8811023.79,8520173.37,290850.43,1456.44,4,60085.36,Energy optimization; Predictive maintenance,Low,83.26
FAC-016,IT Park,2025-11,186865.09,1352715.5,74265.99,91613.3,96991.15,2177890.14,4576540.29,209587.35,75.72,26541.58,9,19.48,0,24748011.06,8748971.75,8692202.83,56768.93,1497.11,5,10717.67,Energy optimization,Low,229.08
FAC-028,Hospital,2026-10,697733.93,1816762.57,251310.86,143964.61,184643.03,2607340.26,5727645.91,75303.72,72.96,64025.61,8,12.83,4,34572870.34,12707958.74,11253394.04,1454564.7,1531.49,4,44977.38,Energy optimization,Low,206.67
FAC-006,University,2026-03,242786.23,448098.5,78577.26,95970.52,172999.35,722067.52,1371303.4,302111.02,46.67,21366.27,15,8.89,3,5525586.25,3448212.23,3355336.53,92875.7,1557.0,12,148750.71,Energy optimization; Predictive maintenance,Low,115.89
FAC-029,IT Park,2025-10,210946.4,765351.15,76595.95,202596.31,85643.09,1385986.61,3189770.25,139360.2,83.56,20363.0,14,27.25,1,13670167.91,6992627.14,5979654.01,1012973.13,1693.47,6,31764.91,Energy optimization; Predictive maintenance,Low,279.37
FAC-024,Corporate Office,2026-08,493312.68,1195241.76,159512.63,47127.66,219310.8,2332105.38,4155813.34,139459.81,59.49,67780.9,6,7.54,5,20603404.97,10118309.39,8582371.41,1535937.97,1201.84,4,45690.51,Energy optimization; Security process optimization,Low,180.35
FAC-026,Corporate Office,2026-06,351890.65,990069.97,90502.98,177763.66,152405.55,1538823.32,2843449.23,155685.71,75.2,44467.9,10,15.77,0,12621112.41,5835582.92,6210088.09,-374505.17,1349.43,6,33765.62,Energy optimization; Predictive maintenance,Low,214.5
FAC-007,IT Park,2026-09,348287.69,1967104.01,130631.09,88628.67,132178.97,1889962.68,3216475.27,274994.75,65.31,37864.31,11,19.89,6,23205836.32,7725861.6,7917632.05,-191770.45,1714.14,9,71162.23,Energy optimization; Predictive maintenance,Low,291.73
FAC-004,IT Park,2025-08,56062.66,591234.51,16150.73,60048.79,181754.83,627352.65,1481593.83,227681.51,61.49,5947.23,9,25.14,2,11559763.87,3234266.86,3225728.77,8538.09,1369.15,6,4422.31,Predictive maintenance,Low,315.01
FAC-012,Corporate Office,2025-06,422282.03,1040198.94,177254.05,99349.01,127392.97,2262597.03,5307755.64,211795.72,54.44,41946.43,16,50.04,0,19178883.13,10309754.07,9471371.34,838382.73,1566.81,7,344138.04,Energy optimization; Predictive maintenance,Low,89.72
FAC-007,IT Park,2025-06,440156.0,1120096.18,165813.41,19620.06,88582.42,2934988.04,4113873.65,137314.8,74.42,51199.71,4,7.33,1,23853781.73,10369506.17,8854631.16,1514875.01,1173.89,12,56013.44,Energy optimization; Vendor consolidation,Low,155.11
FAC-016,Corporate Office,2026-08,103785.9,439794.6,34307.66,104687.51,167259.67,767707.03,859676.81,204098.97,58.77,9733.26,6,2.11,0,5848675.57,2958566.02,2647010.49,311555.53,1440.94,5,9894.9,Energy optimization,Low,235.61
FAC-028,Corporate Office,2026-10,704501.91,1344833.82,285066.65,57839.11,76836.5,1431350.19,5154336.85,215337.3,50.88,64105.71,5,1.57,5,18285611.19,9352686.87,8985035.68,367651.19,1537.48,6,181567.64,Energy optimization; Space/resource optimization,Low,246.07
FAC-021,Corporate Office,2025-04,205604.74,544759.41,74075.2,90992.21,101372.93,634193.6,1885942.53,194300.45,49.63,17971.0,14,3.5,0,9558161.42,3868498.33,3657165.88,211332.46,1182.4,6,91545.94,Energy optimization; Predictive maintenance,Low,85.98
FAC-003,Hospital,2026-12,570182.58,399332.27,235874.75,106929.52,173342.36,520765.67,1294291.99,187240.93,62.76,54047.17,9,17.07,1,7594960.94,3293300.86,3252085.31,41215.55,2203.31,4,37442.7,Energy optimization,Low,147.56
FAC-026,Corporate Office,2026-11,211211.18,445498.76,65700.97,38921.29,103868.94,558592.26,1271720.22,103999.26,83.39,26921.85,4,4.83,2,5280149.93,2682263.39,2733811.91,-51548.51,1395.51,4,13496.07,Energy optimization,Low,107.09
FAC-012,Corporate Office,2025-07,370951.35,1872035.76,125546.32,129111.8,75816.7,4115318.85,7104762.26,342275.17,60.65,51588.75,11,5.66,1,27703921.04,13742274.09,14010271.9,-267997.81,1407.08,11,68855.98,Energy optimization; Predictive maintenance,Low,193.04
FAC-023,Corporate Office,2025-11,204840.25,1028121.61,68204.1,44939.67,92971.12,1841034.67,6632128.18,298522.25,25.05,26264.72,7,4.65,2,22567202.52,11372945.99,10142557.75,1230388.24,1206.87,7,240908.13,Energy optimization; Space/resource optimization,Low,141.18
FAC-029,Corporate Office,2025-02,413185.85,1836415.08,122026.35,227486.52,104338.05,1096778.98,4050448.86,317620.03,79.78,51099.0,14,17.73,1,22051107.2,8924949.48,8046273.38,878676.1,1837.89,8,42915.5,Energy optimization; Predictive maintenance,Low,231.63
FAC-008,Corporate Office,2025-06,272593.27,911604.56,87603.77,127732.84,92485.29,417423.14,1762451.99,72241.7,47.79,34046.2,11,24.19,3,11196049.59,3841260.02,3656532.79,184727.22,1727.22,7,68884.43,Energy optimization; Predictive maintenance,Low,254.54
FAC-007,Corporate Office,2025-08,611510.46,874590.65,238356.78,47504.37,141973.09,873317.58,1271187.5,127798.92,61.84,83610.44,4,6.95,1,10562626.05,3774977.96,3947882.57,-172904.61,1608.75,10,64879.74,Energy optimization; Vendor consolidation,Low,252.98
FAC-021,IT Park,2025-12,273323.29,126114.81,69301.4,37311.87,148602.32,137632.87,594033.22,167892.97,61.36,30061.25,6,14.4,2,2762754.83,1533069.65,1484911.34,48158.3,2177.29,4,22712.49,Energy optimization,Low,147.18
FAC-020,IT Park,2026-08,175409.11,537010.71,55876.4,128594.64,65465.08,426345.92,1172096.13,127912.89,76.4,24997.37,9,13.67,4,10663776.36,3082582.22,2632834.48,449747.74,1321.7,5,13379.42,Energy optimization,Low,156.25
FAC-009,Corporate Office,2026-06,524906.55,452475.7,162301.56,59655.36,126644.83,875110.75,1973550.44,100083.86,92.92,58165.36,7,2.58,6,9575072.95,4819763.91,4112427.49,707336.42,1341.3,4,55384.44,Energy optimization; Security process optimization,Low,273.86
FAC-017,IT Park,2025-06,422443.85,3040754.88,116636.84,336100.46,149907.28,2591339.62,4310380.74,192279.92,71.09,36924.6,20,51.34,2,39551386.69,12665971.08,11043206.74,1622764.34,1224.44,3,50858.7,Energy optimization; Predictive maintenance,Low,105.66
FAC-020,Hospital,2026-12,338961.95,2457785.31,121937.55,209049.03,106666.87,2895843.79,5256538.96,184443.93,77.93,38096.87,18,60.7,5,32841138.39,12659727.68,11449289.84,1210437.84,1347.29,6,66295.55,Energy optimization; Predictive maintenance,Low,250.93
FAC-003,Hospital,2026-12,339639.77,2989669.31,127631.21,103519.3,155458.96,2276439.45,6067035.19,220158.47,53.25,46537.05,13,19.03,5,35380774.74,11815649.17,12151920.44,-336271.27,1650.18,11,360773.72,Energy optimization; Predictive maintenance,Low,154.13
FAC-029,University,2025-08,269108.65,223292.73,82124.45,89977.28,173491.45,175748.99,308649.66,80538.24,72.42,37326.76,15,10.32,3,3067455.42,1464496.5,1320807.01,143689.49,2397.11,3,27884.48,Energy optimization; Predictive maintenance,Low,341.66
FAC-017,Hospital,2025-02,284417.55,424777.0,87026.99,114740.8,81967.38,219308.51,887850.07,143388.37,67.71,31738.88,7,5.36,4,5024814.96,2293344.5,2156449.68,136894.81,1812.14,12,27447.55,Energy optimization; Vendor consolidation,Low,129.78
FAC-030,Hospital,2025-06,741773.61,1245304.83,260754.13,20332.59,180759.03,1099347.97,2865825.24,240476.91,53.56,67077.05,4,3.29,4,19180847.41,6268575.37,6393820.18,-125244.81,1131.65,8,133983.19,Energy optimization; Space/resource optimization,Low,248.23
FAC-022,Corporate Office,2025-08,624436.54,818151.3,230847.83,151419.38,193512.06,739767.29,1668231.75,145783.41,56.1,55721.56,11,1.72,6,13421146.78,5037668.0,4341301.73,696366.28,1754.77,6,40372.61,Energy optimization; Predictive maintenance,Low,91.27
FAC-020,University,2025-08,233659.42,2202852.09,67901.24,135217.56,159454.66,2726504.93,8650877.16,327704.91,77.59,22508.89,8,2.52,1,26748674.43,14763472.12,14436270.73,327201.39,1524.26,12,45613.84,Energy optimization; Vendor consolidation,Low,294.53
FAC-024,IT Park,2026-12,215043.08,954975.59,75388.95,62376.84,86325.31,939369.47,1698345.67,263086.62,52.89,20581.91,10,21.3,1,20290699.68,4439014.02,4219522.57,219491.45,1119.24,9,169808.34,Energy optimization; Predictive maintenance,Low,130.61
FAC-001,Corporate Office,2026-06,539231.14,2707517.21,178833.96,85951.6,172894.65,2236710.25,5947554.88,248521.63,79.54,48799.04,7,7.22,3,35377181.22,11531240.03,11938381.35,-407141.33,1539.24,7,26069.12,Energy optimization,Low,113.56
FAC-005,Corporate Office,2026-05,731615.69,1564011.16,286849.19,124580.52,89081.75,1890771.19,4911627.3,246849.48,51.53,66082.79,8,17.83,4,26197299.36,10363266.73,9558537.08,804729.65,1361.03,12,246317.37,Energy optimization; Space/resource optimization,Low,109.95
FAC-016,Corporate Office,2026-08,59519.73,1323420.4,17228.06,189737.99,149571.86,1360778.23,3635645.81,302731.93,38.5,5747.56,11,15.35,6,15864614.54,6925328.81,7021405.97,-96077.16,1359.16,11,170181.15,Predictive maintenance; Space/resource optimization,Low,105.01
FAC-013,University,2025-08,365066.18,2892757.11,120241.5,146126.26,189630.63,3092824.69,6592690.89,293240.67,49.19,32867.77,10,9.98,3,46969682.02,14149334.39,13572336.44,576997.95,1392.32,11,247846.57,Energy optimization; Predictive maintenance,Low,116.27
FAC-011,Corporate Office,2025-05,568772.96,2478184.37,183582.57,68635.49,63269.6,3536674.96,8399929.0,239792.88,70.79,52995.08,14,6.44,3,38054049.62,15728282.06,15355259.25,373022.8,1669.59,6,47069.48,Energy optimization; Predictive maintenance,Low,259.3
FAC-019,Corporate Office,2026-03,224098.29,1809058.67,74978.97,266044.27,121269.47,1211435.73,4097854.8,282215.04,41.5,19774.19,16,10.35,3,25871907.35,9181144.88,8011976.26,1169168.62,1555.72,5,134038.99,Energy optimization; Predictive maintenance,Low,124.75
FAC-011,IT Park,2025-12,105189.65,560983.0,37586.86,50040.94,85904.03,437827.77,1484721.61,213441.75,93.41,11618.1,6,6.72,0,7027458.36,3210940.31,2938108.76,272831.55,1828.32,12,31496.06,Energy optimization; Vendor consolidation,Low,278.18
FAC-010,Hospital,2025-05,42939.61,747074.93,16275.51,145598.67,101183.03,1262825.73,2949517.75,113014.72,84.34,5798.86,14,14.61,2,13165231.53,5457056.05,5362154.44,94901.61,1201.2,3,20521.3,Predictive maintenance,Low,151.64
FAC-017,Hospital,2025-04,470593.25,367097.81,192602.61,62653.14,94979.78,373242.47,1213669.53,171934.61,89.73,49962.13,10,8.74,5,4966616.93,3215490.72,2754170.59,461320.13,1938.19,11,65936.61,Energy optimization; Predictive maintenance,Low,232.79
FAC-002,IT Park,2025-04,377265.94,922120.1,116894.1,76922.5,82425.94,1090850.88,2148618.35,235056.63,75.7,44291.16,5,12.67,3,12647730.78,4770886.29,4933260.33,-162374.05,1567.11,7,14496.41,Energy optimization,Low,260.66
FAC-005,Hospital,2025-02,287674.91,2604802.69,119957.18,9074.43,103364.19,2001820.55,4761414.22,198675.37,59.86,37331.74,2,2.21,3,37580895.06,11090649.72,9966826.34,1123823.38,1227.44,4,26931.4,Energy optimization,Low,206.0
FAC-009,IT Park,2025-03,703062.93,581204.9,214866.42,116331.34,124539.48,807164.75,1516370.44,273128.74,92.25,71623.62,14,3.15,4,9943570.12,4836011.14,4121802.58,714208.56,1840.91,11,85409.17,Energy optimization; Predictive maintenance,Low,123.42
FAC-018,Corporate Office,2025-05,220237.14,634897.17,57446.49,44559.78,127661.33,1019047.36,1937531.44,197402.66,72.41,29112.91,9,4.33,7,8346774.48,4487189.44,4181336.89,305852.54,1506.79,12,34949.43,Energy optimization; Vendor consolidation,Low,150.88
FAC-004,Corporate Office,2026-02,852903.58,76909.4,218329.12,146315.43,141903.86,130036.87,261679.81,250295.12,76.63,82154.65,12,18.32,3,1494081.37,2044584.65,1860044.06,184540.59,5027.15,7,78408.65,Energy optimization; Predictive maintenance,Low,329.44
FAC-006,University,2025-08,108024.13,1696984.61,41521.05,90700.05,169207.81,1907044.25,5486152.87,133281.33,62.06,13904.36,13,37.01,3,25910136.77,10584957.44,9591395.05,993562.39,1303.53,3,16004.41,Energy optimization; Predictive maintenance,Low,125.37
FAC-006,Corporate Office,2026-09,410795.63,493406.02,105104.68,189248.0,138478.51,860502.08,2806328.34,148775.6,79.59,38632.07,14,6.55,3,9246267.88,5095277.19,5047534.19,47743.0,1623.0,3,61977.05,Energy optimization; Predictive maintenance,Low,104.59
FAC-006,University,2025-07,286414.53,1552773.45,88106.47,127083.21,154190.75,1389172.69,3052117.43,334985.93,80.78,38431.51,8,3.6,6,18731364.01,6930704.02,6896737.99,33966.03,1514.77,10,56589.11,Energy optimization; Vendor consolidation,Low,94.02
FAC-005,Corporate Office,2025-04,310491.65,132257.91,112810.23,173592.33,140768.08,204814.19,307559.2,222894.61,54.09,34144.62,11,10.51,2,2360358.33,1412444.79,1492377.99,-79933.2,2474.92,5,53577.99,Energy optimization; Predictive maintenance,Low,86.25
FAC-025,IT Park,2025-03,420237.0,4157659.79,152202.84,127998.44,175597.39,3301299.68,6235222.8,98405.3,89.5,53385.11,8,13.37,7,52923929.23,15984928.74,14516420.39,1468508.35,1489.78,3,30805.41,Energy optimization; Security process optimization,Low,98.48
FAC-016,Corporate Office,2025-08,80847.62,1655106.9,21739.53,319296.27,78144.52,1809541.98,3832340.33,179863.64,34.31,8849.02,21,8.97,6,36539474.76,7677659.61,7955141.26,-277481.66,1030.46,7,290081.1,Predictive maintenance; Space/resource optimization,Low,311.26
FAC-003,Corporate Office,2026-11,157714.53,948376.71,54792.48,121636.21,83041.62,626928.62,1103887.76,159705.89,72.12,15643.85,9,4.01,2,12642454.12,3751917.5,3201291.33,550626.16,1415.25,12,34141.85,Energy optimization; Vendor consolidation,Low,99.62
FAC-012,University,2025-04,249543.18,2601331.13,63923.06,131670.29,137735.58,2583905.54,5383642.64,173060.42,58.24,28787.15,8,6.18,6,33341781.81,11817322.74,11260888.78,556433.97,1338.19,8,29730.0,Energy optimization; Security process optimization,Low,317.59
FAC-018,IT Park,2026-01,167861.41,435623.08,42713.84,176226.24,121866.0,359874.84,923886.7,325561.55,75.38,23446.08,11,64.48,3,5272748.82,2842112.97,2510899.82,331213.16,2493.45,9,58865.78,Energy optimization; Predictive maintenance,Low,191.79
FAC-023,University,2025-07,348315.59,675540.64,131914.67,148844.34,113879.26,963900.6,2473775.31,253812.13,68.0,47234.85,14,17.75,1,11063351.38,5034611.84,4978067.87,56543.97,1155.0,6,51336.04,Energy optimization; Predictive maintenance,Low,103.52
FAC-018,IT Park,2025-11,602280.23,1909234.09,209464.73,115779.78,130428.68,2641727.88,6234240.29,271887.96,78.32,71649.7,11,23.57,4,31131899.04,11531331.94,11905578.91,-374246.96,1270.33,9,71731.66,Energy optimization; Predictive maintenance,Low,194.03
FAC-021,Hospital,2025-04,513856.48,1911924.48,155690.12,47795.15,135853.29,1180819.57,4860929.59,140575.49,85.37,52852.95,6,22.07,7,23508403.27,9366410.01,8791754.05,574655.96,1647.63,3,45399.21,Energy optimization; Predictive maintenance,Low,136.31
FAC-012,University,2025-05,48221.08,1227410.63,16292.83,112123.23,68034.88,2522420.83,7132128.14,200197.83,75.9,4787.84,10,6.07,1,21369956.27,12159019.99,11310536.62,848483.36,1367.16,4,12952.91,Predictive maintenance,Low,120.25
FAC-001,IT Park,2026-05,238981.92,472232.56,99807.01,83050.25,70205.21,717471.1,1690040.5,288788.64,76.24,26564.91,8,19.72,5,7759196.07,3610439.38,3560770.17,49669.21,1527.57,12,55988.99,Energy optimization; Vendor consolidation,Low,179.08
FAC-018,IT Park,2025-01,181793.88,1173272.55,53032.59,146779.35,176445.58,2627244.96,4973004.5,340031.24,69.67,18860.37,9,33.84,1,22774008.99,9930521.26,9618572.05,311949.21,1392.99,12,54583.47,Energy optimization; Predictive maintenance,Low,116.56
FAC-012,Corporate Office,2026-08,329130.72,292772.83,102172.93,215015.16,193975.11,405246.87,914762.68,191168.67,95.91,42340.43,15,16.41,5,5585819.96,2594559.75,2542072.04,52487.7,1936.08,3,55658.77,Energy optimization; Predictive maintenance,Low,141.88
FAC-023,IT Park,2025-07,114163.22,787539.34,47557.94,133666.49,239600.28,1113639.48,2169730.05,141241.05,73.65,15451.3,20,28.3,8,15144699.36,4839454.69,4699579.92,139874.77,1658.87,5,22678.37,Energy optimization; Predictive maintenance,Low,256.74
FAC-004,IT Park,2025-05,377640.98,1574829.44,104384.37,121152.06,159301.74,1943403.22,5039527.2,156490.34,50.5,37810.67,16,21.51,2,30782626.16,10672425.14,9372344.97,1300080.16,952.67,6,259287.92,Energy optimization; Predictive maintenance,Low,345.1
FAC-027,Corporate Office,2026-11,228042.9,362589.01,86405.84,90260.63,123064.69,756825.26,1557610.89,203249.34,32.91,31181.63,12,17.12,3,5298343.53,3068663.95,3321642.73,-252978.78,1738.17,3,104730.28,Energy optimization; Predictive maintenance,Low,295.63
FAC-020,University,2026-02,533331.12,3069798.94,219240.41,54162.63,122222.89,3533194.09,5462806.45,247032.66,81.55,71166.58,11,30.41,3,39039377.33,13322951.19,13022548.78,300402.42,1418.89,12,89153.14,Energy optimization; Predictive maintenance,Low,332.55
FAC-014,IT Park,2026-12,564447.77,408767.51,181523.76,70053.72,200669.66,1125577.51,2108270.03,219967.75,92.55,74967.74,13,4.29,6,7751093.51,4693582.66,4697753.95,-4171.29,1661.75,10,103670.1,Energy optimization; Predictive maintenance,Low,160.92
FAC-017,IT Park,2025-03,427217.37,2705382.69,148927.59,38153.27,195219.99,3452033.96,8168331.1,119251.11,54.22,38057.47,7,17.09,5,49039126.66,15242340.69,15105589.48,136751.21,1557.92,9,255386.74,Energy optimization; Space/resource optimization,Low,257.42
FAC-027,IT Park,2025-05,277412.69,1476453.96,93478.46,138064.58,79444.3,1431929.22,2436686.34,145935.11,71.4,28472.99,13,8.62,2,20449812.5,5822805.76,5985926.19,-163120.43,1561.27,9,31780.59,Energy optimization; Predictive maintenance,Low,188.25
FAC-013,Corporate Office,2026-09,289703.56,1530958.1,93474.31,135221.74,150783.33,1416179.28,4994605.88,106874.26,59.41,37588.53,18,13.53,4,32810767.94,8667911.89,8624326.16,43585.73,1151.75,11,37378.89,Energy optimization; Predictive maintenance,Low,331.41
FAC-006,University,2025-10,203583.89,1477795.68,78164.88,139578.36,54868.49,2350945.94,2879849.95,235671.69,73.15,21434.61,11,11.83,2,24134058.59,8449370.03,7342294.01,1107076.02,1268.76,8,26239.89,Energy optimization; Predictive maintenance,Low,121.28
FAC-019,IT Park,2025-04,399970.45,2249597.84,106605.29,18489.11,150016.94,2197812.74,6632352.04,361076.2,68.7,50668.13,3,1.99,2,32363281.26,11211528.98,12009315.32,-797786.35,1471.19,11,64526.11,Energy optimization; Vendor consolidation,Low,206.4
FAC-010,Corporate Office,2026-02,77018.68,336615.46,23412.34,129964.03,197088.94,215625.0,819548.29,106074.54,62.37,9927.25,10,9.72,2,4737811.47,1901167.15,1881934.95,19232.2,1785.52,9,23500.68,Predictive maintenance; Vendor consolidation,Low,97.46
FAC-001,Hospital,2026-04,405181.62,3737051.99,135619.22,213937.06,66371.72,2657611.17,8343289.6,144011.33,62.29,45028.66,14,18.33,2,49146259.55,14991176.41,15567454.48,-576278.07,1652.95,5,30988.34,Energy optimization; Predictive maintenance,Low,203.3
FAC-009,Corporate Office,2026-09,111217.32,617973.1,45249.45,232965.58,177801.58,663939.8,2244963.22,215959.61,96.86,14842.89,19,37.07,2,7751230.46,4814025.73,4264820.21,549205.51,1662.7,11,57186.03,Energy optimization; Predictive maintenance,Low,155.48
FAC-029,University,2026-05,178857.4,1672445.5,48428.81,66761.59,74516.99,2681914.9,7097388.28,178502.64,43.52,21730.75,12,29.99,5,21710259.83,11001763.04,11950387.29,-948624.25,1508.13,3,341939.8,Energy optimization; Predictive maintenance,Low,322.85
FAC-030,Corporate Office,2026-01,420186.34,372965.88,164155.54,257742.46,168368.15,350950.68,905237.01,152503.55,74.49,53840.41,18,28.69,4,6409784.79,2571347.4,2627954.07,-56606.67,1889.26,12,76036.14,Energy optimization; Predictive maintenance,Low,134.14
FAC-027,Hospital,2025-03,552265.51,1782182.13,165113.4,45019.54,104156.72,1120719.29,4579790.45,156101.95,38.03,68181.2,8,6.2,4,24461373.31,8773627.13,8340235.6,433391.53,1499.23,3,181419.76,Energy optimization; Space/resource optimization,Low,219.35
FAC-021,IT Park,2026-03,330756.31,1460561.59,112372.03,84787.48,143684.9,1645137.96,5219257.08,110401.84,67.07,42361.78,16,38.35,1,29479453.59,10480434.6,8994587.15,1485847.44,1249.77,5,20043.57,Energy optimization; Predictive maintenance,Low,154.24
FAC-018,Hospital,2025-02,306806.56,2944602.8,103044.73,173687.81,123038.33,3778622.52,9095432.2,212853.77,67.63,43062.61,14,23.54,0,36635876.58,19435972.04,16635043.99,2800928.06,1707.91,10,71964.78,Energy optimization; Predictive maintenance,Low,116.03
FAC-006,Hospital,2025-01,793253.87,3840978.14,257915.82,197045.34,126866.43,3263098.78,4816273.05,276888.88,43.76,69143.43,18,28.38,3,52143085.45,13380974.09,13314404.48,66569.6,1404.92,11,547638.61,Energy optimization; Predictive maintenance,Low,114.5
FAC-019,Corporate Office,2026-11,381348.51,1108385.63,108256.11,166478.36,147428.59,592926.07,2455822.5,114392.2,68.59,33264.43,12,7.88,2,14511435.33,4896602.14,4966781.87,-70179.73,1861.61,7,27446.27,Energy optimization; Predictive maintenance,Low,83.7
FAC-024,Corporate Office,2026-12,102660.05,700357.13,30459.66,58028.48,169040.15,719265.33,1122143.99,293251.67,85.28,10346.52,8,17.39,4,13358063.85,3438809.26,3164746.79,274062.47,1297.03,10,36300.81,Energy optimization; Vendor consolidation,Low,368.41
FAC-029,IT Park,2025-12,115476.21,856528.73,29153.89,159477.59,88838.3,509112.42,1951112.51,147980.42,91.05,11592.26,12,16.11,5,12342706.62,4231833.77,3828526.19,403307.58,1674.04,9,30921.95,Energy optimization; Predictive maintenance,Low,194.81
FAC-001,Hospital,2026-04,590486.94,407037.26,153721.41,83850.11,159215.8,321973.72,622230.87,181151.4,90.84,61850.75,13,11.69,6,5737054.59,2617035.86,2365946.1,251089.76,1806.07,8,46104.96,Energy optimization; Predictive maintenance,Low,304.57
FAC-023,Hospital,2025-12,575790.32,1952854.36,194239.4,141071.7,170336.72,1579718.76,4157705.87,191751.47,60.55,68809.14,13,16.49,3,35415285.25,8917164.58,8769229.2,147935.37,1354.74,8,39278.39,Energy optimization; Predictive maintenance,Low,342.12
FAC-004,Corporate Office,2025-08,505979.24,175453.74,156226.59,137874.18,172643.25,139174.17,318899.32,183925.04,80.71,57046.68,8,19.86,3,2485325.2,1521966.52,1633948.95,-111982.43,3418.3,8,43916.19,Energy optimization,Low,106.01
FAC-017,University,2025-09,623456.43,1244566.55,187118.72,43995.33,142694.57,1224268.08,3918911.43,180358.84,85.11,54416.72,6,6.7,7,19268555.66,8580243.94,7378251.22,1201992.72,1720.27,3,37971.45,Energy optimization; Security process optimization,Low,136.28
FAC-004,Corporate Office,2025-11,295085.4,3168476.46,108785.56,117197.11,162437.23,1884358.47,6691634.73,273568.98,59.98,35401.83,18,19.25,2,42692013.02,14347515.95,12592758.38,1754757.56,1426.13,7,33597.53,Energy optimization; Predictive maintenance,Low,376.19
FAC-021,IT Park,2026-03,68744.82,467367.47,22450.38,178840.83,151263.66,598967.98,997170.56,279797.12,63.58,6948.14,10,15.55,3,10317429.71,2547132.15,2742152.45,-195020.29,1268.34,6,17924.45,Predictive maintenance,Low,133.39
FAC-021,IT Park,2026-09,619486.0,1057596.22,240732.6,130298.46,190154.97,1358340.05,3141622.28,204618.7,72.35,60578.73,13,7.0,4,19739787.69,6926876.05,6702116.68,224759.36,1542.13,3,39882.98,Energy optimization; Predictive maintenance,Low,253.59
FAC-023,Hospital,2025-03,204821.46,1105407.8,51656.3,181357.79,192165.34,1309426.77,3535815.55,176234.74,75.32,20837.45,13,18.6,4,15832003.72,6181277.08,6705229.45,-523952.37,1756.22,8,22951.85,Energy optimization; Predictive maintenance,Low,157.79
FAC-003,IT Park,2025-10,567529.19,1910342.48,223852.15,6976.49,162621.03,877300.86,2978325.81,137743.21,69.33,66439.69,1,9.49,3,23527770.83,6579298.38,6640839.07,-61540.69,1561.08,5,19697.81,Energy optimization,Low,182.41
FAC-029,University,2025-10,352003.27,362064.68,122176.59,84693.23,110189.73,482541.53,1691304.26,197393.76,63.01,46294.68,9,4.72,3,7510452.57,3658772.17,3280190.46,378581.71,1604.79,8,15026.58,Energy optimization,Low,152.84
FAC-028,Corporate Office,2025-07,552119.15,1792123.33,210544.9,100439.18,138446.43,1596723.93,4411302.42,211901.61,63.59,52771.64,7,4.7,1,27668176.53,8108036.34,8803056.06,-695019.71,1144.74,8,43115.83,Energy optimization,Low,144.47
FAC-017,Hospital,2025-07,330604.54,341522.83,115124.51,51484.73,119305.2,551689.63,1350689.72,373530.56,77.73,31882.26,7,6.75,1,5134796.65,3548478.98,3118827.21,429651.77,1772.06,12,55477.99,Energy optimization; Vendor consolidation,Low,125.84
FAC-007,Corporate Office,2026-06,374529.71,397546.69,136744.59,198802.73,119907.75,663141.89,1477458.54,173152.56,59.48,38485.21,15,14.62,1,8135354.03,3344863.71,3404539.87,-59676.16,1869.6,4,43034.7,Energy optimization; Predictive maintenance,Low,248.83
FAC-008,IT Park,2026-02,77277.69,726678.71,20372.93,226715.91,155458.72,914104.9,1180366.29,317786.1,42.31,9454.93,14,29.98,4,10431981.44,3518265.08,3598388.32,-80123.24,1569.29,9,158165.76,Predictive maintenance; Space/resource optimization,Low,318.9
FAC-008,University,2025-05,398766.3,975210.2,121841.32,70478.14,120759.96,1668468.1,2999992.24,134482.36,39.91,48135.47,6,11.27,6,13343084.7,6719914.93,6368157.3,351757.63,1288.84,5,180159.42,Energy optimization; Space/resource optimization,Low,193.41
FAC-018,Hospital,2026-01,337049.56,1540380.63,120315.48,158885.3,99431.75,1959615.48,4081546.59,108679.76,83.37,43121.56,11,12.08,2,18275811.3,9070254.09,8285589.06,784665.03,1166.49,3,34348.59,Energy optimization; Predictive maintenance,Low,171.51
FAC-007,Hospital,2026-04,447022.16,2534033.8,169501.25,161256.21,75741.67,2554969.45,6211496.82,241879.58,62.69,51481.39,10,15.83,0,30205438.74,13910472.61,12226399.68,1684072.93,1582.71,6,49967.23,Energy optimization; Predictive maintenance,Low,94.81
FAC-011,Corporate Office,2026-01,481206.82,1817008.16,169609.04,85687.0,99365.25,3401298.74,7566381.3,205481.43,63.32,58988.52,7,9.92,4,26736713.66,15581956.28,13656428.7,1925527.58,1574.23,5,18197.81,Energy optimization,Low,217.07
FAC-022,IT Park,2026-03,387625.42,1986847.66,131505.2,13645.72,85377.27,1783706.11,3120981.29,205208.71,75.98,39549.19,3,6.78,2,31878991.43,8204674.77,7583392.17,621282.6,1339.11,8,13883.25,Energy optimization,Low,122.38
FAC-025,Hospital,2026-07,556880.73,1431466.71,232516.84,63314.3,88591.36,2281248.49,4416681.69,258643.32,88.6,63635.09,14,22.89,0,27506550.93,9572615.09,9096826.61,475788.48,1446.7,8,33141.35,Energy optimization; Predictive maintenance,Low,239.53
FAC-024,IT Park,2025-08,320202.87,2099305.64,92727.1,204476.44,181719.69,3419659.87,8849967.25,175843.74,50.07,39829.54,12,3.6,1,25834254.72,16951082.08,15251175.49,1699906.59,1577.65,7,256884.27,Energy optimization; Predictive maintenance,Low,308.22
FAC-005,IT Park,2026-02,335114.27,581790.39,139022.5,126030.35,119849.75,526592.73,1433343.8,355742.54,47.07,42613.1,10,28.06,2,7868989.77,3939780.38,3478463.83,461316.55,1614.89,11,94658.38,Energy optimization; Predictive maintenance,Low,362.05
FAC-016,Corporate Office,2025-03,314245.19,679270.69,83477.63,68174.56,175557.03,927059.81,2199267.5,247951.11,28.78,30847.89,7,5.47,2,13893190.17,5434396.29,4611525.89,822870.4,1568.55,9,192111.15,Energy optimization; Space/resource optimization,Low,231.86
FAC-019,Corporate Office,2025-02,283891.44,1835279.02,106129.14,42334.78,80068.75,3918990.53,8498491.09,97848.73,69.04,31291.85,4,11.52,2,25829235.04,15705191.69,14756904.35,948287.35,1536.38,12,24174.7,Energy optimization; Vendor consolidation,Low,354.56
FAC-004,Corporate Office,2025-10,127954.17,538439.09,49934.17,144508.68,160501.36,617823.04,1258295.94,214057.43,76.29,13332.02,10,11.28,3,6726869.85,3525955.77,3061579.69,464376.08,1476.17,8,21251.33,Energy optimization; Predictive maintenance,Low,169.92
FAC-010,IT Park,2026-10,412306.03,1278632.73,111745.76,113544.6,155248.12,1280556.45,2874172.73,174315.21,77.45,57774.49,15,26.42,3,15758745.98,7148139.4,6288775.86,859363.54,1058.18,12,36893.28,Energy optimization; Predictive maintenance,Low,154.02
FAC-005,IT Park,2025-10,206380.1,1262351.31,81738.18,108913.03,108461.88,1774551.99,4657775.54,237154.42,58.3,20454.14,11,5.68,4,16070709.14,7944547.85,8355588.27,-411040.43,1668.12,5,33514.72,Energy optimization; Predictive maintenance,Low,196.96
FAC-018,IT Park,2026-03,427526.07,1155607.56,150149.04,55091.75,111452.47,2048810.02,4200529.24,185479.63,61.2,37746.44,8,11.28,1,23339847.82,8344656.16,8184496.73,160159.43,1155.35,3,33651.1,Energy optimization,Low,144.53
FAC-020,IT Park,2026-04,340282.08,612723.1,110465.79,96812.82,107511.95,1150343.91,2321687.04,141611.91,30.68,31578.31,10,7.05,3,12452873.78,5162128.72,4770972.83,391155.89,1137.84,3,168791.35,Energy optimization; Predictive maintenance,Low,138.68
FAC-020,Hospital,2026-07,292155.93,1217848.22,112944.7,201514.73,219383.33,1850570.49,3886766.58,212236.16,62.79,38286.24,15,6.83,6,20670149.32,8717924.06,7880475.44,837448.61,1136.01,6,56447.14,Energy optimization; Predictive maintenance,Low,141.84
FAC-016,Corporate Office,2025-08,241119.43,1320956.67,92344.26,18405.46,113504.21,906192.89,2456199.35,222289.24,46.4,22687.27,2,3.69,4,26540735.87,4988225.55,5278667.24,-290441.69,1123.84,8,108649.86,Energy optimization; Space/resource optimization,Low,149.6
FAC-007,University,2025-03,564920.59,656189.08,184527.13,178451.21,72323.99,789295.75,2627587.49,86469.65,50.01,52436.72,11,6.62,1,8843189.01,4782127.18,4975237.76,-193110.59,1685.38,6,137317.84,Energy optimization; Predictive maintenance,Low,187.46
FAC-018,IT Park,2026-08,340084.26,1904873.44,110822.12,28772.62,125306.86,2603976.15,4734522.29,191939.35,76.82,36981.21,2,21.63,6,34419808.06,11054527.32,9929474.99,1125052.33,1142.11,10,60337.34,Energy optimization; Predictive maintenance,Low,118.27
FAC-020,University,2026-10,232706.51,1934892.91,90835.1,25309.56,147728.74,1586348.11,4242581.26,139313.96,69.21,22513.68,5,0.91,2,25326364.11,9341175.25,8308881.05,1032294.2,951.22,3,12214.44,Energy optimization,Low,207.26
FAC-002,Hospital,2026-06,163490.2,1379527.26,46092.81,193836.46,157697.08,3159163.87,3740649.69,257354.13,53.67,16034.21,12,13.47,2,23438961.61,9764193.91,9051718.69,712475.23,1099.71,11,505845.6,Energy optimization; Predictive maintenance,Medium,337.96
FAC-015,Corporate Office,2026-02,205222.43,4022044.97,76105.08,23309.84,114850.26,2046451.02,7379532.06,132180.75,66.75,23644.81,5,11.78,0,47323539.06,15805577.22,13923591.33,1881985.89,1666.3,10,30269.57,Energy optimization; Vendor consolidation,Low,399.5
FAC-024,Corporate Office,2026-05,151502.31,838965.65,43513.76,108920.3,156492.13,1318043.35,4044638.01,160306.93,81.69,14488.13,10,13.45,0,14447695.65,6937332.31,6778868.67,158463.64,1268.74,8,23147.12,Energy optimization; Predictive maintenance,Low,285.49
FAC-013,University,2025-01,296438.64,427378.06,110105.08,108061.54,90875.25,760205.03,1353496.29,269005.82,81.42,34769.48,12,9.36,2,7214052.88,3381932.53,3305460.63,76471.9,1581.56,6,30941.51,Energy optimization; Predictive maintenance,Low,131.81
FAC-020,Corporate Office,2026-11,672544.78,341619.71,244184.93,50066.6,147219.6,287188.35,983221.99,144724.9,74.14,81703.58,3,11.86,2,4903054.94,2918488.53,2626585.93,291902.6,1896.45,8,28520.6,Energy optimization,Low,126.26
FAC-008,IT Park,2025-04,318097.27,2608979.59,83051.94,152636.95,75353.94,1758962.91,5813969.76,256117.89,70.48,38973.96,9,12.41,3,44308320.21,12250899.82,10984118.31,1266781.51,1162.09,10,43978.81,Energy optimization; Vendor consolidation,Low,215.51
FAC-015,Corporate Office,2026-09,192889.58,2361207.54,64719.78,126015.29,56229.82,1679774.44,4696087.8,163146.03,74.4,17405.23,11,14.24,0,27807136.39,9622712.34,9275350.5,347361.85,1730.48,6,21335.41,Energy optimization; Predictive maintenance,Low,171.35
FAC-009,Corporate Office,2025-01,260386.53,698263.07,75042.85,83108.65,91112.99,692080.7,1848822.02,256725.63,56.86,26179.24,5,6.12,3,8861625.0,4556279.64,3930499.6,625780.04,1589.36,10,40218.3,Energy optimization; Vendor consolidation,Low,330.46
FAC-022,Corporate Office,2025-01,564273.22,3313690.93,149373.17,38612.22,92523.1,2036339.81,4775727.68,134841.75,67.29,58391.61,4,1.71,5,40172105.62,11296285.26,10956008.72,340276.54,1428.98,10,67264.08,Energy optimization; Vendor consolidation,Low,228.5
FAC-029,IT Park,2025-09,51786.76,2568576.05,16187.38,163809.74,135539.09,2938717.94,4416779.5,192430.57,69.12,5891.92,17,23.91,5,35295552.1,12251311.69,10467639.65,1783672.04,1406.37,9,52328.03,Predictive maintenance; Vendor consolidation,Low,102.95
FAC-018,Corporate Office,2025-06,363516.78,1135694.16,134527.06,87375.89,131056.21,1917044.69,4728826.52,112049.92,64.37,35667.23,6,9.33,1,19866239.41,9811896.44,8475564.17,1336332.27,1463.83,8,34026.81,Energy optimization,Low,178.12
FAC-001,Hospital,2025-08,176949.08,309868.43,69182.8,132867.14,139570.98,347545.91,1129798.63,288105.95,70.69,23903.56,10,8.22,5,6442901.9,2683727.16,2524706.13,159021.03,1491.26,11,58876.67,Energy optimization; Predictive maintenance,Low,138.35
FAC-014,IT Park,2026-08,344745.52,2058277.19,138609.12,48954.93,75464.03,1624109.43,5115192.08,319125.66,80.71,43027.21,10,0.48,0,26572719.79,9547759.3,9585868.84,-38109.53,1391.47,12,75433.57,Energy optimization; Predictive maintenance,Low,83.77
FAC-023,Corporate Office,2025-07,182183.1,530687.49,65146.43,35766.19,153715.97,977818.3,2616900.03,334837.06,55.28,19691.41,7,6.18,0,8407886.1,5289097.09,4831908.14,457188.95,1578.54,10,59959.81,Energy optimization; Vendor consolidation,Low,346.83
FAC-018,Hospital,2026-12,587430.05,124534.05,150196.22,99415.49,144948.09,132063.01,206139.38,169902.2,64.19,75817.62,9,8.22,0,1536847.02,1441807.79,1464432.28,-22624.49,3589.29,8,54910.24,Energy optimization,Low,125.23
FAC-004,Corporate Office,2025-08,231926.89,1615162.14,87368.69,173822.03,131313.96,2674648.43,4045627.77,200243.65,43.18,26743.9,14,33.9,0,23304060.74,8774812.44,9072744.87,-297932.43,1297.96,5,386039.73,Energy optimization; Predictive maintenance,Low,259.71
FAC-018,IT Park,2025-11,365470.33,374375.9,118148.02,91584.43,171128.96,560643.58,754878.88,307434.73,41.02,37031.11,9,5.44,7,6051516.11,2949863.67,2625516.82,324346.85,1696.07,12,116636.84,Energy optimization; Space/resource optimization,Low,145.47
FAC-010,University,2026-06,232075.62,636629.67,79832.48,95890.99,114401.51,896435.48,3694648.24,232206.94,63.27,30706.83,8,25.98,7,13884135.76,6709623.44,5902288.45,807334.98,1266.59,9,62737.01,Energy optimization; Predictive maintenance,Low,384.13
FAC-017,Corporate Office,2025-05,238739.82,2877866.74,83434.4,33511.3,105096.83,3944397.07,5257081.1,336382.59,56.16,27263.51,4,3.13,5,42912359.98,11888475.95,12793075.46,-904599.51,1300.51,11,53171.99,Energy optimization; Vendor consolidation,Low,381.82
FAC-010,University,2025-11,51843.37,307713.03,16585.91,148745.17,172165.2,788461.73,1892230.27,212467.96,47.2,6722.94,12,7.43,0,6619556.26,3760427.36,3573626.73,186800.63,1715.62,6,115653.55,Predictive maintenance; Space/resource optimization,Low,374.21
FAC-016,IT Park,2026-10,146399.2,608618.18,58594.84,127128.72,119089.15,399566.76,1652934.33,163824.93,60.82,18717.56,8,11.97,3,8015962.39,3162223.41,3217561.28,-55337.88,1848.11,4,10185.68,Energy optimization,Low,331.3
FAC-017,Hospital,2025-11,170516.38,1233954.44,63727.95,53182.68,169900.33,1679734.21,5193786.23,152558.7,55.86,21389.51,4,8.03,5,24516877.72,8496096.0,8653632.98,-157536.98,1162.03,10,34273.59,Energy optimization; Vendor consolidation,Low,329.88
FAC-023,IT Park,2026-03,251916.09,2257334.08,82165.96,204750.43,159917.45,1883715.25,6689226.62,171177.52,77.78,34354.53,18,17.33,7,43630152.56,12353564.76,11618037.45,735527.3,1461.39,6,37013.12,Energy optimization; Predictive maintenance,Low,87.23
FAC-022,University,2025-08,464762.35,725842.55,162331.68,40124.71,111339.48,437029.01,1720883.87,117999.19,93.0,41793.09,7,3.18,3,11750105.88,3565660.23,3617981.17,-52320.94,1538.91,4,30330.93,Energy optimization,Low,97.56
FAC-019,University,2026-02,114252.21,884576.98,31845.58,161235.08,96194.43,1153999.6,2747096.78,142717.56,75.52,10787.9,15,13.5,5,12272403.17,5440252.32,5300072.63,140179.69,1648.55,7,23810.32,Energy optimization; Predictive maintenance,Low,178.73
FAC-003,University,2026-02,188358.11,1475584.93,75498.62,77502.08,47149.54,2093635.99,3303244.17,351500.52,84.88,26857.68,6,9.99,0,26069412.42,8122194.96,7536975.32,585219.63,1435.61,11,53722.7,Energy optimization; Vendor consolidation,Low,121.35
FAC-017,Hospital,2025-09,344526.72,293472.82,120589.44,188447.5,106646.78,338450.28,553072.89,233880.62,68.04,39902.41,13,24.66,2,4835675.33,2405117.5,2058497.61,346619.89,2038.12,6,54992.95,Energy optimization; Predictive maintenance,Low,343.31
FAC-020,Corporate Office,2025-08,127357.69,1306925.02,32947.69,160985.8,80805.03,1549837.6,3866902.07,138264.06,64.93,14199.94,10,4.74,1,23419483.17,7159960.27,7231077.25,-71116.98,1211.84,8,30006.64,Energy optimization; Predictive maintenance,Low,368.48
FAC-016,Corporate Office,2026-06,783421.85,3302953.55,263258.49,23887.05,118364.67,2101278.28,6323521.29,270789.48,62.75,80688.49,2,1.98,3,39337184.29,12353528.92,12924216.17,-570687.25,1473.85,9,81323.43,Energy optimization; Vendor consolidation,Low,189.39
FAC-002,Corporate Office,2025-08,474612.26,2142738.18,161732.86,91642.19,67401.54,1681563.5,2787533.87,253953.86,59.23,50503.64,7,7.51,1,30432470.83,7880403.56,7499445.39,380958.17,1357.61,9,58263.17,Energy optimization; Vendor consolidation,Low,101.56
FAC-027,University,2026-08,219526.2,1158129.04,86682.24,146902.42,175854.5,1179564.43,3578166.7,199527.02,79.55,23865.64,12,22.11,4,23670488.49,6729878.52,6657670.3,72208.22,1163.93,9,54566.63,Energy optimization; Predictive maintenance,Low,224.84
FAC-008,Corporate Office,2026-02,367452.87,1165213.65,120634.59,74899.39,73031.16,918051.14,2423991.16,235086.16,67.91,42985.58,9,2.26,3,18531538.33,5543053.24,5257725.54,285327.7,1167.86,12,39933.2,Energy optimization; Vendor consolidation,Low,168.25
FAC-014,University,2026-10,86820.16,1661851.36,24433.29,69937.72,91555.81,1253005.78,3457103.66,179049.52,47.05,9499.07,7,10.25,5,19603036.12,7164192.91,6799324.01,364868.9,1215.9,8,76310.81,Space/resource optimization; Security process optimization,Low,339.01
FAC-016,Hospital,2025-11,463635.55,295397.12,193804.23,60662.41,157665.93,547570.95,1408082.09,174816.18,59.57,56107.51,4,7.49,4,6476368.81,3406461.77,3107830.21,298631.56,1898.49,8,17196.57,Energy optimization,Low,275.71
FAC-006,Hospital,2025-02,212054.27,1693138.15,62245.6,47359.47,109250.05,1749025.11,4133528.12,108288.78,53.7,26768.94,3,7.62,1,25561882.65,8632683.94,8052643.96,580039.98,1290.9,8,146986.23,Energy optimization; Space/resource optimization,Low,123.33
FAC-007,University,2026-11,74842.85,1606329.94,26023.46,244193.81,83613.65,3429660.59,6218242.04,107817.73,56.3,9134.25,16,14.28,0,28753525.36,11862630.69,11764700.61,97930.08,1262.31,4,36616.69,Predictive maintenance,Low,85.75
FAC-014,Hospital,2026-10,39232.38,572700.44,15636.14,50069.36,177468.69,589367.96,1421039.37,129097.41,67.03,3804.64,4,9.57,4,7346702.88,3168728.54,2978975.61,189752.93,1471.1,3,37155.25,Routine monitoring,Low,87.71
FAC-008,University,2026-07,372720.79,371273.73,153934.5,118987.55,183908.3,884988.43,1456015.68,108512.5,76.57,51495.53,10,23.79,2,7921292.02,3498897.91,3496406.97,2490.93,1151.27,3,41807.57,Energy optimization; Predictive maintenance,Low,396.87
FAC-024,University,2025-01,73786.15,238910.75,26104.04,146305.25,87926.46,312381.27,886030.27,235601.0,70.79,7585.52,10,11.3,0,3178967.86,2063765.31,1980941.16,82824.15,1967.17,9,37967.41,Predictive maintenance; Vendor consolidation,Low,310.1
FAC-018,University,2025-02,606211.42,1046892.54,194053.51,211763.65,147450.06,1575310.22,3819139.18,108201.53,79.5,58796.39,15,10.5,3,18007419.76,8446301.08,7514968.59,931332.48,1852.35,4,82742.43,Energy optimization; Predictive maintenance,Low,200.53
FAC-016,Corporate Office,2026-10,441270.23,1815937.29,117812.46,55508.4,160573.26,3120317.97,5238594.89,238854.29,51.25,42210.87,12,6.8,4,33803131.44,11040174.65,11071056.33,-30881.69,1223.32,6,427098.72,Energy optimization; Predictive maintenance,Low,95.94
FAC-014,Hospital,2026-05,410667.12,1176262.91,138558.2,227006.69,168920.93,1322577.45,3071894.44,165608.73,76.89,38794.69,14,4.76,9,14757852.78,7130028.0,6542938.26,587089.74,1908.68,5,43220.97,Energy optimization; Predictive maintenance,Low,110.1
FAC-011,IT Park,2025-10,497295.52,445013.54,147971.48,60250.18,212344.55,528768.09,1232701.91,198864.05,73.98,45097.59,7,2.5,9,8403019.62,3442047.29,3175237.85,266809.44,1983.28,7,26718.91,Energy optimization; Security process optimization,Low,346.2
FAC-009,University,2025-01,185229.77,302824.47,48020.66,140783.16,173416.27,477579.56,741204.53,150253.31,51.85,17463.88,13,5.27,4,4799012.82,2277806.26,2171291.07,106515.18,1487.19,8,79743.4,Energy optimization; Predictive maintenance,Low,270.37
FAC-017,IT Park,2025-12,567081.32,3496121.66,193524.01,118196.95,109707.6,3932148.91,8075931.78,347596.62,84.22,71557.65,13,37.42,3,51530959.54,17763567.47,16646784.85,1116782.63,1734.4,9,107312.44,Energy optimization; Predictive maintenance,Low,171.7
FAC-008,Corporate Office,2025-09,210720.82,150432.28,55565.96,200874.05,75588.66,141126.43,569203.47,300728.58,62.91,27945.07,12,2.51,2,2672927.89,1708512.72,1648674.3,59838.42,2249.21,8,41866.0,Energy optimization; Predictive maintenance,Low,222.75
FAC-006,Corporate Office,2025-03,347652.84,1320657.58,143805.14,243383.56,111584.86,1622481.65,4512455.26,115393.13,44.88,43678.78,15,42.95,2,18007464.81,8462855.15,8273608.88,189246.27,1572.03,7,208826.97,Energy optimization; Predictive maintenance,Low,139.82
FAC-030,Hospital,2026-10,144251.77,2712823.27,40690.14,85919.68,112940.67,1215688.85,4222426.27,300665.8,66.21,20144.78,9,2.97,1,37156555.1,8970821.6,8794716.31,176105.29,1319.34,7,7608.21,Energy optimization,Low,133.16
FAC-021,Corporate Office,2026-08,242303.92,1092798.46,81743.55,47678.26,195341.34,841670.62,1905917.93,124128.48,66.29,22662.94,6,3.06,5,14120902.36,4311667.21,4449839.01,-138171.8,1554.8,4,17268.14,Energy optimization; Security process optimization,Low,99.41
FAC-022,University,2026-04,387260.75,1806505.93,156540.0,134802.7,142566.37,2373432.87,4157367.1,202380.54,55.17,39886.06,8,7.8,1,22970354.56,9647637.83,9204316.25,443321.57,1559.52,9,25468.76,Energy optimization; Vendor consolidation,Low,91.86
FAC-008,University,2025-07,387929.11,2022128.57,156710.63,202029.96,55845.94,1515834.73,3342258.82,111540.43,70.71,40823.18,17,37.02,0,27034461.64,8906707.65,7637567.56,1269140.09,1136.04,3,29074.63,Energy optimization; Predictive maintenance,Low,253.03
FAC-017,Corporate Office,2025-02,366202.54,150671.77,116261.69,14692.85,188649.73,158500.3,405418.17,353787.67,61.3,38236.13,1,1.23,3,1914686.53,1621501.81,1637923.02,-16421.21,3774.02,11,62001.46,Energy optimization; Vendor consolidation,Low,96.56
FAC-023,IT Park,2025-02,58781.25,1551497.41,18074.42,99293.95,94025.23,1376873.98,5437197.73,350809.59,50.92,7771.5,12,13.33,5,31312699.8,10316277.7,8968479.13,1347798.56,1365.27,12,206371.05,Predictive maintenance; Space/resource optimization,Low,95.47
FAC-029,Hospital,2026-03,372964.36,2489803.58,101863.36,123507.35,99269.21,4022747.4,8560306.9,168508.8,80.09,45384.61,10,15.8,2,40981417.36,15589914.84,15837107.6,-247192.76,1630.84,5,36875.0,Energy optimization; Predictive maintenance,Low,202.56
FAC-030,Hospital,2025-07,328852.09,566598.29,133337.49,75399.91,171805.83,413458.53,1399322.4,96187.16,54.13,41697.94,13,9.99,7,8473686.46,3114698.69,3051624.21,63074.48,2022.28,8,94066.89,Energy optimization; Predictive maintenance,Low,240.44
FAC-015,Corporate Office,2026-08,127084.0,336080.1,35162.05,72510.56,156520.65,494745.85,883382.45,202585.12,68.81,18144.98,9,4.83,2,5205243.35,2276953.66,2272908.72,4044.94,1789.69,7,11335.35,Energy optimization,Low,183.25
FAC-014,Corporate Office,2026-08,165444.56,349738.22,65504.35,220561.24,164059.86,209522.7,713249.23,330225.11,57.38,22410.89,15,12.72,1,4157479.34,2287421.81,2152800.93,134620.88,2506.17,12,78135.97,Energy optimization; Predictive maintenance,Low,162.43
FAC-004,Corporate Office,2025-02,409011.94,564894.25,120305.22,54697.94,92380.11,481415.96,1523284.62,112679.15,74.63,38864.73,9,6.88,0,9038142.0,3367852.74,3238363.97,129488.77,1640.51,6,17753.71,Energy optimization,Low,233.0
FAC-005,IT Park,2025-11,91990.32,1374809.47,27106.6,35245.67,173158.79,2527417.62,4957533.73,222646.32,51.35,8661.21,5,14.41,1,24384254.85,10319044.44,9382801.91,936242.53,1028.82,7,239420.68,Space/resource optimization,Low,202.21
FAC-011,Corporate Office,2026-01,280796.36,494409.2,104840.64,113901.99,109526.21,317695.46,1201732.92,162035.78,66.35,30472.44,8,10.09,3,8756571.43,2671898.28,2680097.92,-8199.65,1741.45,7,16632.99,Energy optimization,Low,133.38
FAC-002,Corporate Office,2025-02,336499.2,826967.18,131739.29,125433.42,101387.68,1133744.81,3438930.76,177329.1,77.34,46206.3,12,23.25,5,18332390.94,7101019.64,6140292.15,960727.49,1036.16,4,44682.67,Energy optimization; Predictive maintenance,Low,184.22
FAC-020,Corporate Office,2026-11,237757.05,1146583.85,99051.16,20278.12,96038.93,769584.45,1820766.51,160984.39,94.97,23152.84,3,7.92,1,14729114.04,4391538.56,4251993.3,139545.27,1236.76,6,14883.55,Energy optimization,Low,330.47
FAC-016,Corporate Office,2025-10,125661.7,797387.36,49747.81,62861.04,173637.13,1162616.78,2663198.13,90868.85,77.06,14648.74,8,17.94,4,9882616.61,5361700.56,5076230.98,285469.58,1655.11,4,5656.27,Energy optimization,Low,156.77
FAC-029,Corporate Office,2025-04,209505.64,1044617.63,76903.59,70036.31,121520.89,1746625.88,3325140.22,226941.56,98.0,23641.47,11,26.71,1,19392467.84,6595805.13,6744388.13,-148583.01,1578.0,7,21140.76,Energy optimization; Predictive maintenance,Low,153.36
FAC-006,IT Park,2025-09,141791.65,840026.84,54510.06,80566.12,99041.38,965604.96,2077610.6,202689.87,54.61,16751.67,5,12.43,4,14088238.78,5145802.06,4407331.41,738470.65,1596.28,3,140412.61,Energy optimization; Space/resource optimization,Low,84.32
FAC-016,Hospital,2025-07,628831.93,2158407.86,188339.03,71778.06,103603.93,2167533.71,7147566.61,269509.2,69.09,60346.6,9,14.84,4,40204924.38,12848286.18,12547231.3,301054.87,1479.8,9,54487.25,Energy optimization; Vendor consolidation,Low,158.78
FAC-023,Corporate Office,2026-07,112750.04,989088.74,37267.75,86759.66,152206.97,1103312.19,2390884.0,167379.83,76.2,12305.11,16,45.36,3,15587802.68,5672055.95,5002381.43,669674.51,1521.41,9,35944.76,Energy optimization; Predictive maintenance,Low,359.68
FAC-006,IT Park,2026-10,105034.01,980524.78,34796.56,269480.67,109730.83,1218661.15,6112034.04,189412.69,82.53,9725.14,19,25.76,6,21507519.09,9851757.13,8984878.17,866878.96,1350.91,6,53960.62,Energy optimization; Predictive maintenance,Low,295.09
FAC-006,IT Park,2026-04,303563.22,1051537.75,105422.18,120973.54,52896.98,1561297.17,6348460.59,132077.95,50.51,31817.92,7,2.4,0,20917108.46,9884817.67,9570807.21,314010.47,1194.56,3,128333.83,Energy optimization; Space/resource optimization,Low,162.86
FAC-002,Hospital,2025-02,188293.4,1057991.82,57355.79,82206.77,178550.72,894589.62,3667968.34,177122.86,60.85,17942.14,14,9.36,9,19711992.02,6578594.21,6246723.53,331870.68,1502.7,6,28464.04,Energy optimization; Predictive maintenance,Low,222.36
FAC-011,Hospital,2025-07,895248.18,279298.84,291659.24,143744.91,198460.14,273879.74,1000973.39,162678.35,77.76,80217.8,12,16.28,9,3328691.43,2931475.64,2954283.54,-22807.9,2766.18,9,132267.71,Energy optimization; Predictive maintenance,Low,365.03
FAC-019,Hospital,2026-10,624632.55,949760.74,210909.04,194764.43,162236.77,1217003.23,3159461.28,356426.53,70.9,57543.6,15,23.34,5,16329523.22,7219076.98,6664285.53,554791.45,1443.74,11,84662.94,Energy optimization; Predictive maintenance,Low,118.4
FAC-026,Hospital,2026-05,479255.99,3593686.29,179374.3,140006.23,150039.55,2090318.48,4610069.27,166355.13,85.75,57930.21,8,23.46,0,44834874.98,11337975.27,11229730.94,108244.33,1285.01,12,58271.24,Energy optimization; Predictive maintenance,Low,356.28
FAC-016,University,2026-06,73491.17,1648947.38,21095.19,154974.31,107258.93,1897640.69,3221956.9,181367.63,66.67,9097.21,15,10.4,3,21512023.45,7716375.36,7285637.0,430738.35,1232.35,10,23156.44,Predictive maintenance; Vendor consolidation,Low,398.83
FAC-017,Corporate Office,2025-12,601923.05,1077757.09,239666.86,56592.52,198997.56,1728852.31,3405388.96,255251.98,53.08,62841.08,5,5.13,4,21430616.03,7675548.33,7324763.46,350784.86,1702.25,11,301354.52,Energy optimization; Space/resource optimization,Low,172.41
FAC-020,Hospital,2025-01,70619.18,2292488.16,18641.49,103450.92,145692.84,2139378.13,4803201.51,216461.56,77.07,8301.94,13,4.45,5,33368809.82,10655503.47,9771292.3,884211.17,1358.26,5,18634.14,Predictive maintenance; Security process optimization,Low,398.75
FAC-003,Corporate Office,2025-01,698395.23,1239005.86,180509.23,35355.97,53837.22,2059566.75,4829247.51,93631.32,67.84,67326.74,3,4.68,1,19139493.23,10537942.89,9009039.86,1528903.03,1576.94,5,29612.88,Energy optimization,Low,133.21
FAC-006,Hospital,2025-06,453799.57,1427670.96,146013.62,108344.81,183412.56,1680942.66,3275417.78,125033.96,61.74,44511.63,14,5.14,2,22753433.56,6972787.4,7254622.31,-281834.9,1009.83,5,58817.37,Energy optimization; Predictive maintenance,Low,100.88
FAC-025,IT Park,2025-07,546645.43,117681.23,173410.83,136184.68,142059.42,145982.27,415775.06,266771.41,79.46,66633.64,9,5.41,0,1697781.29,1953467.8,1771099.5,182368.3,3867.03,10,63527.47,Energy optimization; Vendor consolidation,Low,96.68
FAC-023,IT Park,2026-10,586657.57,904791.42,179690.55,112812.45,115052.98,1414908.51,3135318.25,203887.46,66.06,51479.9,10,16.78,3,18981637.93,6084642.51,6473428.64,-388786.13,1102.99,6,52400.46,Energy optimization; Predictive maintenance,Low,117.73
FAC-009,University,2025-12,180042.57,1217712.76,71873.95,151804.4,178510.55,1671076.68,3143683.09,106690.06,69.47,25484.87,15,20.62,3,21953363.89,6875184.68,6649520.11,225664.57,1473.09,7,19213.54,Energy optimization; Predictive maintenance,Low,147.04
FAC-012,Corporate Office,2026-04,222277.2,90256.99,77459.34,296261.59,172271.1,118667.56,350599.52,111853.07,85.69,25794.39,18,2.52,2,1794613.16,1313019.5,1362187.04,-49167.54,3167.88,6,37675.42,Energy optimization; Predictive maintenance,Low,126.08
FAC-010,Corporate Office,2025-11,484998.73,2105758.34,181946.66,49121.18,195464.13,2502738.43,5551966.35,261735.47,45.93,68701.09,5,8.18,6,27706228.73,12190133.96,11151782.63,1038351.33,1691.97,12,253548.3,Energy optimization; Space/resource optimization,Low,219.48
FAC-017,University,2025-10,255978.21,1596321.58,80814.84,75991.18,153784.87,3830752.51,8731745.79,149151.93,79.5,26222.92,9,9.51,3,30891518.28,17323151.91,14793726.07,2529425.83,1534.94,7,12721.58,Energy optimization,Low,84.01
FAC-030,Corporate Office,2026-05,267507.21,1660901.1,89738.28,153282.41,206060.78,2481359.4,6123641.12,287230.69,61.87,31076.32,14,7.28,6,25986428.49,12882234.66,11179982.71,1702251.95,1675.66,9,82168.45,Energy optimization; Predictive maintenance,Low,342.9
FAC-004,IT Park,2025-03,83513.87,2216762.11,32885.25,118940.59,173915.63,3249559.38,6747631.48,280622.67,64.36,7512.39,8,10.99,1,32174617.72,13063385.03,12870945.71,192439.32,1499.41,12,33806.4,Vendor consolidation,Low,88.27
FAC-027,IT Park,2025-05,116032.87,515963.44,41378.6,137779.0,88917.77,722367.78,2316380.91,279938.64,67.43,15946.75,9,17.92,4,9429808.61,3858212.8,4177380.42,-319167.61,1275.93,9,29976.98,Energy optimization; Vendor consolidation,Low,161.47
FAC-017,Hospital,2026-08,117558.1,838295.25,30367.58,104896.95,139085.45,773286.23,1963794.07,154026.13,70.02,15675.13,18,8.8,5,12123048.32,4382997.92,4090942.19,292055.73,1398.61,11,39265.9,Energy optimization; Predictive maintenance,Low,290.9
FAC-027,IT Park,2025-12,808934.32,1658268.45,292681.93,156300.37,183139.42,2226336.38,5573982.66,171227.68,73.0,71411.43,17,20.26,1,20543914.52,10194861.9,10778189.27,-583327.37,1459.27,6,82761.99,Energy optimization; Predictive maintenance,Low,250.15
FAC-007,IT Park,2026-07,185257.97,473953.37,72098.68,52828.33,155984.26,449135.76,691581.04,294914.32,67.19,19882.61,8,1.64,1,6002221.54,2410494.32,2303655.05,106839.27,1940.74,11,42480.55,Energy optimization; Vendor consolidation,Low,133.37
FAC-020,IT Park,2025-05,92572.09,1189214.63,35277.9,94750.5,56904.36,1682946.81,3510026.63,100717.55,57.79,12926.64,8,19.05,1,19437437.76,7043594.86,6727132.56,316462.3,1569.19,3,227036.02,Routine monitoring,Low,97.91
FAC-012,Hospital,2025-01,837257.74,1983516.21,288826.31,52890.48,158830.17,2618934.81,6237323.26,147322.29,79.53,73217.62,3,5.88,5,30446784.45,12920482.16,12036074.95,884407.21,1538.35,5,89996.54,Energy optimization; Security process optimization,Low,142.95
FAC-017,Corporate Office,2025-07,102025.23,900264.19,38458.51,285888.81,100211.03,867501.94,2255152.03,216457.81,46.43,14011.41,16,34.21,1,19690728.09,4585773.52,4727501.04,-141727.52,1020.62,10,171063.33,Energy optimization; Predictive maintenance,Low,226.51
FAC-002,Hospital,2025-08,218009.33,599408.25,62200.98,21369.19,84569.19,655694.03,1525519.99,123112.6,86.35,25770.4,4,16.62,3,8656341.18,3070400.92,3227682.58,-157281.66,1011.18,3,7214.33,Energy optimization,Low,98.81
FAC-018,Hospital,2025-05,224318.24,692542.46,79718.73,125924.17,120658.89,537323.94,1958333.22,134588.41,84.13,24511.87,14,6.21,2,11401853.33,3938381.82,3793689.33,144692.5,1690.59,3,35614.48,Energy optimization; Predictive maintenance,Low,227.38
FAC-008,Corporate Office,2025-11,465432.95,451175.75,190233.13,60269.88,93926.72,548617.81,1119006.53,317116.09,98.0,55436.02,11,11.76,3,9746548.17,2915907.35,3055545.73,-139638.37,1340.74,11,75941.6,Energy optimization; Predictive maintenance,Low,286.91
FAC-006,Corporate Office,2025-08,656146.27,1218282.28,271913.68,116920.73,126477.96,1146668.97,3258278.48,118141.46,68.24,60551.0,9,16.79,2,23262189.16,6359682.63,6640916.14,-281233.51,1498.4,9,32240.74,Energy optimization; Vendor consolidation,Low,82.29
FAC-025,Corporate Office,2025-11,257028.22,1180450.16,106236.98,90806.39,121155.29,1720393.89,4710644.63,264872.01,60.14,30496.43,9,12.73,2,24850408.1,9534996.96,8345350.59,1189646.37,1024.85,7,7962.17,Energy optimization,Low,394.74
FAC-029,Corporate Office,2025-05,168795.33,1052300.01,60770.4,207926.15,97781.38,1325366.3,2868078.62,295984.37,70.49,18569.12,18,12.66,0,19424495.16,6943422.33,6016232.16,927190.17,1758.1,9,72283.76,Energy optimization; Predictive maintenance,Low,108.15
FAC-002,IT Park,2026-08,259897.38,1637261.44,86378.31,40501.11,52788.09,2211816.69,3523152.63,204834.68,58.77,28287.13,4,7.52,1,23333065.88,8385934.99,7930252.01,455682.98,1374.39,4,22518.29,Energy optimization,Low,246.84
FAC-014,Corporate Office,2025-04,664020.44,902342.35,202073.51,85915.8,105597.86,1651807.83,2296442.73,211481.33,69.7,75715.66,5,1.79,4,18061487.15,6652722.42,5917608.35,735114.07,1437.36,4,44631.22,Energy optimization,Low,99.69
FAC-017,Corporate Office,2025-03,367622.45,1249971.41,101471.78,167878.61,52688.74,2784587.42,4614604.99,205665.58,85.38,37279.55,11,16.35,2,22754809.04,9736024.61,9443019.19,293005.42,1322.37,5,37388.23,Energy optimization; Predictive maintenance,Low,145.78
FAC-028,University,2025-07,72070.21,1532542.59,18193.94,17902.75,124578.02,1593074.07,3730119.93,114310.1,74.37,6852.6,1,7.51,4,25639405.11,7395237.61,7184597.67,210639.94,1225.2,4,247288.07,Routine monitoring,Low,103.04
FAC-006,IT Park,2026-11,201525.41,1091242.76,77344.24,44620.06,168786.93,812422.27,1993498.74,260576.39,79.26,18577.53,3,11.9,0,15548481.05,4597472.23,4572672.56,24799.68,1279.43,7,7707.22,Energy optimization,Low,83.74
FAC-026,Hospital,2025-07,169102.12,569205.87,49450.06,66105.74,199806.17,504562.29,1679916.12,233559.63,71.2,15811.56,8,4.24,4,12624642.24,3569323.63,3422257.93,147065.71,1232.8,9,25581.13,Energy optimization; Vendor consolidation,Low,378.22
FAC-004,IT Park,2026-10,337731.65,1425759.24,140149.24,69244.49,165147.53,3174494.07,4030235.74,197452.54,62.0,31321.92,9,1.36,3,23092259.95,11014132.15,9400065.25,1614066.89,1150.84,7,30483.68,Energy optimization,Low,86.62
FAC-019,University,2025-08,109862.42,1952062.98,32202.83,72248.54,173805.38,1689967.15,2826552.83,135544.83,56.55,9660.37,9,14.5,3,23442910.07,6975833.37,6960044.12,15789.24,1420.42,9,24729.01,Energy optimization; Vendor consolidation,Low,141.74
FAC-011,IT Park,2026-01,297763.97,1546248.29,88048.53,253242.08,180113.68,1502747.79,3587056.75,247454.4,56.99,38504.88,17,61.16,1,27422808.11,7100448.09,7614626.97,-514178.88,1368.8,8,31529.02,Energy optimization; Predictive maintenance,Low,87.89
FAC-006,IT Park,2026-12,437384.35,1581073.97,133689.67,121274.09,82594.93,2050859.68,6952721.03,97102.5,68.16,53282.88,12,21.12,3,30457064.35,11239699.16,11323010.54,-83311.38,1462.17,3,36518.74,Energy optimization; Predictive maintenance,Low,107.91
FAC-010,Corporate Office,2025-02,312979.51,559035.06,88564.22,74399.37,210723.5,493671.57,1651638.4,265740.19,78.27,29756.03,5,6.18,7,9490737.08,4157219.57,3568187.6,589031.97,1916.32,10,64236.61,Energy optimization; Vendor consolidation,Low,168.01
FAC-006,Corporate Office,2025-07,399604.08,988170.16,158601.89,102604.0,120559.05,1206704.15,2065689.1,190990.77,51.94,45271.94,12,35.86,3,12374136.32,5586171.98,5074321.29,511850.69,1742.56,9,128387.38,Energy optimization; Predictive maintenance,Low,113.11
FAC-030,Hospital,2025-11,235381.61,848446.43,65311.56,194626.16,94327.35,2112443.58,5684890.33,284843.7,52.82,27932.09,13,22.02,0,16023585.28,8705333.87,9454959.16,-749625.29,1542.66,11,312784.97,Energy optimization; Predictive maintenance,Low,282.8
FAC-022,University,2026-01,472376.26,337060.93,173378.68,90679.62,97524.78,425368.14,1060982.21,252446.85,72.19,58389.54,13,1.51,6,6679792.96,2542626.63,2736438.8,-193812.17,2197.94,10,69127.16,Energy optimization; Predictive maintenance,Low,115.34
FAC-018,Corporate Office,2025-05,268927.75,258940.1,91583.71,109012.19,151852.26,539838.78,1171240.39,156999.2,57.78,25182.11,7,4.2,4,4340773.54,3013503.47,2656810.66,356692.81,2054.76,9,33684.2,Energy optimization; Vendor consolidation,Low,143.67
FAC-003,Corporate Office,2025-10,171234.19,2603705.86,54065.8,54584.3,78539.46,2479298.23,4009039.32,115537.12,46.68,17717.42,6,16.2,2,30982134.54,11024496.86,9511938.47,1512558.38,1124.87,4,159055.2,Energy optimization; Space/resource optimization,Low,153.15
FAC-010,Corporate Office,2025-09,202785.94,461105.94,73833.85,143994.26,82437.71,695608.44,1982254.43,125581.47,67.3,21800.62,9,7.8,5,8756463.5,3647277.42,3693768.19,-46490.77,1456.53,8,19530.94,Energy optimization; Security process optimization,Low,234.07
FAC-011,Hospital,2025-05,268794.85,1239013.47,91404.95,273265.58,58796.75,2124884.17,4442797.72,247646.57,70.58,26762.63,17,11.78,0,26901959.04,8144757.21,8655199.11,-510441.9,1693.78,4,37905.82,Energy optimization; Predictive maintenance,Low,219.41
FAC-001,University,2025-08,683464.87,413243.23,254488.56,21277.79,166080.42,436543.59,1270164.01,212474.45,64.81,70776.35,4,3.93,9,8202764.4,3196136.07,3203248.37,-7112.3,2164.36,12,79971.99,Energy optimization; Vendor consolidation,Low,101.27
FAC-011,IT Park,2026-05,356282.38,777115.91,127218.14,102198.69,88426.24,862758.2,1865599.34,243987.84,60.86,45431.29,12,7.68,1,10250017.54,4610971.59,4296368.59,314603.0,1188.81,5,28961.75,Energy optimization; Predictive maintenance,Low,84.89
FAC-007,IT Park,2026-09,201329.55,2127273.66,73238.89,184538.99,199485.83,2503867.87,3910845.49,195060.69,66.36,22870.92,12,13.46,5,33367296.13,9021267.61,9322402.07,-301134.46,1477.4,9,75243.49,Energy optimization; Predictive maintenance,Low,209.28
FAC-016,Hospital,2026-07,61810.24,140284.04,22132.01,95492.7,169578.67,127932.05,334945.52,89340.63,71.4,7810.13,6,5.84,2,2258957.05,958249.72,1019383.85,-61134.14,2076.14,4,20189.13,Routine monitoring,Low,84.7
FAC-001,University,2026-04,158589.75,1431250.18,48647.99,18210.81,69390.22,1345183.46,3725751.55,234624.57,40.55,16696.95,3,8.53,0,30982059.37,7208380.76,6983000.55,225380.21,953.18,12,208353.17,Energy optimization; Space/resource optimization,Low,361.55
FAC-021,Hospital,2026-09,632884.75,815014.93,251655.63,146707.5,143800.76,1117966.12,2914835.53,204151.19,59.79,65770.11,13,12.56,6,17617114.29,6402350.54,5975360.78,426989.76,1777.32,5,45864.37,Energy optimization; Predictive maintenance,Low,193.69
FAC-012,Corporate Office,2025-09,399649.62,2027211.31,137348.38,34687.02,174899.18,1943931.66,4794749.41,144324.41,98.0,35429.86,7,4.15,1,31225070.15,10618548.24,9519452.61,1099095.64,1471.78,3,38624.63,Energy optimization,Low,132.58
FAC-010,IT Park,2025-04,461750.87,2928320.03,156166.44,72151.78,111126.82,3084935.73,6179588.33,305215.71,62.38,65191.47,10,21.58,5,45650407.77,14533358.64,13143089.26,1390269.38,1492.52,10,70516.73,Energy optimization; Predictive maintenance,Low,346.05
FAC-016,Hospital,2026-10,58913.58,2458348.45,16230.42,105130.63,57949.71,3188131.36,7654670.91,164006.93,54.61,6532.6,7,23.13,0,40934912.41,13313504.65,13687151.58,-373646.93,1381.84,9,482680.63,Predictive maintenance; Space/resource optimization,Low,116.0
FAC-014,Corporate Office,2025-05,368466.55,501330.81,135748.59,125583.89,186666.88,428663.11,742248.14,405459.63,82.94,41505.16,8,3.47,1,5954444.78,2999555.82,2758419.0,241136.82,2394.46,11,89151.59,Energy optimization; Vendor consolidation,Low,211.47
FAC-015,IT Park,2025-09,260104.16,240649.39,107867.93,84223.49,188597.25,185455.94,632575.56,209562.6,83.45,25604.08,5,3.68,10,4812219.46,1994875.34,1801168.4,193706.94,2039.83,12,53112.53,Energy optimization; Vendor consolidation,Low,282.32
FAC-010,IT Park,2026-04,362504.82,1030091.53,92244.02,110227.09,128292.38,915612.34,1526462.04,340750.44,65.42,48722.24,11,26.25,4,12715185.57,4090650.93,4413940.64,-323289.71,1648.22,12,84929.21,Energy optimization; Predictive maintenance,Low,179.67
FAC-016,IT Park,2026-10,575551.75,2548984.13,154185.35,75453.86,210587.0,3138390.84,4817946.11,207351.11,62.1,56898.24,14,18.77,4,33172805.55,13487818.29,11574264.8,1913553.48,1219.37,12,47529.92,Energy optimization; Predictive maintenance,Low,92.61
FAC-011,Corporate Office,2026-10,255660.9,1925637.29,89516.43,190116.91,122496.57,2937724.42,6213926.94,208471.69,94.73,33958.57,11,12.48,5,36481899.63,12819877.65,11854034.71,965842.94,1584.98,11,75955.28,Energy optimization; Predictive maintenance,Low,173.45
FAC-012,IT Park,2026-04,459834.14,3088434.73,158373.67,40625.14,101788.72,2074821.84,5542662.02,147631.1,47.91,44821.56,4,3.17,2,43411885.19,11007653.53,11455797.69,-448144.16,1220.0,6,338873.66,Energy optimization; Space/resource optimization,Low,160.92
FAC-010,University,2025-10,632983.0,2164318.42,246725.33,73707.14,154121.79,1275062.18,5950662.6,288104.4,72.64,55260.36,15,31.43,3,29010526.59,11493034.42,10538959.53,954074.89,1652.39,12,51419.73,Energy optimization; Predictive maintenance,Low,343.59
FAC-024,University,2025-02,237846.55,1064123.98,65221.34,99658.92,156675.72,540822.75,1956541.37,138063.78,71.43,22888.4,10,7.44,1,12837644.36,4512088.65,4193733.06,318355.59,1498.3,11,37065.56,Energy optimization; Predictive maintenance,Low,367.92
FAC-022,Corporate Office,2025-07,590614.02,2233238.88,209587.65,70470.56,170770.3,2183859.54,3005622.29,167617.05,56.1,63777.59,6,11.89,4,31901190.08,9417456.21,8422192.65,995263.56,1326.12,5,29360.72,Energy optimization,Low,146.26
FAC-012,IT Park,2026-11,310090.83,2976839.82,106514.13,49885.55,152833.3,2851462.79,7882540.74,138990.47,51.44,33765.26,7,6.93,0,44862318.36,16113647.47,14362643.51,1751003.96,1657.55,6,164471.87,Energy optimization; Space/resource optimization,Low,169.03
FAC-002,University,2026-06,436417.79,861555.37,144018.18,41576.42,114964.99,1665564.59,2883170.88,141820.84,80.87,44265.7,3,3.76,1,14124619.37,6782725.71,6145070.89,637654.82,1484.32,7,31624.68,Energy optimization,Low,104.3
FAC-011,Hospital,2026-08,86535.9,779711.33,32336.63,89718.91,170383.23,2043163.75,3882591.6,240529.84,67.5,9513.95,6,4.05,5,13606638.41,7545828.76,7292634.55,253194.21,1401.08,5,6091.85,Security process optimization,Low,186.67
FAC-024,Corporate Office,2025-05,343168.57,1578646.73,99929.86,5523.35,117355.07,1532659.85,3490579.13,146998.64,52.57,38473.61,1,2.9,3,25506182.17,7260949.96,7214931.34,46018.62,1231.64,3,102243.71,Energy optimization; Space/resource optimization,Low,122.62
FAC-016,IT Park,2026-04,98294.0,1435886.54,37021.2,131530.41,80660.17,1515600.79,5128807.28,250826.38,60.46,10794.2,13,27.04,2,22478859.19,8992367.91,8641605.56,350762.34,1396.28,9,34650.86,Predictive maintenance; Vendor consolidation,Low,219.03
FAC-024,University,2025-11,410591.91,3582244.57,115085.42,123376.69,125227.1,3822176.92,6877583.43,100731.0,77.48,37928.92,8,13.53,6,47491108.94,14378521.8,15041931.62,-663409.82,1543.55,4,25869.71,Energy optimization; Security process optimization,Low,279.68
FAC-016,Corporate Office,2025-09,55295.84,1798016.91,14144.72,45659.7,111709.37,1442964.28,3177037.85,209964.63,82.75,6221.57,3,14.29,2,32758238.04,7732883.01,6840648.58,892234.43,1032.08,6,124127.89,Routine monitoring,Low,125.94
FAC-008,Corporate Office,2025-03,407786.31,1072297.94,110802.68,50954.02,84364.79,977899.13,3110820.17,168052.78,50.48,37618.52,5,1.93,2,15007697.85,5821767.11,5872175.13,-50408.01,1224.9,5,168628.22,Energy optimization; Space/resource optimization,Low,391.78
FAC-005,Hospital,2025-11,176034.34,1876203.14,58166.72,170600.26,147462.39,1747598.32,6097578.43,157571.64,76.62,24424.44,12,27.36,4,37603987.38,10532339.09,10373048.52,159290.57,1164.73,7,28059.04,Energy optimization; Predictive maintenance,Low,165.72
FAC-024,University,2025-08,272435.96,994986.87,112487.17,119727.15,80862.21,2011796.49,4019898.89,287616.78,49.83,25367.26,16,10.09,4,18678605.82,7819127.41,7787324.35,31803.06,1516.52,9,202924.8,Energy optimization; Predictive maintenance,Low,121.77
FAC-003,Corporate Office,2026-01,343939.69,1214300.17,104769.53,73995.17,144510.97,2204380.46,5587690.87,290386.74,66.25,33403.46,15,12.98,1,19643379.79,11076327.52,9859204.07,1217123.45,1515.87,11,86391.45,Energy optimization; Predictive maintenance,Low,249.57
FAC-030,Corporate Office,2026-06,492237.21,1825003.89,135089.89,89780.19,138851.28,1631537.94,2433198.24,238935.28,85.01,55242.29,5,4.58,6,24035952.36,7562457.81,6849544.03,712913.79,1478.11,6,36200.85,Energy optimization; Security process optimization,Low,99.8
FAC-002,Corporate Office,2026-08,617587.82,674221.56,221405.84,91353.73,98159.0,860250.38,1402217.29,177016.18,43.08,67904.37,8,3.65,3,8366632.77,4322362.53,3920805.97,401556.56,1527.98,4,154579.33,Energy optimization; Space/resource optimization,Low,104.88
FAC-022,Corporate Office,2026-01,796007.53,156440.01,221290.18,216254.72,115528.5,207622.79,566060.83,311289.45,76.03,83764.3,18,2.59,2,3175547.38,2520727.11,2369203.83,151523.28,3258.88,11,94580.64,Energy optimization; Predictive maintenance,Low,165.58
FAC-003,IT Park,2026-01,559267.18,1675002.52,206856.53,68670.7,202537.29,1321174.89,4919240.07,155630.69,76.74,71977.75,4,3.97,8,29612274.95,8262357.74,8901523.34,-639165.61,1427.67,6,48115.37,Energy optimization; Security process optimization,Low,209.68
FAC-017,Hospital,2025-05,251220.06,1411721.53,76413.22,185009.78,194652.57,3254994.38,5551990.0,221865.8,68.35,28562.82,14,10.49,5,24737218.82,11004117.43,11071454.12,-67336.69,1155.44,11,76526.21,Energy optimization; Predictive maintenance,Low,239.35
FAC-006,Corporate Office,2026-08,92695.64,1810757.58,27182.83,114463.52,73577.91,3196573.48,5121434.56,225118.92,90.92,12472.74,14,4.41,2,33063110.71,11105388.86,10634621.62,470767.24,1191.95,9,30734.02,Predictive maintenance; Vendor consolidation,Low,286.75
FAC-014,IT Park,2026-11,495323.94,3240232.01,136379.2,111763.81,85160.54,2766466.29,3069396.94,260492.47,55.32,43597.69,10,2.22,5,38488248.92,11315727.18,10028835.99,1286891.19,1478.53,8,46676.1,Energy optimization; Predictive maintenance,Low,230.9
FAC-029,Corporate Office,2025-07,137136.94,448877.96,43453.45,115943.75,125014.36,1071189.58,1509975.76,197585.89,48.72,13911.09,11,7.22,5,8127028.28,3582857.57,3605724.25,-22866.68,1274.56,7,164711.51,Energy optimization; Predictive maintenance,Low,211.11
FAC-005,IT Park,2026-01,482892.43,3509609.45,135007.98,159180.92,167969.75,3138739.75,7010229.99,291222.92,77.28,46105.3,13,21.75,4,49244370.45,15422187.14,14759845.2,662341.94,1498.01,7,50087.74,Energy optimization; Predictive maintenance,Low,352.62
FAC-029,Corporate Office,2025-10,551046.21,863787.39,154068.21,229467.2,110202.21,1728674.29,2410610.7,222238.21,68.78,48417.59,13,20.63,5,14519241.51,7027402.21,6116026.22,911375.99,1397.95,8,86388.9,Energy optimization; Predictive maintenance,Low,95.92
FAC-017,Corporate Office,2026-08,590684.81,2089314.53,217343.68,90407.54,73138.96,1642891.39,3471320.54,327521.85,47.04,52552.25,12,15.18,2,28181219.3,7682539.9,8285279.62,-602739.72,1645.86,11,248459.02,Energy optimization; Predictive maintenance,Low,82.21
FAC-008,Hospital,2026-05,470186.2,790024.38,182081.52,134200.77,66962.87,905455.43,2027615.32,138599.58,66.89,60321.06,12,6.08,3,17200653.33,5073725.57,4533044.54,540681.02,1204.96,3,55804.04,Energy optimization; Predictive maintenance,Low,324.35
FAC-024,IT Park,2026-03,63096.32,823390.47,24858.52,152625.31,98960.82,776358.88,2615848.81,324154.1,65.41,7866.23,9,14.55,2,9892661.94,5089376.82,4854434.72,234942.11,1753.77,9,32645.79,Vendor consolidation,Low,255.4
FAC-024,IT Park,2025-10,365682.97,3314551.63,142999.69,59989.58,84728.53,2766549.86,5366953.19,180272.48,28.01,32296.63,4,6.03,8,44543957.56,11463764.37,12138728.24,-674963.87,1214.97,11,369745.04,Energy optimization; Space/resource optimization,Low,206.22
FAC-015,Hospital,2026-12,171060.51,3100377.57,56823.36,48827.1,126465.56,2301870.01,7319652.34,243328.44,65.74,23547.93,9,14.42,1,36788215.37,14098146.43,13311581.54,786564.88,1637.95,5,7635.71,Energy optimization,Low,296.31
FAC-022,IT Park,2026-08,305921.05,1538121.14,76699.03,177655.44,114423.63,2825664.16,4967797.17,194338.72,51.51,28900.38,11,17.24,2,27016039.99,9471666.72,10123921.32,-652254.6,1167.83,6,318119.6,Energy optimization; Predictive maintenance,Low,155.35
FAC-008,University,2026-06,340492.01,218554.95,117932.87,53128.48,126027.62,545350.97,1291608.08,261648.06,65.51,30854.0,7,8.9,1,4404333.55,3018809.06,2836810.17,181998.89,2081.3,5,12313.89,Energy optimization,Low,125.32
FAC-030,Hospital,2025-01,243698.54,831061.94,76011.81,62416.39,153128.12,889073.41,3320752.57,133691.96,75.07,23820.22,7,9.43,1,18341867.58,5938987.67,5633822.94,305164.73,1186.07,5,17201.26,Energy optimization,Low,186.56
FAC-014,Corporate Office,2026-02,345318.38,2454984.82,111091.96,87824.53,183966.32,2915085.54,3990633.05,108766.08,68.66,37173.99,7,8.31,5,29827800.03,11706641.77,10086578.72,1620063.05,1194.38,5,25520.11,Energy optimization; Security process optimization,Low,93.37
FAC-010,University,2025-03,270894.85,1452712.13,101359.2,216738.59,129979.65,2143583.02,2761720.08,125123.02,63.52,34752.55,14,20.47,4,24516156.86,8275160.38,7100751.33,1174409.05,1255.66,7,44853.76,Energy optimization; Predictive maintenance,Low,232.37
FAC-029,IT Park,2026-02,64853.48,1155941.41,20696.67,52319.38,105179.66,668718.34,2860754.73,262506.62,46.91,7016.08,4,11.98,3,18409425.41,5733430.27,5170273.63,563156.64,1512.22,12,61246.43,Space/resource optimization; Vendor consolidation,Low,175.77
FAC-023,Corporate Office,2025-02,70360.01,3626253.94,26932.82,60485.17,141693.73,2180080.76,4574594.26,279383.19,50.14,9813.43,6,6.91,4,50835310.35,10847309.49,10932851.06,-85541.57,1133.29,9,236069.23,Space/resource optimization; Vendor consolidation,Low,124.38
FAC-014,Corporate Office,2025-11,173187.43,162120.68,47575.06,64154.4,59926.9,332085.3,439968.09,210597.45,86.44,20872.92,5,6.93,2,2170121.46,1654394.79,1442040.25,212354.55,1710.61,9,34701.91,Energy optimization; Vendor consolidation,Low,203.78
FAC-029,Corporate Office,2025-08,121231.05,407911.97,37802.73,161166.0,109340.34,194940.34,680793.16,295192.8,56.77,12702.79,12,10.81,0,5246707.86,2308213.07,1970575.65,337637.42,2100.83,7,17576.44,Energy optimization; Predictive maintenance,Low,172.66
FAC-013,University,2025-08,197668.12,979548.35,83018.58,68765.69,129333.99,915188.23,3145638.2,193983.39,75.44,26188.84,15,41.08,2,16717886.26,5642379.04,5630125.98,12253.07,1594.94,9,45147.6,Energy optimization; Predictive maintenance,Low,86.16
FAC-021,Corporate Office,2026-01,354434.65,2002953.94,133783.05,48995.96,146936.04,1092552.0,2553732.97,181163.87,29.68,32147.63,7,10.39,6,23836675.17,6216470.04,6380769.44,-164299.4,1382.02,5,139565.96,Energy optimization; Space/resource optimization,Low,86.8
FAC-013,Hospital,2025-04,56772.67,1128681.78,16003.01,107564.46,146914.96,1553899.71,3020104.06,217078.99,62.24,7298.22,10,20.06,3,24174645.81,6590577.06,6231016.63,359560.43,1166.42,3,14910.61,Predictive maintenance,Low,274.74
FAC-030,IT Park,2026-02,39619.2,1336413.71,13123.87,77124.4,85733.65,1408677.65,2656666.52,242695.98,73.22,4578.69,5,11.21,6,18731807.31,5526795.01,5846931.1,-320136.09,1587.98,9,37690.64,Vendor consolidation; Security process optimization,Low,114.13
FAC-001,University,2025-02,111395.62,1482858.2,45676.82,187606.37,161208.71,1527726.37,2850746.69,408047.64,75.63,15407.81,14,20.3,3,18780369.46,7347240.68,6729589.59,617651.09,1082.1,12,86185.67,Energy optimization; Predictive maintenance,Low,209.67
FAC-008,Hospital,2025-08,492310.02,1723976.74,173844.33,77408.82,185505.8,1058359.69,2987166.02,117476.64,85.65,43033.92,6,9.53,1,25051974.17,6527342.36,6642203.73,-114861.37,1341.59,3,28501.17,Energy optimization,Low,96.75
FAC-008,Corporate Office,2026-06,89750.76,139827.91,27859.76,119407.73,146811.92,150504.71,431243.83,241727.29,56.5,10143.6,11,7.51,2,3034811.36,1398999.16,1319274.16,79724.99,1579.97,6,11447.66,Predictive maintenance,Low,278.81
FAC-024,Corporate Office,2026-01,474367.61,929890.94,153327.35,32082.72,136294.95,1479878.62,3394474.15,225890.72,63.52,44493.87,7,16.06,4,18720419.55,6911674.08,6672879.7,238794.37,1231.84,5,23074.48,Energy optimization,Low,128.38
FAC-012,University,2026-01,187282.75,1262790.07,52103.66,184893.3,100939.13,1046277.35,2030833.92,171099.43,82.1,24503.79,13,50.3,4,16995161.95,5763154.5,4984115.95,779038.55,1159.64,10,53443.0,Energy optimization; Predictive maintenance,Low,174.75
FAC-009,IT Park,2025-08,418998.23,2437434.8,134261.73,26523.14,120824.3,2461951.98,5868672.8,183420.09,84.51,40124.65,3,6.61,4,40184897.72,13375408.5,11517825.34,1857583.15,1311.38,7,23261.98,Energy optimization,Low,312.64
FAC-026,University,2025-01,458910.48,3198283.62,179733.92,30903.91,160644.81,2407989.54,3732688.36,190408.98,84.45,39965.72,4,8.8,4,38416209.0,10769440.15,10179829.7,589610.45,1394.88,5,44928.95,Energy optimization,Low,176.55
FAC-019,Corporate Office,2026-07,67629.16,1614752.95,23137.66,183634.06,116135.92,3253268.27,5285035.72,403464.39,66.95,7554.38,11,21.83,5,20784323.85,10166743.95,10923920.46,-757176.51,1340.69,11,74434.53,Predictive maintenance; Vendor consolidation,Low,181.18
FAC-011,University,2025-03,96992.94,413559.48,33298.81,308313.71,126125.69,620210.56,1361957.97,244166.44,54.56,8634.05,18,40.11,3,5604280.56,3616435.77,3171326.79,445108.99,1573.08,5,106589.24,Predictive maintenance; Space/resource optimization,Low,337.5
FAC-023,IT Park,2025-03,371888.94,909495.4,136387.25,81261.12,76355.59,1324066.29,4470423.04,277486.44,62.65,43806.18,17,15.84,1,18839056.13,7624914.67,7510976.81,113937.86,1364.89,6,27340.47,Energy optimization; Predictive maintenance,Low,226.95
FAC-015,IT Park,2025-01,493949.46,1849990.53,135592.1,116519.48,117538.49,2048546.97,6504901.74,225957.34,67.44,45917.48,10,17.72,8,27051029.38,12051754.38,11357404.01,694350.37,1295.62,5,45976.36,Energy optimization; Predictive maintenance,Low,184.01
FAC-011,IT Park,2026-07,145770.1,2294429.82,36809.96,118832.85,156864.53,2064029.04,4482319.36,217174.86,92.86,17265.43,8,5.63,5,28193876.66,9426325.43,9479420.56,-53095.14,1802.17,9,39982.23,Energy optimization; Vendor consolidation,Low,83.67
FAC-023,IT Park,2025-05,299211.14,2058002.55,107727.98,153899.33,70439.74,2556768.2,5677730.19,231017.23,75.77,40679.16,15,18.19,1,30889599.05,11681352.35,11047068.38,634283.98,1330.65,4,49968.02,Energy optimization; Predictive maintenance,Low,281.18
FAC-030,Hospital,2026-10,196675.82,2090491.72,79235.78,70389.83,171739.47,1701174.12,4284972.83,250242.28,85.97,21772.94,11,17.6,0,25244379.4,8652691.99,8765686.06,-112994.07,1581.68,12,46541.71,Energy optimization; Predictive maintenance,Low,143.65
FAC-028,University,2025-04,47702.07,1600383.57,16759.01,53475.26,68144.78,1634935.9,4649073.14,204899.59,66.41,6156.89,4,3.26,3,34546894.98,8028920.8,8258614.31,-229693.51,1307.78,9,15664.47,Vendor consolidation,Low,346.72
FAC-016,University,2026-06,718456.28,1070912.94,241808.28,186719.62,168333.28,1400581.44,3572075.0,272322.72,72.82,63127.07,13,3.81,3,20916617.85,6868125.57,7389401.28,-521275.71,1741.96,10,96186.4,Energy optimization; Predictive maintenance,Low,162.36
FAC-024,Hospital,2026-10,402920.4,1680845.1,167413.6,129703.02,109233.44,3167719.39,6534463.0,86136.48,48.83,43725.94,14,12.82,0,33066469.63,14051324.79,12111020.83,1940303.96,1552.89,4,501655.31,Energy optimization; Predictive maintenance,Low,322.23
FAC-017,University,2026-04,507826.59,1160931.39,135620.76,195299.48,153464.35,2812253.42,3878039.66,344481.94,76.29,45662.12,13,20.15,1,20526521.45,10356320.69,9052296.83,1304023.86,1137.94,11,73799.69,Energy optimization; Predictive maintenance,Low,161.0
FAC-013,Hospital,2025-11,145755.61,3209502.5,48420.83,166387.0,104711.39,1979927.21,7453764.01,247194.49,30.73,19441.52,10,8.11,1,47541276.66,12387014.14,13307242.2,-920228.06,1582.88,8,159104.23,Energy optimization; Predictive maintenance,Low,83.64
FAC-007,Corporate Office,2025-11,380251.37,1788617.63,123941.41,137004.74,161982.96,1253220.74,2873269.23,295864.42,85.67,54233.08,22,52.62,3,24747469.38,7456646.11,6890211.09,566435.03,1461.03,10,47410.37,Energy optimization; Predictive maintenance,Low,238.39
FAC-027,Corporate Office,2026-09,245730.25,1313765.62,84408.68,99428.03,202598.94,1075616.18,1937309.97,290090.93,74.0,26661.76,13,39.99,12,15957831.66,5477575.83,5164539.92,313035.91,1297.3,12,80464.29,Energy optimization; Predictive maintenance,Low,121.47
FAC-019,Corporate Office,2025-04,237836.46,378947.45,89537.0,80984.12,160158.82,718004.46,1585981.24,171207.97,76.71,33144.35,5,1.29,5,5961496.12,3099613.03,3333120.51,-233507.49,1799.74,5,27846.07,Energy optimization; Security process optimization,Low,84.35
FAC-021,University,2026-08,408695.01,503559.77,171242.03,77109.35,144200.44,831657.3,2056597.67,174737.77,48.44,44985.01,8,8.58,4,10489130.33,4344331.03,4196557.31,147773.72,1702.46,7,94116.92,Energy optimization; Space/resource optimization,Low,109.76
FAC-015,Hospital,2026-09,141138.65,1227481.22,42211.63,133166.39,48640.16,2913765.29,5428634.5,130966.89,82.11,14955.24,9,24.66,1,25253683.52,10468263.15,10023793.1,444470.05,1392.19,6,21999.59,Energy optimization; Predictive maintenance,Low,97.82
FAC-021,University,2025-04,402768.29,1530348.18,165786.01,82862.81,75911.49,962645.1,2122004.41,241855.55,81.04,49360.01,5,5.07,6,20395238.39,6279009.35,5418395.83,860613.53,1241.33,8,34588.26,Energy optimization; Security process optimization,Low,174.69
FAC-027,IT Park,2025-02,246542.3,2374262.43,66689.18,116030.2,153792.77,1343254.04,5139111.18,253901.79,90.09,26148.63,10,9.53,3,30876058.49,9067046.2,9626894.71,-559848.51,1585.2,6,17559.57,Energy optimization; Predictive maintenance,Low,109.87
FAC-008,Corporate Office,2026-09,265536.88,410502.66,76245.05,31790.79,159873.47,402977.61,658325.59,123713.27,59.83,30706.86,5,8.16,2,6953870.33,2211615.3,2052720.26,158895.03,1501.62,4,14006.98,Energy optimization,Low,210.85
FAC-003,IT Park,2026-11,154428.4,1240872.86,62096.29,75851.45,75137.44,1147133.22,1682465.68,124547.34,66.85,14142.09,9,2.41,2,17029378.91,4634753.78,4500436.38,134317.4,1419.7,3,10004.35,Energy optimization,Low,117.06
FAC-003,IT Park,2026-08,257051.22,872919.95,100301.27,166891.97,113635.64,765664.3,2156327.23,193028.69,51.3,25205.2,15,8.48,2,14964161.47,5097847.93,4525519.0,572328.93,1214.25,3,143996.96,Energy optimization; Predictive maintenance,Low,275.97
FAC-017,Corporate Office,2025-11,413067.01,1613348.61,118033.31,33429.65,178970.9,951954.51,1650099.65,295272.39,49.22,41326.83,7,1.12,4,19223001.25,5506032.77,5136142.72,369890.05,1404.08,10,140688.88,Energy optimization; Space/resource optimization,Low,388.14
FAC-023,IT Park,2026-03,517768.97,2352397.41,170822.0,239210.82,62012.83,1819783.09,4436200.53,107055.64,77.26,49083.66,14,48.62,1,35194937.28,9942479.68,9534429.3,408050.38,1326.25,4,64583.95,Energy optimization; Predictive maintenance,Low,105.83
FAC-009,Corporate Office,2026-08,394087.1,1518726.25,141428.15,71221.47,160668.23,1432020.73,2120582.54,168891.74,98.0,36098.94,4,3.71,0,25116744.14,6407619.08,5866198.04,541421.04,1311.76,11,50371.13,Energy optimization; Vendor consolidation,Low,114.72
FAC-005,Corporate Office,2026-02,247854.5,366690.21,66879.34,114371.16,118648.35,345452.5,701121.05,320975.79,87.1,33765.25,12,7.38,4,5101079.44,2554861.29,2215113.56,339747.72,2305.01,7,19040.42,Energy optimization; Predictive maintenance,Low,94.04
FAC-018,Corporate Office,2025-11,431856.68,823887.9,171098.07,139490.27,203194.79,1394767.5,3307081.78,207697.11,59.57,56450.57,10,3.64,4,17868636.7,7053656.84,6507976.04,545680.8,1436.32,8,30720.05,Energy optimization; Predictive maintenance,Low,259.24
FAC-030,IT Park,2026-07,57316.76,2591854.06,21718.25,191735.81,173150.23,2864698.5,6414443.84,180281.55,64.04,8028.59,15,7.23,0,34553247.01,13898829.07,12473480.74,1425348.33,1423.59,3,16505.21,Predictive maintenance,Low,275.12
FAC-018,IT Park,2026-09,238894.38,1625518.27,70925.95,93650.37,180422.57,1558151.68,3633264.61,207775.9,66.7,21208.24,6,4.39,2,20943142.01,7738021.5,7537677.79,200343.71,1238.12,11,37125.45,Energy optimization; Vendor consolidation,Low,164.38
FAC-024,University,2026-08,322202.66,3341860.13,108341.6,331900.71,173708.37,1947998.18,5027286.87,282644.31,67.73,40465.89,20,4.45,3,46557180.36,12667672.7,11427601.23,1240071.47,1209.27,6,67965.72,Energy optimization; Predictive maintenance,Low,150.89
FAC-009,Corporate Office,2025-10,857704.5,2253913.6,300040.58,12900.98,188808.6,1030845.48,3522444.17,177761.17,74.22,80620.75,2,10.57,4,26929141.57,8088490.9,8044378.5,44112.41,1633.38,5,32820.53,Energy optimization,Low,126.19
FAC-013,University,2026-08,330718.77,376949.15,94738.43,55346.8,146452.1,816550.59,1474416.07,105549.02,75.84,39879.24,4,3.09,4,7488991.64,3477886.71,3305982.5,171904.21,1240.05,3,17658.65,Energy optimization,Low,114.65
FAC-015,IT Park,2026-12,476895.29,1471138.42,119591.78,72188.51,158176.95,1101625.6,3535385.97,301528.44,66.67,45783.32,5,3.2,7,20084264.32,8158048.5,7116939.18,1041109.31,1796.3,11,81737.04,Energy optimization; Vendor consolidation,Low,114.47
FAC-020,Hospital,2025-05,503139.93,451503.65,148457.26,124906.66,122861.27,588445.95,1335151.78,197228.72,73.3,49688.05,11,5.29,7,8517258.74,3719236.02,3323237.94,395998.07,1812.02,12,68141.71,Energy optimization; Predictive maintenance,Low,89.55
FAC-018,University,2025-11,221669.06,2715476.55,89128.97,53919.24,166167.12,2528010.68,4555266.7,220472.53,54.13,31217.26,8,28.97,2,41812805.66,11900455.36,10460981.88,1439473.48,1146.28,9,287310.8,Energy optimization; Predictive maintenance,Low,114.06
FAC-015,IT Park,2026-06,203637.58,2450253.96,84342.17,120800.73,130854.53,2633384.58,3407396.64,85860.42,87.25,20679.24,8,6.14,6,35212162.16,8432461.83,9032188.44,-599726.61,1241.37,6,22804.83,Energy optimization; Security process optimization,Low,263.81
FAC-018,University,2026-04,349492.27,2751570.63,100688.33,51153.55,124451.36,2195624.65,7429504.71,288696.18,81.11,46304.76,4,7.87,4,34568336.4,14823686.8,13190493.35,1633193.45,1583.68,12,74234.39,Energy optimization; Vendor consolidation,Low,113.81
FAC-016,IT Park,2026-02,56917.57,2212592.35,20044.03,100652.25,188318.7,1517840.07,2690379.86,325622.2,64.72,7295.19,14,4.13,8,26063379.47,6741033.75,7092323.01,-351289.26,1313.15,10,59893.94,Predictive maintenance; Vendor consolidation,Low,282.82
FAC-003,Hospital,2025-06,545016.26,1138256.23,208617.77,53879.88,113446.18,1535570.78,2631146.42,167038.37,50.82,59310.37,5,1.12,0,14224961.77,5947926.81,6184354.11,-236427.31,1386.32,10,200179.47,Energy optimization; Space/resource optimization,Low,145.85
FAC-008,Corporate Office,2025-07,545651.07,2315660.44,156245.94,110314.06,127362.03,2445369.2,6027879.58,105722.78,65.13,48524.9,7,3.25,3,39319204.4,11877706.44,11677959.16,199747.28,1195.78,6,26127.7,Energy optimization,Low,324.67
FAC-005,Corporate Office,2026-07,109431.43,395164.76,34513.4,81835.53,151881.26,397348.63,673211.97,164239.16,79.04,13343.01,8,10.01,2,5153735.06,2243114.56,1973112.73,270001.82,1577.23,5,9034.67,Energy optimization,Low,108.78
FAC-003,IT Park,2026-02,260485.92,735555.1,107736.06,37703.31,166049.45,948031.7,1958046.17,105416.93,74.92,33750.24,4,6.78,1,12926169.21,4104603.47,4211288.57,-106685.1,1314.38,5,14527.48,Energy optimization,Low,270.48
FAC-007,Hospital,2025-02,294376.28,2678066.04,91991.25,69632.26,176518.01,1779062.61,5013695.47,158042.87,88.62,33643.9,8,1.37,10,41068989.14,11330243.23,10169393.55,1160849.68,1231.91,7,36532.28,Energy optimization; Security process optimization,Low,216.27
FAC-008,Hospital,2025-08,431234.51,463599.55,176842.42,40005.72,155087.04,552038.48,752611.7,240613.57,84.67,50804.58,4,4.23,0,7267167.33,2770902.23,2635190.57,135711.66,1689.22,10,51377.3,Energy optimization; Vendor consolidation,Low,141.53
FAC-009,Hospital,2026-07,157180.25,2476760.84,59125.4,157462.3,82895.85,2968141.18,4864426.14,244239.36,82.39,21593.53,10,30.63,3,34444598.09,12609288.99,10951105.92,1658183.07,1343.36,12,39477.07,Energy optimization; Predictive maintenance,Low,133.86
FAC-010,Corporate Office,2025-12,610165.54,1463683.93,229291.31,136903.74,101856.96,2519830.59,6212016.12,217064.71,46.89,53319.04,10,10.32,6,22581923.5,10481896.17,11261521.58,-779625.42,1344.98,7,292009.41,Energy optimization; Predictive maintenance,Low,104.28
FAC-008,University,2026-06,38135.25,543592.16,10195.68,67861.74,97704.95,846773.46,2375410.14,235968.99,40.12,4058.02,7,4.91,6,8543082.1,3905932.27,4205446.69,-299514.42,1271.68,8,118220.79,Space/resource optimization; Security process optimization,Low,335.44
FAC-027,Corporate Office,2025-06,233477.58,2054687.18,65604.66,100813.03,50513.47,3132035.43,6052963.1,199241.42,57.1,32056.04,15,10.4,0,33285399.51,12974824.07,11823731.21,1151092.86,1413.14,7,27855.07,Energy optimization; Predictive maintenance,Low,204.62
FAC-018,Corporate Office,2025-03,232490.11,1292498.16,66011.51,87521.91,126280.25,1057197.53,4059925.84,301418.35,80.36,23115.5,13,13.06,2,23081478.69,6840743.41,7157332.16,-316588.75,1591.58,10,52473.37,Energy optimization; Predictive maintenance,Low,167.12
FAC-010,Corporate Office,2025-07,106367.98,355672.57,44383.01,85897.65,87695.11,546954.84,1605965.46,319327.11,74.88,14357.72,13,19.59,3,7568819.0,3234507.76,3107880.73,126627.03,1734.31,11,55285.41,Energy optimization; Predictive maintenance,Low,396.82
FAC-022,University,2026-07,150174.34,1629977.08,55181.85,14837.83,139914.96,2966458.99,3701893.43,203859.52,98.0,14751.23,3,4.37,1,22716639.1,9748274.6,8807116.15,941158.46,1170.07,11,45159.85,Energy optimization; Vendor consolidation,Low,87.27
FAC-001,Corporate Office,2026-06,124976.03,1807110.25,44831.26,46179.82,122613.35,1618364.98,2625814.94,165119.85,65.45,12607.64,10,17.48,3,22724869.41,6328925.54,6510179.23,-181253.68,1589.01,7,8557.34,Energy optimization; Predictive maintenance,Low,88.74
FAC-005,IT Park,2026-06,597727.33,504424.46,241089.12,237672.19,98336.47,361040.96,1030365.99,324667.86,72.09,57051.81,15,23.21,4,6513370.88,3021635.62,3154235.26,-132599.64,2015.49,10,93532.27,Energy optimization; Predictive maintenance,Low,267.91
FAC-020,IT Park,2026-02,141879.47,484251.29,48299.84,55745.86,115227.02,1151734.96,2327926.05,176916.81,67.61,13504.91,4,7.15,3,8377025.38,5174971.96,4453681.45,721290.51,1448.35,5,8894.5,Energy optimization,Low,296.61
FAC-019,Corporate Office,2025-10,594173.39,1135655.76,209734.34,27872.82,130600.79,788202.44,2601712.07,137696.13,74.09,75332.35,4,5.56,6,23072246.96,6050526.33,5415913.41,634612.93,1316.46,6,57488.31,Energy optimization; Security process optimization,Low,153.64
FAC-017,Corporate Office,2026-10,332682.38,1633128.26,109802.11,114676.17,104062.54,1071039.81,2556728.3,122817.17,66.85,33839.15,21,82.7,1,24522268.59,6820556.06,5935134.63,885421.43,1258.24,9,45995.47,Energy optimization; Predictive maintenance,Low,93.79
FAC-002,Hospital,2025-08,84368.36,95317.54,23796.13,73178.7,165794.71,150271.25,585250.54,256417.68,77.13,11310.64,5,19.22,1,1809504.13,1392277.35,1410598.77,-18321.41,1995.19,8,51588.84,Routine monitoring,Low,85.18
FAC-011,Corporate Office,2025-10,192206.65,339000.97,64513.73,94415.02,131291.78,412948.95,950169.84,164963.56,65.19,16999.87,6,19.05,6,4549179.59,2648821.31,2284996.77,363824.54,1775.44,4,17989.26,Energy optimization; Security process optimization,Low,123.31
FAC-024,Corporate Office,2025-05,240165.07,877579.89,100050.74,104521.95,94527.91,1239442.78,2394793.66,234696.5,74.92,31643.43,7,2.48,5,17927389.45,5981971.52,5185727.74,796243.78,1554.01,10,61999.98,Energy optimization; Vendor consolidation,Low,355.57
FAC-015,Corporate Office,2025-04,643513.45,650606.94,239012.0,49933.02,110118.01,693517.82,1073924.35,141781.78,77.65,67265.68,3,1.82,1,9149126.69,3790319.14,3363395.37,426923.76,1498.84,4,34123.33,Energy optimization,Low,139.21
FAC-017,IT Park,2026-09,372506.16,1362290.77,136577.22,58244.36,155556.65,1115842.13,2377411.31,240694.54,65.22,41849.08,9,15.0,6,17607814.12,5813703.16,5682545.93,131157.23,1477.14,7,38142.77,Energy optimization; Security process optimization,Low,124.96
FAC-022,IT Park,2026-07,265060.24,701209.82,96582.31,260189.33,192815.62,634294.86,1386602.38,265681.12,91.91,30508.06,15,11.39,2,8664219.55,4111704.67,3705853.38,405851.29,1779.95,6,44264.72,Energy optimization; Predictive maintenance,Low,158.94
FAC-020,IT Park,2026-03,353825.02,1818386.5,134778.61,20180.76,189162.28,3301991.77,5341825.25,202508.98,87.66,31020.07,3,5.18,2,32022627.54,13102920.71,11227880.58,1875040.13,1285.98,11,55658.7,Energy optimization; Vendor consolidation,Low,123.78
FAC-004,Hospital,2026-03,745644.22,317775.63,241834.04,24080.18,195501.24,296881.38,708725.75,183619.15,77.27,67551.22,4,1.88,4,5630441.94,2489926.44,2472227.55,17698.89,1816.48,12,59240.41,Energy optimization; Vendor consolidation,Low,125.92
FAC-023,Corporate Office,2026-08,392023.08,955356.62,116548.59,139702.83,72882.13,1914574.78,4182636.73,236913.01,84.16,46737.76,14,25.17,4,16023718.59,8879297.12,7894089.18,985207.94,1277.98,9,59021.08,Energy optimization; Predictive maintenance,Low,146.37
FAC-017,Corporate Office,2026-12,226820.03,499554.9,61292.07,184610.3,75904.57,713460.6,1482014.78,284322.18,85.25,20572.3,14,12.05,3,6090409.95,3524615.55,3466687.36,57928.2,1865.82,12,72511.95,Energy optimization; Predictive maintenance,Low,236.93
FAC-015,IT Park,2026-01,538342.31,1768570.62,158653.26,31891.08,151760.68,1807189.13,4126401.5,224747.31,83.18,47630.94,4,6.44,1,23504959.62,8094246.36,8648902.63,-554656.27,1319.03,5,22523.19,Energy optimization,Low,233.13
FAC-011,University,2026-09,405548.92,1654374.91,103816.57,126975.21,142967.82,2058340.07,4764658.3,202679.66,69.86,37516.61,8,18.14,1,26704531.51,8995570.52,9355544.88,-359974.36,1572.89,12,36376.22,Energy optimization; Vendor consolidation,Low,130.48
FAC-006,Hospital,2025-07,244371.09,89252.58,95927.27,124622.03,178590.68,167086.78,327678.27,212612.66,62.47,30230.02,12,20.29,6,1499859.66,1445746.13,1344214.1,101532.03,3185.34,4,31992.03,Energy optimization; Predictive maintenance,Low,249.52
FAC-008,Corporate Office,2025-07,202317.08,635146.45,66666.9,113882.57,182144.86,1124157.17,2893464.73,152768.4,85.2,21427.27,9,12.41,7,14055820.27,5095866.58,5303881.27,-208014.68,1433.48,6,25164.55,Energy optimization; Security process optimization,Low,97.23
FAC-016,Hospital,2025-10,501512.85,2506987.07,187718.99,73152.58,152334.33,2559166.0,4525269.15,257253.68,84.13,55582.71,10,6.86,2,34344308.85,10150333.53,10575675.67,-425342.14,1197.56,10,61365.52,Energy optimization; Predictive maintenance,Low,85.38
FAC-017,Corporate Office,2026-12,343327.37,1108720.7,123064.04,51751.55,161203.0,2357450.69,3753355.03,91877.99,76.16,41620.25,6,5.19,1,17893190.59,8778146.94,7867686.33,910460.61,1270.83,4,26738.03,Energy optimization,Low,137.58
FAC-030,Corporate Office,2025-02,832192.9,1660272.09,242943.47,73296.18,169390.51,2311305.13,4000419.08,93490.42,82.34,82151.44,10,20.29,1,32433593.92,10670365.95,9140366.31,1529999.63,1294.49,5,44619.07,Energy optimization; Predictive maintenance,Low,135.31
FAC-020,Corporate Office,2025-02,370472.73,649731.1,142294.24,42775.84,126679.75,1148094.08,2798298.47,144567.54,62.71,52075.86,7,4.74,6,12311428.05,5644377.27,5280619.52,363757.76,1457.53,9,45963.7,Energy optimization; Vendor consolidation,Low,114.87
FAC-020,Corporate Office,2026-09,299176.26,944285.95,88196.97,66469.27,108965.6,1203815.22,4964538.06,143862.46,75.48,29710.12,8,4.2,3,14749814.22,8739142.56,7731112.82,1008029.74,1368.34,5,25737.15,Energy optimization,Low,108.72
FAC-010,Corporate Office,2026-04,197668.45,665854.64,57446.83,109225.91,77496.64,751017.73,2448339.7,171980.21,73.89,21569.46,10,26.52,1,12055678.9,5075784.16,4421583.27,654200.88,1169.73,5,21386.89,Energy optimization; Predictive maintenance,Low,98.22
FAC-005,Corporate Office,2025-01,318089.12,654539.41,105647.2,83638.09,108753.09,909425.41,1169165.32,156068.18,78.01,44250.11,10,10.36,1,11560263.34,3475213.51,3399678.61,75534.9,1494.36,11,47608.66,Energy optimization; Predictive maintenance,Low,102.54
FAC-024,Corporate Office,2025-12,561135.15,402645.67,198210.87,94407.64,82301.2,574076.1,1081709.25,110115.02,59.65,48855.32,9,17.71,5,5332930.52,3266134.79,2906390.03,359744.76,1700.64,5,39186.73,Energy optimization; Security process optimization,Low,291.72
FAC-024,Corporate Office,2026-04,275692.21,939540.66,94908.76,130079.28,123584.22,1608506.23,4254832.03,160539.06,75.81,32814.54,9,7.0,3,17556750.05,7209833.64,7492773.7,-282940.06,1425.84,8,8950.03,Energy optimization,Low,346.59
FAC-006,University,2026-02,385203.53,984741.18,113443.78,108527.49,61024.87,1396111.61,1786452.1,214423.05,60.37,50830.02,7,7.6,0,11795473.31,5049262.67,4936483.84,112778.83,1310.8,4,12861.95,Energy optimization,Low,117.75
FAC-004,Hospital,2025-11,527115.09,429216.72,202590.54,40420.04,157286.55,700039.52,1599302.14,239476.69,61.28,57445.86,7,0.89,5,6049385.65,3617249.78,3692856.75,-75606.97,1869.8,11,80309.26,Energy optimization; Vendor consolidation,Low,105.81
FAC-002,IT Park,2025-03,268894.52,2940521.05,102059.88,280162.05,81878.46,2678810.82,8129651.95,184532.0,66.7,27967.97,18,9.44,1,51734541.6,15307085.18,14564450.85,742634.33,1571.31,9,65971.6,Energy optimization; Predictive maintenance,Low,264.47
FAC-006,IT Park,2026-02,219767.31,387362.45,59063.59,35815.6,107682.21,539436.93,1175833.08,236182.4,81.58,30463.26,7,8.73,2,6966549.38,2764647.27,2702079.97,62567.3,2043.93,7,9728.83,Energy optimization,Low,225.43
FAC-014,IT Park,2026-10,192015.31,399185.29,72569.07,123483.35,111450.21,438999.82,962613.97,238102.81,51.41,16960.64,7,3.67,0,7521929.61,2531892.05,2465850.76,66041.29,1625.48,5,43656.66,Energy optimization; Space/resource optimization,Low,299.69
FAC-004,IT Park,2026-07,177894.62,776290.1,54165.58,143826.26,87672.55,832227.62,1686371.47,175781.76,62.03,18111.19,9,16.6,3,11543296.47,4168670.97,3880064.39,288606.58,1731.4,3,11644.03,Energy optimization,Low,96.74
FAC-019,University,2025-07,445767.8,1039797.44,181269.59,103078.84,217954.47,1469236.65,3503330.35,173375.08,70.27,41252.21,7,0.96,6,20167006.46,6680487.56,6952540.62,-272053.07,913.73,10,74807.68,Energy optimization; Vendor consolidation,Low,121.09
FAC-004,University,2025-09,481790.01,514833.49,172710.71,124955.0,96358.75,371070.43,1203463.0,236537.91,73.26,61791.57,11,8.82,3,8148652.48,3069954.54,3029008.59,40945.95,1829.11,10,99490.08,Energy optimization; Predictive maintenance,Low,212.55
FAC-014,Corporate Office,2025-10,591895.87,547439.22,190110.56,166622.28,119061.48,884921.21,1550717.33,174952.2,68.01,70415.44,13,9.03,2,7175683.15,4001633.97,4035609.57,-33975.6,1609.74,6,62811.13,Energy optimization; Predictive maintenance,Low,361.12
FAC-006,Hospital,2026-01,114616.72,174838.14,36479.24,134154.67,159200.43,253312.45,478323.72,151714.96,70.01,10301.18,20,15.68,7,2473228.57,1511877.7,1466161.08,45716.62,2376.27,6,18262.27,Energy optimization; Predictive maintenance,Low,134.79
FAC-029,Hospital,2026-04,364954.68,2252030.23,117977.09,46986.76,99267.0,2237429.64,4064077.92,335625.83,53.74,51136.58,8,2.38,0,33440034.4,11023122.9,9400372.06,1622750.84,1045.18,12,346626.5,Energy optimization; Space/resource optimization,Low,244.14
FAC-023,IT Park,2025-02,279543.01,949642.13,77747.95,38836.21,142672.04,1229456.15,2833840.57,244699.32,60.79,33437.52,7,1.87,6,19382760.02,5684250.33,5718689.43,-34439.1,1431.82,8,16344.94,Energy optimization; Security process optimization,Low,218.04
FAC-005,Hospital,2026-05,673122.09,115829.97,282221.85,69318.89,104319.43,130318.35,471862.96,284676.8,58.5,77363.2,5,5.75,6,2308203.09,1913284.78,1849448.48,63836.3,3314.42,7,35322.63,Energy optimization; Security process optimization,Low,116.03
FAC-015,Hospital,2025-09,422016.7,184730.16,171049.93,71664.42,77700.65,344297.94,468145.37,332492.87,93.49,38334.07,4,5.04,1,2947721.21,1816102.97,1901048.11,-84945.14,2185.11,9,54008.61,Energy optimization; Vendor consolidation,Low,322.21
FAC-014,Corporate Office,2026-03,302459.08,160813.85,124960.91,73710.55,145731.26,122132.68,232928.53,112149.72,84.98,31005.54,8,12.96,4,2569850.58,1065037.75,1149925.66,-84887.9,2290.69,4,13517.18,Energy optimization,Low,358.27
FAC-008,IT Park,2025-06,327501.13,3170021.37,123442.3,15239.31,127007.27,3777817.3,5510612.82,104473.32,70.3,33004.61,3,3.14,4,38048248.53,14228057.93,13032672.53,1195385.39,1379.41,3,13905.29,Energy optimization,Low,90.4
FAC-015,University,2025-06,386963.28,498209.47,145477.24,87394.59,82684.81,377324.01,1037903.64,182318.34,88.8,34457.53,6,8.85,8,6143990.02,2466415.37,2652798.14,-186382.77,1288.39,6,27940.37,Energy optimization; Security process optimization,Low,116.0
FAC-012,Corporate Office,2025-03,302031.71,452845.01,112591.3,150970.45,159190.7,630479.45,1092108.54,244900.27,64.56,38547.58,10,9.49,5,8711757.94,3441672.01,3032526.13,409145.88,1537.79,11,67064.68,Energy optimization; Predictive maintenance,Low,279.6
FAC-005,Hospital,2026-11,52523.74,1740057.66,19289.15,218332.06,158800.05,2500830.66,5027656.11,219714.76,67.28,6428.05,13,14.7,4,29855850.13,9316417.01,9917915.04,-601498.03,1655.47,11,41542.71,Predictive maintenance; Vendor consolidation,Low,124.58
FAC-022,IT Park,2026-09,103768.43,2137155.01,39586.51,59452.7,72510.12,1661675.38,3950086.9,225214.41,51.24,13282.68,5,5.03,0,32326239.69,8299664.94,8209862.95,89801.99,1183.49,6,248909.73,Energy optimization; Space/resource optimization,Low,158.12
FAC-023,Corporate Office,2026-08,318019.69,2027669.35,122614.37,61872.73,112790.91,1894668.58,3159480.1,152036.53,92.76,33990.61,5,9.58,2,24675037.41,8156885.05,7726537.9,430347.15,1148.59,5,26065.1,Energy optimization,Low,269.87
FAC-003,University,2026-11,564889.0,185767.53,193099.79,167440.53,120644.1,251593.99,533619.9,89978.26,65.97,58148.79,10,8.08,3,2784406.16,2166450.89,1913933.32,252517.58,1956.99,6,56619.42,Energy optimization; Predictive maintenance,Low,171.84
FAC-005,Corporate Office,2026-07,319037.21,140498.85,107462.98,89387.17,173702.15,301813.55,769089.59,244662.88,69.57,36288.96,9,14.81,0,2276245.29,2334875.34,2038191.4,296683.94,2375.51,12,48409.34,Energy optimization; Vendor consolidation,Low,310.64
FAC-003,University,2025-11,113577.58,1424557.16,46317.76,46627.12,52173.0,1264451.43,3099282.85,241492.97,45.59,11280.5,8,12.61,1,26097194.75,7063499.23,6242162.1,821337.13,1016.64,4,159403.69,Energy optimization; Space/resource optimization,Low,268.1
FAC-024,University,2025-01,746960.66,1652678.22,305408.38,104623.39,55664.6,2405998.67,6029476.07,131303.86,76.12,66739.48,6,2.4,1,33251080.46,12061016.49,11126705.46,934311.04,1586.58,10,44442.32,Energy optimization; Vendor consolidation,Low,306.64
FAC-002,University,2026-07,164472.49,2561840.42,50431.6,215811.44,108437.2,2044409.59,6307284.47,200822.35,67.72,16100.52,12,3.5,4,37839256.61,12827289.26,11603077.96,1224211.3,1706.33,10,44001.63,Energy optimization; Predictive maintenance,Low,176.07
FAC-005,University,2025-03,351181.88,1207163.74,121781.48,28811.25,181798.88,2485484.74,5838881.41,164601.77,71.02,32860.98,6,2.67,2,26394693.14,11812367.29,10257923.66,1554443.62,1500.79,4,19431.75,Energy optimization,Low,99.03
FAC-006,Corporate Office,2026-10,624724.62,1794868.89,224134.5,47849.04,82629.91,1651547.78,5834594.38,108300.32,80.81,61364.52,4,6.54,5,29865569.99,11672828.36,10144514.94,1528313.42,1261.13,3,26771.05,Energy optimization; Security process optimization,Low,357.83
FAC-004,University,2026-11,515247.06,1154057.81,202227.91,223606.14,152360.74,742156.08,2761164.32,318066.28,79.67,54181.73,14,7.56,0,14276190.94,6189299.97,5866658.43,322641.54,1850.1,10,67542.31,Energy optimization; Predictive maintenance,Low,86.75
FAC-016,Hospital,2025-09,382161.75,2365616.73,133961.42,103343.42,143099.26,3440008.86,3860393.2,367433.27,98.0,39237.83,7,7.21,0,39524694.12,10146872.0,10662056.5,-515184.5,1273.39,11,83741.76,Energy optimization; Vendor consolidation,Low,277.36
FAC-007,University,2025-09,228814.7,277336.02,85652.53,112016.77,164142.95,203925.63,787101.81,200354.29,75.37,22602.55,9,14.28,4,5496148.72,1861060.72,1973692.17,-112631.45,2011.92,6,10414.64,Energy optimization,Low,229.18
FAC-013,Hospital,2025-05,131978.9,2445784.96,51288.64,141080.59,81994.53,2761571.08,4876868.57,244451.19,64.83,12131.38,8,8.91,6,34245712.54,10020444.75,10683729.82,-663285.07,1283.95,8,17940.22,Energy optimization; Security process optimization,Low,151.82
FAC-014,IT Park,2025-01,662807.47,468583.53,178595.89,264338.34,171325.99,486126.96,746822.81,260164.37,76.91,80812.67,16,33.25,1,7985330.52,3494167.74,3060169.47,433998.28,1970.49,12,122892.49,Energy optimization; Predictive maintenance,Low,87.75
FAC-007,Corporate Office,2026-02,470897.32,1368265.48,134554.99,117969.09,177565.06,1863419.34,4346965.44,223446.6,76.41,57214.68,8,3.54,2,18999397.92,8461860.96,8568528.34,-106667.38,1671.91,8,15886.39,Energy optimization,Low,230.97
FAC-029,Corporate Office,2026-09,580875.23,1046921.11,157330.65,85120.12,163309.79,1325656.39,2705167.03,186167.26,64.49,63469.06,7,24.25,7,23231422.22,6282103.05,6093216.92,188886.12,1187.3,11,82489.58,Energy optimization; Predictive maintenance,Low,323.34
FAC-019,Hospital,2025-05,231710.54,1579217.53,67135.37,47556.5,192129.91,1688446.69,5468582.9,142248.69,65.5,32680.52,4,23.69,7,22845328.94,8810257.34,9349892.77,-539635.43,1330.76,4,29793.62,Energy optimization; Predictive maintenance,Low,149.22
FAC-013,IT Park,2026-01,848204.02,363714.7,320257.62,165505.89,83033.33,362531.98,832499.76,172513.87,67.95,79351.66,11,6.68,4,5155439.02,3140262.74,2828003.55,312259.19,1976.24,5,70763.52,Energy optimization; Predictive maintenance,Low,115.86
FAC-020,Corporate Office,2025-12,505840.05,1433409.51,155332.5,146652.2,64625.0,2231500.45,3741282.49,140063.19,78.87,48616.55,15,26.45,2,19571231.27,9445834.53,8263372.89,1182461.64,1157.34,4,44657.97,Energy optimization; Predictive maintenance,Low,301.67
FAC-019,IT Park,2025-01,46457.65,807094.49,14833.06,147741.39,128021.42,722323.82,1290029.85,129461.02,40.48,4871.62,15,26.32,0,13969385.92,3320785.17,3271129.64,49655.53,1264.94,3,69862.84,Predictive maintenance; Space/resource optimization,Low,142.25
FAC-029,IT Park,2025-05,422915.01,94282.23,122078.66,60680.68,81211.43,157202.25,389259.47,206172.65,46.5,47961.1,5,8.2,3,2065216.52,1313266.46,1411723.72,-98457.26,3109.52,3,47257.02,Energy optimization; Space/resource optimization,Low,260.99
FAC-015,University,2026-01,494472.51,221403.14,207011.19,87279.85,205311.05,259365.32,614237.26,268503.25,55.58,64575.24,11,13.0,4,4071263.8,2412891.01,2150572.38,262318.63,2551.09,7,27074.43,Energy optimization; Predictive maintenance,Low,152.82
FAC-008,Corporate Office,2025-07,211249.48,719401.4,59747.35,27713.61,131941.56,536988.0,1974601.86,251710.66,67.55,18960.35,6,20.93,2,11291335.5,3597343.11,3853606.56,-256263.45,1588.46,12,42296.98,Energy optimization; Predictive maintenance,Low,169.66
FAC-020,IT Park,2026-06,352130.6,1699942.25,124196.15,137689.88,87934.49,1949977.61,5609861.48,163392.04,81.34,48485.67,11,4.71,3,27431626.04,10505855.71,10000928.34,504927.37,1003.0,5,28221.17,Energy optimization; Predictive maintenance,Low,142.56
FAC-017,Corporate Office,2025-12,526953.56,546067.41,186025.29,60051.83,127980.42,741438.83,1948768.06,257255.8,73.6,53907.95,6,13.88,2,8153541.77,4945671.77,4208515.91,737155.87,1713.57,7,21301.19,Energy optimization,Low,97.38
FAC-007,IT Park,2025-06,306654.18,1862398.68,110045.27,67434.2,163256.01,2077604.07,4775905.87,269851.3,91.8,33949.74,9,9.2,0,33458153.68,9928616.36,9523104.31,405512.05,1449.7,7,17864.43,Energy optimization,Low,107.36
FAC-005,Hospital,2025-04,223174.34,668010.46,87333.73,70672.34,140364.09,774367.79,2797026.12,245943.26,70.59,23598.29,5,0.66,6,8026587.79,5363224.61,4919558.4,443666.21,1658.09,7,29174.35,Energy optimization; Security process optimization,Low,242.26
FAC-005,IT Park,2026-02,273455.96,1932710.44,88101.74,208960.46,58743.67,3435662.58,6869907.52,196032.01,50.9,35136.48,13,7.56,2,32934796.23,14724209.79,12975472.63,1748737.16,1539.38,11,304034.0,Energy optimization; Predictive maintenance,Low,92.2
FAC-001,University,2026-05,446612.3,3133756.99,164157.31,160995.36,143120.36,1903221.09,6954995.36,106510.41,60.65,59118.65,12,6.82,1,37861478.15,13180732.45,12849211.88,331520.57,1533.14,5,37976.16,Energy optimization; Predictive maintenance,Low,314.94
FAC-011,Corporate Office,2025-08,803118.56,1362971.04,245622.2,20837.07,51964.86,2712939.73,4623761.88,312303.13,80.77,73191.53,2,14.91,0,21972743.34,11489149.72,9887896.28,1601253.44,1478.01,11,90648.06,Energy optimization; Vendor consolidation,Low,396.92
FAC-009,Corporate Office,2025-10,454451.27,1422826.85,151831.62,42410.38,196573.36,2441170.96,2764338.93,112308.48,66.23,51702.24,4,9.32,2,21747863.08,8755530.99,7434080.24,1321450.75,1247.33,4,30906.86,Energy optimization,Low,124.57
FAC-013,University,2025-01,144015.66,840141.52,36164.94,85394.93,176085.07,1637877.81,3936080.7,164986.11,66.45,14225.9,12,3.87,1,14416486.52,8041590.65,6984581.8,1057008.85,1444.29,3,14884.81,Energy optimization; Predictive maintenance,Low,332.81
FAC-007,Hospital,2025-07,283428.19,1210404.44,93589.69,18060.38,236315.96,2046223.41,2424959.67,181763.37,63.86,28239.26,4,1.96,9,23212901.77,6028295.22,6401155.41,-372860.19,1193.8,6,22901.65,Energy optimization; Security process optimization,Low,121.51
FAC-005,IT Park,2026-04,198234.58,317477.09,72315.49,109163.49,171858.38,409542.9,1276391.09,242517.53,57.19,26264.02,7,3.21,4,4768552.67,3100065.72,2725185.06,374880.66,2020.15,9,45047.84,Energy optimization; Vendor consolidation,Low,246.58
FAC-028,University,2026-08,369954.85,1218669.14,146217.69,84666.64,123506.31,1879060.55,3126754.55,189859.23,67.83,35514.76,13,1.4,3,21651213.9,8118069.54,6992471.27,1125598.28,1280.67,3,34287.34,Energy optimization; Predictive maintenance,Low,240.85
FAC-010,Corporate Office,2025-09,67424.09,225311.9,22886.44,122363.97,113568.76,278320.88,607159.89,299478.04,67.01,6977.13,12,0.95,1,3403105.69,1857281.59,1713627.53,143654.06,1800.03,10,37116.59,Predictive maintenance; Vendor consolidation,Low,141.16
FAC-026,University,2026-06,336811.91,704435.46,138446.76,145193.52,146547.94,824384.03,1822961.16,287004.08,56.29,32986.3,14,6.8,4,8345201.49,4735846.1,4267338.12,468507.98,2014.8,12,68330.35,Energy optimization; Predictive maintenance,Low,111.3
FAC-026,Hospital,2025-11,396112.71,645724.46,107618.91,144657.34,160472.74,363254.17,837654.38,236618.44,81.97,37928.86,12,29.02,3,8260292.68,2728089.12,2784494.24,-56405.12,1794.13,6,28043.99,Energy optimization; Predictive maintenance,Low,189.81
FAC-008,IT Park,2025-09,294809.18,1293922.77,77279.29,32309.6,97317.54,1632096.31,2044544.33,140373.98,65.57,29242.52,6,4.94,9,16212964.33,6379181.16,5535373.71,843807.45,1322.99,7,23180.92,Energy optimization; Security process optimization,Low,237.03
FAC-010,University,2025-08,389110.27,1777067.44,115176.57,171307.99,64050.47,1583619.84,5650816.4,257130.97,81.68,44907.02,10,2.72,4,20955698.87,11119955.01,9893103.39,1226851.62,1547.01,8,51900.52,Energy optimization; Predictive maintenance,Low,342.91
FAC-004,Corporate Office,2026-08,143804.39,234493.36,46813.38,89084.82,80833.65,451165.04,977197.36,299993.4,82.52,18983.74,9,20.88,1,3744339.57,2435672.74,2276572.01,159100.73,1558.23,11,51123.11,Energy optimization; Predictive maintenance,Low,294.23
FAC-010,Corporate Office,2026-06,476359.3,1339397.79,149580.73,19952.1,79161.73,1562652.52,4336333.96,275750.48,64.74,48910.22,4,16.05,1,26483367.93,8864307.63,8089607.88,774699.76,1039.39,12,47758.22,Energy optimization; Vendor consolidation,Low,273.18
FAC-012,Corporate Office,2026-05,332682.33,2153970.35,137476.56,86212.7,116404.06,3207695.39,6702156.85,180881.62,68.46,40829.75,9,10.68,6,45519290.08,11892548.2,12780003.3,-887455.1,1304.08,3,20238.93,Energy optimization; Security process optimization,Low,90.61
FAC-026,Corporate Office,2025-08,511788.91,461665.15,130626.73,39163.87,77301.47,858087.76,2910506.12,265114.46,80.33,55393.8,4,6.35,4,9868046.4,5677123.91,5123627.74,553496.17,1393.81,8,27999.3,Energy optimization,Low,321.5
FAC-012,Corporate Office,2025-05,648983.66,1215876.09,181214.81,54933.8,155708.81,802249.75,1945231.39,319103.42,54.84,61867.48,4,2.63,3,15519366.24,5693866.53,5142086.92,551779.61,1299.49,10,151660.03,Energy optimization; Space/resource optimization,Low,131.89
FAC-017,University,2025-08,384630.39,2562491.95,147101.75,97244.62,93181.11,2623530.06,7076364.03,156053.72,86.25,45380.55,7,4.65,2,32332520.77,14468055.56,12993495.88,1474559.69,1507.19,10,33649.99,Energy optimization; Vendor consolidation,Low,112.45
FAC-018,IT Park,2025-12,501312.45,1750606.4,168671.04,47564.74,174305.09,1642144.76,6298591.42,150254.85,86.06,64741.6,10,6.48,0,27916554.67,12309692.25,10564779.71,1744912.54,1473.88,5,48910.18,Energy optimization; Predictive maintenance,Low,173.15
FAC-025,University,2026-07,98367.71,261876.48,27215.6,117124.71,186154.88,191996.95,487611.27,322501.18,94.73,10477.78,15,22.33,5,4090309.67,1587415.86,1665633.17,-78217.31,2033.74,10,57530.95,Predictive maintenance; Vendor consolidation,Low,125.82
FAC-005,IT Park,2026-07,373109.07,1754321.66,127127.46,92570.56,102888.0,1404883.11,2947057.49,268900.34,63.04,46877.5,13,48.37,2,23440614.85,6933677.28,6943730.23,-10052.96,1250.45,12,65289.32,Energy optimization; Predictive maintenance,Low,357.15
FAC-014,University,2025-12,682636.04,931297.8,263737.65,112723.68,119213.66,1263140.7,2180193.93,303626.49,74.2,66107.01,11,8.55,3,15313111.26,5252641.65,5592832.3,-340190.65,1176.2,11,100084.18,Energy optimization; Predictive maintenance,Low,138.95
FAC-005,Hospital,2026-08,234428.35,1757381.72,84389.55,14168.22,83579.91,1940110.19,3014641.69,258325.02,82.27,23424.71,1,5.64,1,21509600.21,7253440.72,7302635.08,-49194.36,1278.7,10,36040.32,Energy optimization; Vendor consolidation,Low,150.24
FAC-029,IT Park,2025-02,215041.32,1444689.35,54322.57,27577.34,137362.03,1769943.94,2819373.03,190885.58,69.89,30315.19,6,7.74,5,18528159.68,7613260.68,6604872.58,1008388.1,1276.3,4,20119.32,Energy optimization; Security process optimization,Low,399.82
FAC-025,University,2025-04,337162.23,1648687.62,137798.51,96032.31,169120.34,1309070.52,3319316.34,266203.25,73.67,34967.12,9,11.72,2,26115441.47,7659031.69,7145592.62,513439.07,1518.72,6,18766.08,Energy optimization,Low,366.46
FAC-027,Corporate Office,2025-10,227053.15,2460724.59,65229.35,135850.87,76656.17,2733453.93,6151113.7,233811.42,89.07,27294.76,9,22.06,1,47368580.95,13832874.65,12018663.83,1814210.82,1353.61,8,29418.67,Energy optimization; Predictive maintenance,Low,165.0
FAC-016,Corporate Office,2026-01,624450.15,269180.39,205103.91,30743.3,124562.7,403239.08,900054.86,149213.97,54.67,80411.52,6,8.19,1,3809632.05,2330639.23,2501444.45,-170805.22,2552.49,8,105195.86,Energy optimization; Space/resource optimization,Low,149.46
FAC-027,Corporate Office,2025-10,453753.07,1042285.94,179273.6,176871.4,160915.88,861231.71,2152317.91,150577.39,58.89,43331.41,13,13.45,2,12317041.37,4980335.19,4997953.31,-17618.12,1271.1,6,67131.17,Energy optimization; Predictive maintenance,Low,289.98
FAC-007,Hospital,2026-06,149562.83,1403573.31,46650.4,133414.15,117017.46,1314679.68,4185154.62,132359.22,53.61,14123.66,8,11.89,9,20241413.72,8532970.96,7435761.29,1097209.67,1388.3,7,83534.3,Energy optimization; Space/resource optimization,Low,281.36
FAC-018,Corporate Office,2025-11,322977.61,1722904.53,111478.49,253017.54,167273.86,3140274.67,6573539.19,128199.49,66.28,41773.31,16,9.68,2,30761361.77,13325385.34,12308186.88,1017198.47,1423.24,6,40230.55,Energy optimization; Predictive maintenance,Low,101.91
FAC-029,IT Park,2026-04,113172.12,1935473.33,44217.39,72542.09,189924.41,1120930.41,2710656.33,141399.93,84.12,15703.79,7,4.98,2,28868172.69,7044663.52,6284098.62,760564.9,1121.16,3,4860.97,Energy optimization,Low,100.23
FAC-022,IT Park,2025-10,275917.14,1307727.53,80489.02,73673.78,66811.51,1140836.49,3950935.63,99977.18,77.64,34274.49,10,1.94,1,24955761.1,8062241.01,6915879.25,1146361.76,1125.08,3,29560.45,Energy optimization; Predictive maintenance,Low,196.05
FAC-027,University,2026-07,390157.36,1913890.04,151240.03,276818.32,149349.15,1593272.98,4385087.92,129832.51,69.8,34453.13,21,11.16,0,24813078.27,9010289.77,8838408.28,171881.49,1865.04,3,48620.32,Energy optimization; Predictive maintenance,Low,143.44
FAC-025,Hospital,2025-08,82724.94,586362.14,23182.68,74531.41,120832.32,367568.9,1446825.21,342474.42,64.26,11584.55,6,9.22,2,9320728.06,3015727.98,3021319.34,-5591.36,1737.39,12,36006.74,Vendor consolidation,Low,123.62
FAC-010,IT Park,2025-01,540968.17,498433.83,214795.58,156052.98,161259.88,564623.71,1768532.0,286878.53,79.4,53859.4,10,12.49,3,6273897.26,4547352.77,3976749.09,570603.68,2021.73,6,63319.87,Energy optimization; Predictive maintenance,Low,145.41
FAC-028,University,2026-04,197292.56,2426385.86,64331.31,87798.68,181951.63,1445882.41,4914080.46,255537.86,64.3,19093.98,5,7.02,2,33879058.08,11136368.58,9508929.46,1627439.12,1389.79,8,18960.49,Energy optimization,Low,267.55
FAC-003,IT Park,2026-11,281562.08,2320608.19,79616.1,40448.45,62073.23,1527784.6,5092316.28,279244.19,68.0,36227.37,3,9.4,1,41184187.5,10424065.48,9604037.04,820028.44,1293.12,12,56675.04,Energy optimization; Vendor consolidation,Low,294.04
FAC-019,Corporate Office,2025-08,329818.79,746886.23,91814.95,212077.97,156022.35,760008.08,2668444.55,133513.92,81.73,34798.0,12,9.16,6,10057608.86,5730448.0,5006771.89,723676.1,1631.4,5,54753.25,Energy optimization; Predictive maintenance,Low,216.79
FAC-002,IT Park,2026-08,113983.64,264665.55,28722.43,109856.73,70295.17,259511.29,646759.53,326429.48,80.86,14324.22,8,23.73,1,3576727.79,2102992.27,1791501.39,311490.88,2250.63,12,68654.94,Energy optimization; Predictive maintenance,Low,122.67
